Date,Open,Adj Close,Volume,High,Low,MA_33,MA_89,MA_233
2019-11-18,1.8572652614238976,3.185654101857395,-5421969.661643405,1.334769964230354,3.0222032287634377,,,
2019-11-19,4.75420918017965,5.460746220459981,-39814.14662404917,5.201356471166022,5.65154177474583,,,
2019-11-20,3.639897395513629,2.071793661172244,-1207471.9545200393,2.3619187900152454,2.862772379196464,,,
2019-11-21,3.966821324461272,4.490372552824894,980441.6668734924,4.057169116925202,4.163134987169492,,,
2019-11-22,5.311886470617864,4.570527752751126,836978.1210288387,4.775876784222859,5.049167441988054,,,
2019-11-25,2.718610206884449,1.3866166414344008,-1813999.077967666,2.527948985551447,2.458918692914615,,,
2019-11-26,0.9611132683373782,0.1588462811939806,1596267.700119244,0.5298388689808249,0.5868334975352241,,,
2019-11-27,2.267761136371483,5.078118898371287,-870038.7082001977,4.157889158029548,3.419382754110856,,,
2019-11-29,4.06315819685765,2.417937062767137,1028292.9506807746,3.0518087932640228,3.6835711826443,,,
2019-12-02,2.788319880447901,3.5162124143836806,-846614.7881417256,2.654718704031417,2.56987577444319,,,
2019-12-03,4.171236789634051,2.439380480706077,-1314932.2628832571,3.620949392718941,3.477497343041854,,,
2019-12-04,2.930569600764344,2.0863843155987496,539619.6028554318,2.615150842096781,2.7464678657683947,,,
2019-12-05,2.971860389763449,6.190279094311393,1349651.045878061,5.34182107167333,4.009629783976578,,,
2019-12-06,4.613761482286414,-0.1192967140077527,6236980.7186692245,3.3281722389980217,1.6478258748255428,,,
2019-12-09,-1.5790015373566533,-1.0003218779187222,2464998.9865611736,-2.119786157613227,-0.8866791863728878,,,
2019-12-10,-0.6312033046668333,1.3573358302460043,-3633662.419484281,-0.1424936673517649,0.7385991652304256,,,
2019-12-11,2.955552082573007,2.7328355251356413,-585808.9040293526,3.96505638901894,3.589600766081766,,,
2019-12-12,3.431433779697912,3.879588499341864,121505.53661277612,3.2147930947692345,3.698179861163787,,,
2019-12-13,4.289066045963139,3.7713417608014623,-1832825.4278468792,3.4903809688613947,4.430890266040137,,,
2019-12-16,4.3828913735018205,5.689718062673421,634785.4615549939,5.168880246156071,4.914076963165357,,,
2019-12-17,5.402830334791595,4.475859755859474,332347.56306359265,4.529559181291582,5.135783989958242,,,
2019-12-18,4.586514626381991,2.361840678351008,-490549.6970664058,4.134275691385625,3.220231945945621,,,
2019-12-19,2.2147933723542224,2.1301278700607043,1087480.7572847027,2.088777100902284,1.5394678282790082,,,
2019-12-20,1.1962752875281524,5.430957210735137,7720402.591602337,4.589040199086867,1.7125099527404188,,,
2019-12-23,4.581376481206171,1.8100119136977213,8973088.115980566,2.630624495411091,3.7798670006685375,,,
2019-12-24,3.987498289482204,4.8872363477282335,-3877529.658339766,4.214105975754499,4.432250535169182,,,
2019-12-26,4.582587463875143,4.969188150705982,-983610.2414952844,6.023845928657501,5.327344950660859,,,
2019-12-27,5.964724028935038,5.7763163260441885,-729608.6002821112,5.870753091895558,6.608404976431558,,,
2019-12-30,5.107787578137135,2.929622007964141,-2437504.764146018,3.682390881565908,3.688093923575508,,,
2019-12-31,2.756082263059561,2.8768827204880694,-1383322.239745385,2.210339601884442,2.839925179976241,,,
2020-01-02,4.712898670605803,3.9359904137831663,-163721.6069596894,4.578783600214635,4.575630147683853,,,
2020-01-03,3.4205011202389315,4.847398759622401,1092420.614617196,3.696747438554127,2.3801630585673763,,,
2020-01-06,4.151503874030759,2.4785267045704984,-1322586.7011436503,3.933717545194192,4.079631935911557,3.28103119465803,,
2020-01-07,2.761309325624019,4.575151328942276,3087815.438054462,3.4720780313789774,3.7905247837987934,3.3231371712363598,,
2020-01-08,3.8610699940281137,3.4637820254971885,-3945991.497517605,3.6464137730780735,4.37498129696268,3.2626231047223357,,
2020-01-09,3.997257582403158,3.640727025438743,59719.97072670981,3.343627623139838,3.50568173724988,3.3101665400031384,,
2020-01-10,4.448570331269828,5.5225716574620165,804308.0392192453,5.470889743535636,5.250941292623615,3.3414453007497182,,
2020-01-13,4.4951426672882135,4.812449884696093,-229351.71136571,5.414153558794851,5.086741346047766,3.3487762744450205,,
2020-01-14,6.675685285398082,6.375586802513233,874232.8808246618,6.590814418218535,7.025731156688515,3.499957188417106,,
2020-01-15,5.483490053433059,4.908649115273981,-2339764.165994878,4.742539208763837,5.0198624201120055,3.6438906076316515,,
2020-01-16,4.0602485758114994,4.573805912252887,-351938.0752819511,4.466136163514378,4.678787539618945,3.6286083959310935,,
2020-01-17,5.447709998167156,4.51951971891836,-1221794.8616618533,4.74034896814706,5.105074461651149,3.6922927188447674,,
2020-01-21,2.871338161640182,0.0614261371367987,3358297.480289692,2.5210591751000777,0.6140261075386348,3.587602225594862,,
2020-01-22,2.8841302219051244,3.221937202411574,643160.6830093609,2.818175433986028,2.12781524157996,3.6113160656465433,,
2020-01-23,0.7833085753430709,3.615043601672184,-649180.3714563688,2.4938314864883253,2.270705161745852,3.6576390743154352,,
2020-01-24,6.239401566244808,4.8834659466425165,2430197.558959134,5.914784004076594,6.094195989905842,3.618038675901227,,
2020-01-27,4.361914849037255,5.56019858779586,-82705.4541323455,4.921823878251658,5.21426869357861,3.7901445941377006,,
2020-01-28,4.993987381576751,5.037250532764908,-2318384.093401785,4.777579800996527,5.596970998696591,3.973101333855386,,
2020-01-29,6.288918149239933,5.13589289197796,3478035.006935833,6.069598432408476,5.691156293262594,4.087603062998779,,
2020-01-30,4.317342602366495,4.9755083385244205,-3102254.179760025,4.185235240788444,4.1814861540457,4.155562845222682,,
2020-01-31,5.835580057563277,4.212877357821903,755442.969759237,4.954243205708707,5.198764997997245,4.165662507600864,,
2020-02-03,3.453894230515381,3.4168164724037737,902606.3315328332,3.5196573925743664,3.4236364399058985,4.154919317043359,,
2020-02-04,3.275578076066644,3.7910591415500647,-1113590.9611587117,3.114501882569357,3.360038343927137,4.097384198221438,,
2020-02-05,3.662662809446658,2.2863069422884124,6109861.02166369,3.644518090684059,3.0837859294009675,4.031034112961708,,
2020-02-06,2.634239890405929,3.722860482329125,-4714548.379290387,2.644470550790622,3.0020954884776287,4.072277137324683,,
2020-02-07,3.910269798111528,4.923509313764676,-534617.4859627201,5.08120260255302,4.832508791913,4.156925059861166,,
2020-02-10,5.029774274388316,3.5038605064085218,-1195864.572668327,4.132248124328804,4.644253076660654,4.098528190033088,,
2020-02-11,4.42862777573238,4.990409578994189,-383442.26787879504,4.918502069410472,5.067522733298205,4.194903876860253,,
2020-02-12,6.115963574976227,6.74393094634744,1837880.567725068,6.48727304401158,6.491016112838928,4.251167349545684,,
2020-02-13,6.06728945880208,4.145349148430839,-1875752.3645842248,5.431262169105061,5.0836122667979495,4.226202531294922,,
2020-02-14,4.79714558429643,4.948849134512116,-1769241.844834127,4.382585229031932,4.860117809299261,4.201127767915162,,
2020-02-18,4.932812804432423,5.305726283455606,1104128.8907012306,5.028017891984575,4.926731120545639,4.273130927778539,,
2020-02-19,4.932988351728568,3.952045105868841,42382.99162163213,4.50862383363615,4.514884550412866,4.3057116061234115,,
2020-02-20,4.452602575045603,3.1658101293958083,327892.0924447682,4.784446382216075,3.857710352013946,4.282372809626825,,
2020-02-21,2.27099869998294,4.684258318648197,302583.8552583381,3.4348205817311523,2.7798129747662443,4.2774291599003345,,
2020-02-24,5.282034271023214,3.861895947067538,-857855.821303966,4.133975658143072,4.706505702884478,4.319349439976001,,
2020-02-25,3.3970072556048265,4.215927172773547,-1637667.5194234825,3.890344264282554,4.45144577695558,4.308463859486039,,
2020-02-26,5.059463984874206,4.061025790369619,-215244.1769499546,4.226023849759528,4.714081536837028,4.326562155391265,,
2020-02-27,4.268184070524747,5.4234895744496825,117708.1232657251,5.1778180390914414,4.349641485729336,4.380585262937052,,
2020-02-28,5.763628500092992,4.78165809331604,762583.487967277,5.563540450389198,5.663250509526215,4.35813333675081,,
2020-03-02,4.42503690623554,4.942888560006679,-462805.59347905824,4.711051907209445,5.178443277245613,4.362086023881433,,
2020-03-03,5.221112461292087,4.055046808218577,170798.8932128558,5.344854953275195,4.513787282795654,4.291766630114928,,
2020-03-04,0.8298168232426661,1.2961159575716437,5762003.999571572,0.9175146475705064,0.940308551976706,4.182295928366373,,
2020-03-05,3.925046743194251,5.056592002145571,-937511.1644442072,4.470972980538576,4.160494245049421,4.196925809878272,,
2020-03-06,4.599724090338995,3.5480352149836776,-2351953.3977619554,3.890552531067499,4.598947441500791,4.167486885516615,,
2020-03-09,4.312703353686466,4.675906849048474,-851180.705952907,4.621831449180483,4.464482962440158,4.3073196343624245,,
2020-03-10,4.711425767916317,5.375176740731881,378203.2891730704,5.041334380287793,5.055520164196452,4.372569317341827,,
2020-03-11,5.931268794356669,4.612570153750212,461204.3134593051,4.928221783634292,4.695198835918056,4.402797394677525,,
2020-03-12,5.044830650567761,5.113958895945089,-103798.14035767505,5.404899111443932,6.039314302903406,4.409782029504876,,
2020-03-13,4.996522643489357,4.52669689596388,-311349.6129645994,4.48802857651129,4.654820697355824,4.378463796419059,,
2020-03-16,4.618822613988186,4.470072303442166,-719103.4166441392,4.553987633871415,4.879652556564501,4.361276577348672,,
2020-03-17,3.559690655412332,3.1605767745956967,2476963.890463421,3.388910055427587,2.849949858289719,4.301418513185573,,
2020-03-18,3.8084392710354606,3.667611564504085,908918.7627411784,4.708914626275607,3.83536652370632,4.261785277609199,,
2020-03-19,3.9232744355826696,5.403399379548738,1021218.8938275352,4.643779304038134,4.735543556360724,4.297861702510012,,
2020-03-20,5.646702770694326,3.874637403542877,1013562.8943532994,5.268674004473333,4.954647396347383,4.311735064059682,,
2020-03-23,4.493054829452056,6.036172123575774,-627826.1695520179,5.317697868070312,5.022349216659322,4.379768790787734,,
2020-03-24,5.816578362331548,3.655808070009456,4522735.537185538,4.814201434816113,4.566120877398653,4.4212688249611,,
2020-03-25,6.091459339020169,6.55115148804105,15131874.165701794,7.987753947550644,6.365199320269923,4.506974613012975,,
2020-03-26,6.060914853672585,4.68480821999708,-8286944.973746681,4.57637542367911,5.61645547842226,4.499741246535169,3.9775492919039834,
2020-03-27,4.7379809710810505,4.200390882010531,-2579309.821538553,4.0905355278015705,4.488662625254591,4.520848227614018,3.988950828759637,
2020-03-30,4.030014239082021,4.024510395041602,-2295680.8011861807,3.798001107974762,4.260527303570626,4.491578555373031,3.9728133475751606,
2020-03-31,2.514477328247388,2.1531457528523177,2139881.437055347,2.252243805153924,1.9981559513934712,4.352463852539845,3.9737274160210037,
2020-04-01,1.8691681784354583,1.6953718335664547,3726085.8095817305,1.737314695653069,1.8379245052443665,4.2782221157257725,3.9423229135574265,
2020-04-02,3.156619929097239,4.101210076262731,-667858.733531192,3.282605314398268,3.552934586368401,4.25253608365761,3.9370496812373315,
2020-04-03,4.071850363164032,3.9787375724677143,-2902666.025518259,4.181973056733909,4.213070308288152,4.212324304536764,3.9661746355186054,
2020-04-06,3.752189899471389,3.5165533382191683,-347250.656509846,3.462171324275694,3.951572221427199,4.199127584304956,4.003901681103158,
2020-04-07,4.000294585460438,1.9407140059488055,2651141.211986456,3.647298077880194,1.6707747964723223,4.162003459352017,3.9686499407388602,
2020-04-08,1.6586816334437415,3.814106871914405,-2415812.5397819025,2.4844102018094603,3.426741395366008,4.135635233693417,3.9843372419652336,
2020-04-09,3.1308411712600304,2.10115312757236,405930.06326957885,2.6105426815304043,2.800213665054756,4.082279390678412,3.9684376994167923,
2020-04-13,2.750216280105008,3.081432053170559,1589092.1328178206,2.509259122448356,2.929813249110829,4.0479007506904425,3.9756517620287526,
2020-04-14,3.575264968684735,6.224359708330361,3744989.488991397,6.109578458760616,4.270139025439704,4.11345632396198,4.0221458675650625,
2020-04-15,5.135840675588298,1.217552193714397,2353066.919665848,3.7277097875740353,2.466065863528307,3.9860036760609105,3.9662725316032987,
2020-04-16,1.3118348078261732,2.147299048864681,5491723.2394617535,1.3407036518912037,0.5372805861828169,3.9061746141078393,3.9917398997254607,
2020-04-17,-1.5342774419065748,-2.5109979624409178,9655440.510060292,-1.4523343648315643,-1.310955520676799,3.6802992649427604,3.974766011135324,
2020-04-20,0.3580763176853523,-0.1539571100403591,1255382.2754398808,0.0534296290763052,-0.1267993106738529,3.5527536916621867,3.9577851915815443,
2020-04-21,0.2286971574860672,0.7268639724756483,-3122952.705778042,0.3754255698121369,1.310265090883206,3.5355036315077624,3.9352461853718816,
2020-04-22,1.1401550404054817,1.0910764377589717,-1819035.2531999005,1.2397575557241538,1.2650917744319656,3.415336493193017,3.903914589174321,
2020-04-23,2.1267828119964136,2.8543883595971096,-1206452.2303736396,2.378416123677773,3.048521046632331,3.3943168915146362,3.893611741969778,
2020-04-24,3.050594906767863,3.07720240316079,-1717466.7927837698,2.956831345673727,2.882612209847345,3.3458713022453126,3.864257633435928,
2020-04-27,2.900636701867974,1.9867722619984107,353827.05674485955,2.958365300471129,2.564203106649657,3.243192378647329,3.8362903582240055,
2020-04-28,0.0653753100958027,2.1575690244502823,-1123847.4339756535,1.2084195871956922,0.8999729765728688,3.1687984050321796,3.8339951711015257,
2020-04-29,3.3534629804406606,2.121702071364993,4356499.874453956,2.144742669443069,2.278437655183957,3.0781239558024795,3.833900499206069,
2020-04-30,1.133887358633018,3.4259289027921227,-1261394.3170781014,2.827536140346417,1.2124293550038914,3.04476734994879,3.811372091251653,
2020-05-01,4.6151592154296,3.4889213820329275,-895955.3656585086,3.3944499954099,4.366875296894207,3.0150355038454797,3.830236242581262,
2020-05-04,3.580206528057346,2.5031754840549567,950106.0752748158,3.790988526457987,3.5776938887915506,2.9951142526169723,3.8034490418658318,
2020-05-05,2.122139009687004,3.243392374926032,-1969352.340937103,3.2741646340510115,2.973221102283325,2.9822591256600615,3.7840580780930235,
2020-05-06,3.1459076960586145,3.4452795968654755,-535359.292660987,2.7473033698038094,2.874812280728939,2.9229221625484474,3.7578666541696673,
2020-05-07,3.755079392526135,4.2834907897460255,1731641.4473416898,4.393283336972843,4.508569105712112,2.935311659100058,3.7730786629537327,
2020-05-08,4.437292919233464,3.945211646434679,-2389969.4654374933,4.0909742919146765,4.611082322989219,2.871949220398813,3.785082358750886,
2020-05-11,3.8354232213933983,3.4395557292321044,2716848.081932336,3.6539234608142976,3.803881125093284,2.8653961191631354,3.7795044409469414,
2020-05-12,4.567079457604905,4.581246268642467,-315404.491669246,4.399624505203747,4.195999858094531,2.805702021605603,3.7765139635202005,
2020-05-13,2.7174305412189383,1.5797922764360877,-279180.94328575674,2.556961550457906,2.522707191915828,2.7116106293764815,3.766415823878241,
2020-05-14,3.01908572205182,4.907248516414612,-399228.31815888174,4.06017169782146,3.6243985514469017,2.7330305576917566,3.7701472529509634,
2020-05-15,4.558962935673733,3.7495057856451126,145298.55451704282,5.193869717302832,4.83646829382166,2.724697084679742,3.7733576322784685,
2020-05-18,5.063271505171244,4.338855459114093,-1493063.1935006296,3.968521915377849,4.83884005899094,2.79093071214222,3.7812017719826856,
2020-05-19,4.516196215391311,5.352360525683913,-584840.7660270557,4.826091368008811,4.713763062998801,2.9017485512972945,3.7792892873559656,
2020-05-20,5.778397271887961,5.167254833858728,558093.1504600393,5.402392500252681,5.9803460715994845,2.9340529378911127,3.7832758598184673,
2020-05-21,5.604189591113759,5.924658523806578,847120.0193473194,5.986390462995502,5.885090930107992,2.9930202394468357,3.7782092499453586,
2020-05-22,6.106388967681241,5.031105784013434,642984.3981774049,5.392538105620076,5.287979590797477,3.038915768107268,3.7795851675716445,
2020-05-26,4.913594102765487,4.02880503751922,-893383.6532762498,4.699723861330597,4.172016601177383,3.102191253912432,3.7734615622375585,
2020-05-27,2.275293893584717,3.734381345047588,307143.00140326377,3.115053637467298,2.924048370359614,3.0997753288558623,3.7646397827558644,
2020-05-28,4.740348471976915,3.427003700253131,608355.4323833818,3.988814432662537,3.971223605393448,3.139952618937097,3.802455260993127,
2020-05-29,3.6717889066947578,2.756206935543979,-697992.0330090197,3.6564737797824014,3.294078302600049,3.1300973123423526,3.7972223366462994,
2020-06-01,3.365210716782812,3.4641894945885667,-1479336.455571901,3.19318272107914,3.78981536449593,3.0464557907138134,3.795527346679068,
2020-06-02,3.360367381825604,3.337757075390556,986088.54917902,3.3712771726838757,3.6334825628649625,3.1107044234918786,3.778159831271742,
2020-06-03,2.8806948437731137,3.0386520896455664,175720.846123782,2.8136447427534392,2.6317283482690854,3.13771512169736,3.7498278481464586,
2020-06-04,3.237651957491977,2.540845481513948,675455.5074034669,3.2396828753309066,2.96314514653848,3.2908012866656895,3.7217783531885824,
2020-06-05,1.988180487161813,1.5707673293254274,611690.1867114333,1.6731007243724392,1.1826365131367211,3.3430656636161675,3.6817207625969806,
2020-06-08,2.1789585324826533,1.7336651422198628,-1636539.2178664007,2.0534010819337425,2.393908736858812,3.373574789972053,3.645295558144121,
2020-06-09,0.6573516210368666,0.8362879739683606,3706783.289277821,0.7806765753008591,0.7326845427366138,3.3658539274329438,3.6073563515839684,
2020-06-10,1.281718151414708,3.8994510478373385,-895689.3224526811,3.86584971915368,1.9031629339319664,3.3975224937432538,3.6127792119820987,
2020-06-11,3.418094439622529,2.884868656809616,1028375.0894407332,2.244563810121072,3.501952485841187,3.3916941983992785,3.6025972964232174,
2020-06-12,4.13445177704412,3.995010260786508,790127.4017542657,3.854978662660948,4.289139931460177,3.452549895332251,3.6217962101142067,
2020-06-15,4.541987000232659,4.937019378368589,3133408.338400742,5.332808717913821,5.0667309291448746,3.5367756636328056,3.635438444901167,
2020-06-16,6.338890150851178,7.040106660710229,1670634.5664065434,7.024555136220414,5.321261725142158,3.685818226946298,3.659220437563477,
2020-06-17,7.494955475253491,10.285856890498655,4715395.320337334,10.252555087919871,8.28486238143801,3.8936948326343743,3.7354226441262877,
2020-06-18,8.722590670535126,7.893884318467023,-1576506.9671545243,8.146086794118048,8.569300628044317,4.027178557980862,3.768045955805757,
2020-06-19,11.049851296641847,7.488644956375687,1659138.651803447,11.96014968514858,9.641406854083089,4.17825339047543,3.776413528952142,
2020-06-22,6.000470035404625,4.71677010898761,-767919.706688988,4.424134195206463,5.391225009549785,4.222901200598508,3.7828339891831173,
2020-06-23,5.468346357291161,6.929143563518565,-24128.3539631078,5.869958836758954,6.5206350850724775,4.328472835951632,3.8050844883854364,
2020-06-24,6.267474898403407,4.689350945539012,701943.350466718,5.206427338846012,5.520309947634615,4.34077162855142,3.798158922790869,
2020-06-25,7.231264664942863,7.962935831063156,2200540.197151074,8.138342013297546,7.565676445362349,4.4625208462674335,3.8432251107143998,
2020-06-26,7.019311238304383,8.086940620110553,-701123.2159186834,7.276547331753413,7.465239575761792,4.603350691445569,3.8985187117336664,
2020-06-29,7.130512916008001,6.733785478921568,-2510252.027264481,6.5964087578036725,7.03200266677748,4.668579152363117,3.921547106792918,
2020-06-30,7.366947285021588,7.852549168293841,4176703.4805505145,8.352845361509885,7.956245944919232,4.858662694540626,3.9663859070314156,
2020-07-01,7.171973767206104,8.326863479623334,291141.62009220105,7.922768356480702,6.8155862582417015,4.962287390395435,4.012576202613998,
2020-07-02,8.508435257507784,6.67446449421417,-701876.6390449433,8.135509338385113,8.629689900348787,5.050922502776316,4.041940682432476,
2020-07-06,7.02473009861091,10.18215953288859,1198121.298698099,9.247661904776171,7.591951991403988,5.227992323193725,4.095408884212689,
2020-07-07,10.730892784534936,10.515214559694485,1490888.455392222,10.426722241203455,9.844062816176702,5.384442445436469,4.159830866980985,
2020-07-08,10.371772651753602,6.923318268952933,-2975716.973106701,8.526099668210541,9.352094122527795,5.437656488924173,4.182082886182628,
2020-07-09,7.642685713989174,8.616164495483716,-3508899.965148351,8.462106613600277,8.757529449833065,5.519217275944691,4.233331399522687,
2020-07-10,7.739714777799989,7.507471821592361,2584313.0629618773,6.892307950904431,6.974950294413084,5.594258671022841,4.303121914848762,
2020-07-13,8.431130917083806,8.96777486161347,372375.5351790404,9.054759138531928,9.22272819259939,5.743924423268121,4.347067789674244,
2020-07-14,8.300361456037933,8.856319297556169,-1422536.2753832857,8.88071415298488,8.704517423488731,5.899134664253229,4.4067114310514635,
2020-07-15,9.702524984209036,8.743563945643203,-1019603.2906381747,9.44453626593652,9.988847097862696,6.060242550477171,4.452415443372752,
2020-07-16,9.54899777157886,10.630314329612354,1464845.819240814,10.240356747161286,9.541022871400564,6.29885186544894,4.511461933135454,
2020-07-17,10.832467177311171,9.22490429665784,-750957.8009804646,9.402174658224382,9.716707370398638,6.473418980663161,4.563285912269247,
2020-07-20,9.167410301368264,9.087165203614,-1054455.2611569716,9.41091776847643,9.904309900383112,6.647643469397204,4.607928679771145,
2020-07-21,8.934257438352518,6.508681559369776,1780086.2085425318,8.449538788557724,6.984564307679925,6.752795877570666,4.630198170371212,
2020-07-22,5.825566607854164,7.15884741047627,-504937.38864985947,6.657412380605223,6.737036735182926,6.892735329963462,4.660409126630022,
2020-07-23,6.845059173570704,7.500192706531166,-16635.355443101842,7.132529496281016,7.149211989559554,7.0724148868484855,4.70916885620233,
2020-07-24,8.353040804958226,7.398250521684787,686855.8413321925,9.05705747619544,8.781982984013283,7.2440689892565135,4.751086147856046,
2020-07-27,8.987769772251468,7.118287883897104,147896.29927077517,8.107676111740453,7.452817410824394,7.434432622890718,4.770354558017264,
2020-07-28,6.449684503724242,7.06294356901806,-160786.58236897457,6.3750863734841445,6.667343358250882,7.530296032623467,4.806178222797883,
2020-07-29,7.725551958244864,5.883781032454536,-218092.53706489084,6.826881905401194,6.685375302596356,7.621172165218767,4.804465963347083,
2020-07-30,5.826575863454693,4.908988070658381,8999220.141470056,5.748445849620644,4.928749291120447,7.648868462487612,4.8185466375116786,
2020-07-31,3.123095023661556,5.939702849647546,-4841734.811129035,4.625915638834968,4.233251324964655,7.679252810102126,4.811676428091527,
2020-08-03,6.977463686990959,5.18272482641833,-2575905.747395857,5.591317131569909,6.903831234729893,7.622968512093281,4.817270996703002,
2020-08-04,6.0438141750341,3.997351104218616,-598417.06237623,5.648838963718632,4.693950104589796,7.432407730690855,4.814989650885114,
2020-08-05,4.50920721218813,6.133519726989469,-3701315.889156149,4.66552542360035,5.6098790871706825,7.37906334913093,4.838686384951944,
2020-08-06,6.901342873241816,5.2746472874390165,-373479.6331838248,6.612572807015944,5.987749419863164,7.311972510678302,4.873759435902357,
2020-08-07,4.907193638929314,4.857108856960359,811311.0759778195,4.469393480124722,4.799824737038456,7.31622520001081,4.909284570996671,
2020-08-10,5.808457451717246,7.821101392346556,1902120.3042422568,7.628642899830424,6.90489094430778,7.3432542251268105,4.951081102638062,
2020-08-11,7.336911089979402,5.917624175744699,322454.2455926407,6.045426241380632,6.20110337498317,7.380474626042133,4.972866345371511,
2020-08-12,6.770481650399461,6.507717264765574,3094026.8161004754,8.298520211099685,7.011581035086515,7.3363770937300865,5.0064749288158525,
2020-08-13,5.591731278683014,8.823175324535569,220420.5337207904,7.440776581747684,6.684033455792154,7.358687236288419,5.083805954867389,
2020-08-14,7.754776128922757,8.563950642712001,3412877.5513622705,9.232008468480911,8.255770154992277,7.414146786706311,5.1371749859999465,
2020-08-17,10.659304031831994,11.18471215785965,962117.9877941172,11.03129404417929,10.885436933446414,7.51512142275376,5.2392374470144105,
2020-08-18,12.64362480428474,9.961436717648226,1374026.304740334,11.762287011465496,11.590707431744889,7.564653945118151,5.316540870210789,
2020-08-19,8.26927755422394,11.12702431950312,461334.04275691975,10.247513923971823,8.791302466041657,7.699580000429937,5.371626989437448,
2020-08-20,12.15248794769166,11.440713136885854,-460433.75374344736,11.85244663989917,12.434212430855888,7.737717988429854,5.486493966327016,
2020-08-21,11.876128343362026,7.906468741909492,-1733580.1723406457,9.695274616887886,9.841930505940423,7.658665084860613,5.55120373815898,
2020-08-24,12.51721617499237,15.776898745745484,5694820.450008595,15.339236553749814,13.943023346999738,7.926955402339175,5.75668572364422,
2020-08-25,13.002720573650237,9.238727192545651,128911.14171455988,10.739102865204757,9.60115285862976,7.945820938613778,5.862221502324961,
2020-08-26,11.057390923101336,15.33899022086932,1202999.8084450187,14.447843536708035,12.718250473983955,8.183139677985807,6.026402696127139,
2020-08-27,15.347271581991834,10.722568508858387,1604269.3369935714,13.211427375520287,11.527928125346676,8.236315243053836,6.134621708161964,
2020-08-28,11.36742998648812,10.507213709052166,-1398437.0107314885,10.092293737291952,11.56505012121758,8.286342346432502,6.220608509841234,
2020-08-31,9.8280931037023,8.413655657086323,-1253911.4253874728,10.661507603424395,10.458537453255316,8.276345125567142,6.280568658761744,
2020-09-01,9.350006106906209,10.59974022772404,1766718.2823113464,10.50277506606976,10.709028559112994,8.275418637631134,6.377343579724955,
2020-09-02,10.727821560690913,7.116971268260642,-1509478.3783234851,8.80911782302762,8.249917933346964,8.211541879194854,6.433067200441925,
2020-09-03,3.1470146662205423,1.250220390129357,3298677.966618136,4.26918684991864,1.5545186631066343,7.9740587030286525,6.423275271439278,
2020-09-04,5.274130020521085,7.209412038058872,-684141.0933546852,5.890480813898009,6.980619143753998,7.995292959958625,6.465786317902948,
2020-09-08,5.368185425633172,2.403445817451228,652898.3775767051,3.8331834358196346,2.9182385248959264,7.851189881382109,6.453589963244728,
2020-09-09,5.202641096596636,9.034548421622134,1674469.9042274188,7.22926141983605,6.567812880791109,7.897685509112138,6.526976176026381,
2020-09-10,9.700335577560338,9.717376697312645,-2880694.409390784,8.644639766959457,10.38366802831264,7.967962059888739,6.59971757290713,
2020-09-11,9.41037642342168,4.655942708908057,-749187.701755215,8.232407464046489,6.441773706785,7.893345539434526,6.613320529222214,
2020-09-14,4.293252048834304,9.347579716479174,485316.3404774554,7.110761902926072,7.338190280305525,7.962576937842438,6.670220404803485,
2020-09-15,10.666495887484771,5.473865899915921,164799.72168300394,8.754398816588008,7.634792104713185,7.950155267159451,6.68739629529204,
2020-09-16,5.652689065467456,11.71707110853184,424087.6431070147,9.048552149429996,8.38695909757655,8.156460813761676,6.780402086070686,
2020-09-17,11.05636085806242,8.38775384762549,-551238.3588084984,9.410677381450428,10.7504098468941,8.230644177336764,6.823171834149148,
2020-09-18,9.743380272777443,8.633601842793865,-910692.9966099708,9.429407766513336,9.271777347103535,8.335216208136025,6.902428121411596,
2020-09-21,9.350731086252807,15.095229830219182,6724439.025034466,14.804019997174263,10.89320958532187,8.671515563469375,7.016899821566703,
2020-09-22,14.3060737393793,14.998348891053794,-685487.4011644498,14.97541903822895,13.84058152394185,8.940146750259203,7.143291317133093,
2020-09-23,16.735344207452172,13.770471669999978,1604436.2239242245,15.5662014781704,17.14078806838002,9.19759597397317,7.249264532985743,
2020-09-24,11.030835799387802,9.377722112917937,-871205.0801126398,8.870748671113986,7.684987415544583,9.334584254456734,7.294493314864777,
2020-09-25,8.401975747924851,7.63576166352459,1035899.3789594852,8.482018263967547,9.588566573074914,9.328967899037886,7.322229346658776,
2020-09-28,16.807691719053437,14.4218626216055,13522796.077807698,17.960843201509817,15.852538527613175,9.586672094367003,7.4177035500048305,
2020-09-29,9.321396485715953,7.412058229082405,-6140060.433515832,8.887801609681503,8.150632560991298,9.614076366012968,7.444455824668528,
2020-09-30,4.9536522234984375,9.561708569835076,372422.6554433089,7.930607713130072,5.373451690714632,9.636456161325071,7.5066232800878065,
2020-10-01,9.542310837038926,15.902985208300665,1147950.9061996313,14.099311391459054,11.038281187298535,9.858851148161094,7.643349166191774,
2020-10-02,15.007105560618086,3.686137489221693,2167795.405932906,9.780469906173463,8.715674796477018,9.631621612747821,7.646260781798161,
2020-10-05,7.16677176031925,11.190903408557844,1784517.6591414576,9.019762119559346,8.606030030236326,9.668878179139021,7.741032652281464,
2020-10-06,13.267381227452375,13.6062501545117,-3147588.673518009,11.559758103095136,14.596524163407608,9.744006234745342,7.854988390033409,
2020-10-07,11.70457422521541,6.623783781626983,-1459455.1838754653,9.82071224472702,9.277150352496562,9.598038678525377,7.8919100384180885,
2020-10-08,7.194718522317473,6.221461900452752,40441.10992565751,7.669443327994188,7.402687915534159,9.5469778651479,7.927671946404685,
2020-10-09,5.590885570808837,0.364657888705949,5134317.468809336,5.167653233682799,0.3156941880510686,9.079940263419429,7.903220400418079,
2020-10-12,3.4548341427126417,9.219216482908976,148174.9444848867,4.802678945374851,2.908809957502868,9.079349029794075,7.989158031357219,
2020-10-13,6.898499391240506,0.0456886790372266,2927315.2172603616,6.0719036157733655,4.473004918831677,8.615915649738557,7.970192003681011,
2020-10-14,4.355722863951257,12.001990519137465,1845407.660534582,7.450555754581885,9.088640755873229,8.654686013686408,8.095649335649203,
2020-10-15,11.299623912334296,7.222786934517899,-1626869.0193468395,8.825504648262594,10.663880666454672,8.555157929609612,8.132990188308534,
2020-10-16,10.389539171147632,11.780036392584236,-1264017.7274021422,9.42779183556155,11.870117414685764,8.657169467048941,8.232935893204878,
2020-10-19,6.462718794613835,6.681319989022654,-693572.1332331384,7.183543343837698,7.534744947432131,8.538429459815568,8.263119148578319,
2020-10-20,7.492025802053931,8.070921072034494,-644213.7443479495,6.610040957466097,7.826259794526123,8.567337029626895,8.298331527158835,5.419280875722616
2020-10-21,9.961358122658694,11.354517241426564,3036176.1145572457,12.99182376234178,11.698541545355807,8.87352784330257,8.346808050537671,5.454340374175702
2020-10-22,7.9230286486386206,10.849640575328394,-514265.08995969314,10.055821230589984,7.705598333177662,8.983837798977403,8.353142698681824,5.477468676127927
2020-10-23,9.692965690408414,4.1548833124845,882155.5919356281,7.069014453089764,7.376680721201879,9.036911662463261,8.311131451423593,5.486408975060598
2020-10-26,5.434908984057273,7.005221433367751,4650269.02984167,6.190278958453902,5.747621675213239,8.97541690524343,8.305699726445976,5.497202317895546
2020-10-27,9.918132848141894,11.488964011220062,881459.3794406885,11.541114393866522,11.575187758888475,9.02910136930123,8.381791792763195,5.526895177373953
2020-10-28,10.92139421805669,6.491673187198003,-1828434.516886021,8.247019553873088,7.961873237458832,9.08472956561305,8.376876395276447,5.548805291304269
2020-10-29,12.21870978843097,12.013634667986906,11644576.22628836,14.000889730611902,12.999208104015338,9.165519109598131,8.459171718000581,5.599684211419259
2020-10-30,6.502396453561246,8.443593516522554,-3893389.138107892,5.785441437736367,6.270759783977738,9.255510855555908,8.46457236615181,5.61412830849287
2020-11-02,8.754959228880324,17.24618574905196,3343719.444311522,16.1521869026962,10.617438157096558,9.423059784056518,8.56748523276913,5.677768860794521
2020-11-03,15.803717481106062,9.880478312910796,-1415400.0569816409,10.985070775017874,13.579674382826568,9.468293858762133,8.602841332027435,5.705083306710947
2020-11-04,9.851387559524667,11.11641107284106,-2490994.470249264,10.608754051392651,11.44952475057535,9.543530502096896,8.639513937696504,5.742323781355304
2020-11-05,14.991521696905297,16.986702102147063,9715092.713330138,17.776165961095288,15.637511596819408,9.600847843670467,8.736815495252952,5.8062736431001465
2020-11-06,20.348118213558337,20.998276075008945,2194358.0799629595,20.54001000869043,20.79055066635388,9.782663818941836,8.897757198407948,5.869827278210436
2020-11-09,22.76209963029844,17.517442481587835,872217.229507491,19.57378685963731,20.26886028029226,9.896208388989953,8.980176107943896,5.945521437848186
2020-11-10,15.94100267128087,11.744447571599396,5083989.824986948,15.539970573528125,11.624006628437556,9.967927342283332,8.99398771481923,6.000220019176589
2020-11-11,11.339407534846686,11.960298199049475,-992010.718039779,11.126277309010431,12.417117511764658,10.098973903965904,9.050582994932675,6.045726295437548
2020-11-12,12.668230115726985,12.061537442347486,-2780314.368282741,11.903796942237264,13.56739466814436,10.02744889853384,9.089295050515414,6.085763642721719
2020-11-13,10.024278508074955,11.25506610293978,-1370378.6432501683,10.369865977762302,11.824882808597865,10.143903682590127,9.131402851429431,6.117418053037591
2020-11-16,10.363101716424111,7.362299065341006,967439.359600328,9.47015614906519,8.732717560267531,10.077254909726669,9.113363797538728,6.132829886962653
2020-11-17,9.433539372979451,9.174216075386823,-2572342.3302217545,8.430647807227118,8.65438469150186,9.873352814789886,9.116935671446939,6.147784814055845
2020-11-18,8.029764109132188,8.474177399947635,-918724.0860232338,9.525690131746998,9.483473398991292,10.018444933296731,9.113908856326765,6.164944975618454
2020-11-19,10.392585104726848,9.25744930249536,-417019.1644640388,8.634535205770462,9.211570126962656,9.959855414931203,9.098483406583876,6.194539862417357
2020-11-20,7.435845333597896,8.561859259458643,-859824.0270089805,7.755617884155498,9.570897082507088,9.80699508477808,9.091033462345683,6.222143859796747
2020-11-23,8.465940588490824,6.100417402710093,4691009.976743853,9.097785643602592,5.190794220794842,9.791135497538175,9.057474498290583,6.225017079504793
2020-11-24,4.739568317630955,5.286967544978111,-2959863.638459844,5.412343597849826,6.902769951377167,9.762817486766215,9.043747374533373,6.2399396358622194
2020-11-25,7.596602523792782,13.060732095779088,3650156.086107964,10.714212808855493,8.26720911056573,10.147547008192674,9.110060685604191,6.2750190167551425
2020-11-27,12.377211816427746,7.111106978336238,1172662.9342132155,9.991877368953922,9.62764697393267,10.083664901993501,9.10568893584919,6.284211801423084
2020-11-30,8.937194227332697,11.18402525333127,-2299195.5380288605,8.90044623153058,11.24549209461908,10.421190252729684,9.148225730586793,6.3074208526131565
2020-12-01,10.43103759234272,12.179385675320631,-840974.9665110009,12.506956818711174,11.390656614467945,10.426565863523113,9.205091997906159,6.347119409125416
2020-12-02,13.006211205449674,10.130487410973783,-2559203.0218436117,10.301273379688396,11.64793541642078,10.514677999173292,9.239558782647235,6.37825075972836
2020-12-03,9.598679924646902,8.8323814851409,-883858.5761750499,8.699732533407769,9.610049182610028,10.42535512319016,9.27268912481225,6.399265313682684
2020-12-04,10.404108715470144,8.854891641191102,-208895.83153020497,9.834727987863005,8.222386171173852,10.491220930831629,9.317025119986775,6.416464853946929
2020-12-07,4.72358672375114,6.35397341679338,1727147.83382304,6.30823324712631,7.147164053124172,10.43919221400614,9.321679845460324,6.433097672454322
2020-12-08,9.400830803241334,7.772459941397798,-173598.40199037734,8.996075003061364,8.357922512800755,10.330645023096176,9.350777992819642,6.446820027014216
2020-12-09,4.52822001098987,3.9490736706141263,6547992.232137622,3.770558830208344,2.027392133253983,10.121536935074534,9.350235549745436,6.448902823774375
2020-12-10,8.328936908251151,7.591917402709953,-3559186.939110847,8.047714373345201,8.690948738196894,10.225689483263183,9.366622040483868,6.465860722389273
2020-12-11,5.866510196329983,8.775960815006968,-889176.1846040739,7.094960953141083,6.773434892798463,10.279348252403764,9.405962641917215,6.4798237659838875
2020-12-14,9.838797074512428,9.339100112389502,-152821.99790941458,9.67616568571836,11.112085362346832,10.214200861530111,9.456322094225408,6.499251449364545
2020-12-15,8.041235142716104,0.5625023238150959,2863180.67552936,6.5232011521595865,2.1834465955039235,10.034529017185175,9.37476480132056,6.474302588940948
2020-12-16,-3.780041868019282,3.287948862006658,6282232.505113116,-0.1669197445560257,-1.546619102780184,9.770114295791835,9.345217887683054,6.467346793862548
2020-12-17,1.495853232303304,-3.716531459802866,6919635.45234574,0.47518048714862,-0.6325387228286559,9.401625660145609,9.2303386885306,6.43176594677218
2020-12-18,2.46452531948016,6.014208989983999,72280.47576143779,3.628284239738022,5.670329107670511,9.06126272805264,9.198777269041257,6.438180922184479
2020-12-21,7.096637838666496,9.738469896886372,-326639.81818284467,8.662085971541543,7.317411008628298,9.056959442718567,9.211974114593776,6.4797132988357635
2020-12-22,6.101298008721031,6.244092115622564,-2369128.410650172,4.788804246005867,6.402935493927984,8.909313413711946,9.15646152984954,6.492683920780875
2020-12-23,9.348224345827305,4.721077015502132,-2491615.280755673,7.430260462851848,7.557361273551436,8.537627805025735,9.097581083758012,6.497430845303752
2020-12-24,0.8093491826088695,8.51091748300027,1761505.2264158996,6.472608714479989,2.9937510623138337,8.15922299920729,9.068186624920902,6.5129993068331835
2020-12-28,12.311894755474924,12.666117080388958,8573563.202382423,12.142955446279087,12.259862686940764,8.012213138564901,9.081955208555767,6.543496811093241
2020-12-29,11.881100427798955,8.13026831336208,554148.0715269726,9.404723659728448,10.758566824654068,7.902692554981953,9.0844698104822,6.556771565516404
2020-12-30,10.014551498057614,13.953541536584694,-1305835.4402188994,13.67117127141971,11.737239334690116,7.963093868240595,9.06398265082871,6.594615551115575
2020-12-31,15.431522113232916,13.73548157938376,1435194.6519763144,14.402459589586954,16.265299339788115,8.013819448150784,9.114507981017901,6.632212002793081
2021-01-04,13.427564246362266,11.100902262372657,-1067440.5583891831,11.654754937128573,12.747343375014625,8.009147816618448,9.066889015192094,6.661774341439223
2021-01-05,9.612986352089749,11.360754554275031,6194.543133671396,10.088648575770364,11.100787164502975,8.130313134464934,9.074059644915877,6.69586849629704
2021-01-06,13.109552981719403,10.779139102028722,-3207006.30601026,11.265834559214056,12.602716312802317,8.178947165575295,9.077114986409995,6.725860255784071
2021-01-07,11.11544919602828,10.286696871587168,276835.7452787403,13.056800240107949,10.6649801183394,8.23387199804922,9.0981603933145,6.760196693248873
2021-01-08,9.648155075932138,10.70587454105599,-2491715.655491947,9.611121475089774,10.06711158958619,8.277763671944996,9.099352913689016,6.790166710668303
2021-01-11,9.126581075790284,7.496041991314925,569889.3685062602,7.588203362552832,8.127368010609572,8.245466178970943,9.103612135296368,6.801207623447487
2021-01-12,9.64545293664088,11.890461892556274,-1488483.6682665795,11.443448332483086,11.389729503770424,8.420922072602647,9.223165410604535,6.837201620812929
2021-01-13,11.152382522739586,9.451711424455452,-1463843.4560133717,9.023323164118352,10.76178657823931,8.54712643258681,9.248359785732587,6.856348839033792
2021-01-14,11.042252110489912,6.4165538863749845,1297698.6251566894,10.329262871215278,7.185073199075546,8.345787698968504,9.293450887630607,6.854943787274254
2021-01-15,6.791781285217738,6.620251397018663,-819166.3721224396,6.468994956355587,7.712084282877427,8.330913287413425,9.266323954769893,6.865565685336862
2021-01-19,7.248000177727263,9.928555804173698,-1062087.2385591571,8.605432514900684,8.955766070540662,8.292868758651073,9.268696753723388,6.886937816966311
2021-01-20,9.031126791589912,8.604909135876625,-669703.7658868157,7.510216870728058,8.642325207577926,8.184551287758831,9.313067163015171,6.901097400023913
2021-01-21,8.559235934335703,10.730610583433602,-484118.789996373,10.432228209207013,9.142674968605933,8.202736838439431,9.32860683567758,6.930189955721616
2021-01-22,10.895521810856536,9.207238302372502,-375849.4520030944,10.415510360604728,11.300110058529285,8.214096135931298,9.370554840199564,6.956118832000485
2021-01-25,10.08955799265594,7.452869099119141,1670988.172800064,9.31504403473943,7.815280621018743,8.17161060435336,9.322642458071332,6.968001281702077
2021-01-26,6.622639343064094,8.465968943911932,402524.5415581279,7.572905548194512,7.53136388552123,8.2356104688115,9.323521279377921,6.987761251645616
2021-01-27,6.582235381547164,2.443235430510612,5939607.012671497,5.888254649050921,3.6676132700228976,8.074118816966433,9.253966600588221,6.98015313258011
2021-01-28,3.397594725026451,7.1789722305059485,-4160733.34548743,4.516999700965641,5.679965493196249,8.171994530902547,9.1650198859847,6.9935348769583765
2021-01-29,7.29647058023987,7.387365648525815,-1545820.9685627474,7.0432495915542574,7.701271140830343,8.165795992896967,9.079503220338319,7.001963529636815
2021-02-01,8.577800308309875,9.330663226274524,-198629.90270939097,8.866940561578573,10.060745290145109,8.182605156874772,9.029617732206573,7.021487156816894
2021-02-02,10.644751968455807,11.066555920606604,-205853.4170393562,10.383755041396611,11.17500058663626,8.234952302578321,9.04859339296712,7.0477689909825605
2021-02-03,10.908568140699884,7.479504115088062,740198.9937995737,9.872469559460852,8.334892032048344,8.44455841746538,9.046837690175698,7.062466232642945
2021-02-04,9.758576845659276,12.75351144111832,45976.36937881727,11.389235484496057,11.110666838404086,8.731393647135432,9.028092171293821,7.111639603816964
2021-02-05,10.999335718216429,11.342175157306102,-1524306.1888951357,11.401065274131795,12.229106238954811,9.187718090078127,9.072250788464872,7.13861635555585
2021-02-08,11.477539364955293,10.7497221259175,-66715.97970276931,10.14340806333739,10.2922256154595,9.331218488136718,9.085599255387148,7.169524883070588
2021-02-09,10.058200870879917,5.728456989204531,1567479.8219991038,9.359214312216508,7.447736281059051,9.209702945479693,8.971278713599549,7.174042265646365
2021-02-10,8.02690660944836,7.785627811841124,-1657224.3455451275,7.686387248642305,8.356295131432944,9.256416148395404,9.017340402617744,7.1843875492133575
2021-02-11,8.051244425166743,6.658999178418242,1490473.3172889636,9.003763360385506,5.813914721274145,9.315141062423168,8.966420130368986,7.193170506400774
2021-02-12,7.669983293920382,5.550958740822452,-829843.0885261688,6.451079039027647,6.384514196735097,9.225445342963233,8.875911238080343,7.195046042215697
2021-02-16,1.2543580487843968,4.3957812207549125,1562832.5472414093,3.2349433811444186,2.8093250134024146,8.974829104792505,8.85087750144133,7.194484172365016
2021-02-17,6.576706606338064,8.184879222605659,-1232758.413281463,6.655195827992827,7.575584833996288,8.976483980830187,8.872938370229566,7.210427549700481
2021-02-18,9.15385400354019,9.335852949776893,-701133.8525292631,8.463211862736102,9.635588186839712,8.836554023654195,8.97373831473598,7.236930880924435
2021-02-19,8.097271096760679,7.859985183593821,-883401.7899958519,7.782347828511291,8.474391026135862,8.658508678327227,8.958466052945923,7.254923900748854
2021-02-22,10.119502038870207,7.262292661792657,526681.6560399435,10.657362077593731,8.842374667908715,8.542187175279349,9.03955149095441,7.262901983505266
2021-02-23,5.764791936719178,5.141974752547284,1219770.2393453475,5.254920416629688,4.5890572224916895,8.353739302499719,8.962472662116319,7.2683411995954135
2021-02-24,6.096085871429736,1.4820719815970025,1765788.1917190142,5.5365620009692265,2.6703589235246312,8.07200999581997,8.89797024691496,7.248795705423832
2021-02-25,-1.9685391648894357,4.690469562307115,1800381.90756902,0.6605460180436467,0.8674758678770758,7.90242735008421,8.818312192642184,7.253236312686911
2021-02-26,6.680413868944285,8.525778478397413,-293300.38699002005,8.306059363745845,7.452653568952186,7.836363833033952,8.839036445331788,7.261711106636938
2021-03-01,9.519659323313974,13.138574551265762,-717355.1428111047,12.15575218532176,11.067215907002648,8.007349668183977,8.895976372064723,7.297993365569422
2021-03-02,12.017913286377308,9.210865818551454,-1019323.39603299,9.98444898264306,12.523173691255948,7.926149787153529,8.871890401021183,7.319497549846422
2021-03-03,10.57401102889422,10.059493471164116,-1659853.6363992952,9.380080118354172,10.238547891438728,7.944567424932577,8.863012343671024,7.3453987647654015
2021-03-04,9.754080583444916,9.226283943675796,-582116.0947968247,9.797221467676708,10.365074063500089,8.0297107600023,8.91999437323497,7.375755581035031
2021-03-05,8.5928798345724,5.373555440076942,1225085.6760332012,6.886673834099909,3.6683486609387046,7.99193209464043,8.901661047467657,7.391541776771127
2021-03-08,6.617384919161438,9.184519207766542,-829439.8328297692,8.013192761092753,9.669402892183498,7.969385531112939,8.875768409226607,7.413358554159556
2021-03-09,7.296868840598435,8.636838372594127,22655.93619510857,7.997723061959135,6.983112009506016,7.9703530837407435,8.899871388837798,7.433350403087137
2021-03-10,8.659523271106721,10.707210549993404,3138014.5397414067,11.550673328821816,10.472808385261828,7.969643991818312,8.885192466163714,7.464211592837241
2021-03-11,12.737757688207807,11.433751274832872,3240718.9484328507,13.625346393369568,13.49840196682841,8.037114081892868,8.918789744346975,7.5049542420599185
2021-03-12,11.867281046133428,10.192048209378427,-2616209.6561832647,9.357683948264054,10.297410794480667,8.120119509476485,8.839529771991094,7.532327380847319
2021-03-15,10.957538875217509,10.247851377701238,-841864.3774903142,10.928035531448884,11.465014768082938,8.174115946864038,8.84365755923593,7.567291751019546
2021-03-16,10.650458446122116,9.19313840527741,-1550551.5182774668,9.28269856931189,9.721664062431003,8.378658461250911,8.822047753982407,7.593522250384812
2021-03-17,8.369648194666127,9.542428145116418,-1241872.0954590514,8.66535069995632,10.06694105119199,8.450278337451229,8.738404226375321,7.607762887452562
2021-03-18,10.706612358046796,8.60402712915949,-602730.9486133112,9.45965679850626,9.535759557821066,8.4871468671674,8.599143002264652,7.639464496617562
2021-03-19,9.25717736812669,4.916380973801978,1868608.843845128,8.498647273401247,3.2562241796792506,8.353380738304596,8.457558041503013,7.65134896839841
2021-03-22,4.88157641927063,3.641557227080014,3998586.0918931607,4.327554455388963,3.5019221955110424,8.1283807778947,8.36651432976684,7.677754784662448
2021-03-23,0.4801209012156562,0.1801164942104378,5488876.204944221,-0.0287182957518012,0.6037574598413329,7.90718721362568,8.234152737577638,7.67918857695537
2021-03-24,1.3302429077710514,4.171074580673547,-826597.6109954454,2.205908181380366,4.579838223476003,7.647113369369778,8.145495851491415,7.693970596733044
2021-03-25,4.080390867323118,6.57663563725734,2182743.073641994,5.675336586776723,5.600788021051187,7.502703080883451,8.092929217045544,7.717513769263079
2021-03-26,5.42238049546026,3.3187492356307047,-665682.4259130973,4.4102177332961645,3.351872966835032,7.277522084208094,8.047496072891496,7.71950673439627
2021-03-29,4.331117748325923,3.415290818634716,-1180047.9109740406,6.062326912810462,5.228494995658608,7.2074261396453725,7.98278904753473,7.720957757638647
2021-03-30,2.595736821176658,6.365034880845926,1959189.071216877,4.367978837986172,3.5617493182879087,7.164377869009155,7.959090816983025,7.739748584328981
2021-03-31,8.393117312168513,3.960097638992238,5760220.104719698,7.329353365642717,4.705803869174872,7.082592973875034,7.899570011775125,7.7474847586403195
2021-04-01,4.793939707579867,9.192325109933408,-2743678.769169542,6.1730831054129,7.680547072345263,7.192937409302639,7.906653897735516,7.777830780265076
2021-04-05,9.132153049401625,7.381679536555296,-1756575.8313853,8.261166208314307,9.485943302439878,7.283419176448105,7.921050101486586,7.794808250796249
2021-04-06,7.364431472408043,8.679990226726304,-286998.27339973394,8.235940349396202,8.766818522577935,7.2984225402093355,7.959173951843308,7.8170875162241185
2021-04-07,8.44802538758087,7.460833552315336,-2920186.080877669,7.298823232294339,8.141488506385386,7.241603770589289,7.896253743489782,7.838365018663004
2021-04-08,7.985693816192096,11.36459886061418,3044106.7589512644,10.650496589464794,9.07718381455122,7.347804185044452,7.944045787110882,7.873219982120892
2021-04-09,12.248175549721251,8.81382486594461,-2554480.6882585697,9.710611235380457,10.81222028438954,7.394820312442996,7.917414322084066,7.8962609489409745
2021-04-12,8.734183293618827,7.618202512341895,-17690.479861190077,7.626735160206891,7.477776817773474,7.469857517285257,7.866165073061833,7.910573016419926
2021-04-13,7.893637261857037,6.219558932553852,516499.2663395712,7.410623890584716,7.634188816182714,7.613417727920313,7.822222056450372,7.9203341635706535
2021-04-14,7.147920651360067,7.98140136583477,-891475.3140804796,7.589175947988281,8.414737811042684,7.713142934087817,7.812660482076146,7.93982706329856
2021-04-15,6.6986604247101695,9.011430095230594,-677242.3634637357,8.151136398968092,7.5600657316202415,7.727859649749429,7.814419341110298,7.9588407277903555
2021-04-16,10.025961149646092,8.925566159190794,325518.8665774637,8.666738970095793,8.123685671723067,7.6001927287774595,7.843313641586674,7.990367654325784
2021-04-19,7.799761236913412,5.533185591388701,1971090.2764859744,7.008521796768193,5.927768056385801,7.488747873408892,7.818153255631516,7.993054079540265
2021-04-20,5.311273777754295,8.19522225313166,376131.49530700594,7.409109967463806,8.034802921526676,7.432254806195786,7.865862790266544,8.012134407726903
2021-04-21,11.87001992411625,9.542854438274643,2707626.5746412,12.488932567740648,11.349576999430385,7.441847851486661,7.887783431115585,8.034469167294114
2021-04-22,9.987152958208071,11.11926002572912,1010692.9035177846,10.557099782128176,10.403371207208323,7.615960111657939,7.914112635730441,8.05921980892521
2021-04-23,8.641741172241069,10.274440277978186,547867.3613708979,10.20950235441859,9.7986385618606,7.648988022876474,7.924622075793235,8.08113905975834
2021-04-26,10.52588301600494,10.54947090066733,-1292114.9607180394,9.139662799898671,8.794555451689078,7.706946584333238,8.036835205870227,8.100988039916542
2021-04-27,9.854460756772284,12.489717326590124,2047292.743948914,12.381240051348954,10.506077783995195,7.760961941199804,8.140225862775658,8.13299924825378
2021-04-28,11.99225910167145,7.5277030157343745,3507803.2022869624,8.983764272781144,9.745669120650971,7.642596842439244,8.266565575983943,8.148015977774017
2021-04-29,4.003111972905785,3.4152087478159388,45194.90578260925,2.975928468142982,3.5048379432518715,7.437238070876745,8.237363326071941,8.14664613830092
2021-04-30,7.313987256997933,5.73336598947175,-2354204.683402004,6.5970260764521385,6.11190789653493,7.300435483354638,8.192362158572902,8.156544688898425
2021-05-03,6.618313883280479,9.389438891104462,-217841.77637152467,8.575792593237807,8.848640252403598,7.306383982925156,8.227703133578316,8.18501349557465
2021-05-04,10.37054404436482,11.23134241895525,-844498.8571508401,11.388100449454484,11.228418278651574,7.357563203344514,8.300852183055317,8.218348915850902
2021-05-05,9.07081999448458,10.368866491096298,-2264733.01417095,9.877300967478334,9.982711655718248,7.411043184009266,8.321728014606958,8.248525351111443
2021-05-06,8.927795540830118,10.338388249401277,358679.4657113841,10.239630976140177,9.703465506542427,7.575346434785003,8.295573758079007,8.279854690852883
2021-05-07,6.696245141999228,-0.0384861607799251,7553144.6030772915,5.861549084429711,2.22923724009388,7.463829968486217,8.203789999942579,8.268784597967501
2021-05-10,2.769582195444201,-0.0296923263898492,1587252.025790588,1.9096968188041643,1.0323163110215745,7.4574721254377225,8.046675012718145,8.26191567240649
2021-05-11,1.9296832172084064,3.708733749706028,-1669089.3747995682,1.7935273349873595,4.483703712221484,7.443461797226586,7.934014924744239,8.270392361709007
2021-05-12,4.187255740646776,4.912607576993011,-1018649.8318589152,2.9478250013018226,3.053447688399743,7.393036704491303,7.864483523784917,8.287887295627568
2021-05-13,3.406243715755295,1.3637228803592336,2796311.316901206,2.5933088788139003,1.2608884771043307,7.333793481604289,7.752157325201593,8.277004342119078
2021-05-14,4.457685405925162,6.382440407310696,-747412.9946713559,5.464486734966201,5.647323836256007,7.423707105503561,7.702756216272178,8.292015379674876
2021-05-17,3.8478118372082974,4.148862140734693,144283.10321409348,4.34795641744202,5.580947147037534,7.35655035580322,7.633791781094061,8.292675688172508
2021-05-18,7.109932978594955,6.291845484894623,-1362529.0838167649,6.82476001770857,7.310466223109657,7.427209381436626,7.584195949002359,8.298490392492363
2021-05-19,5.957939336195722,4.289830397145536,44215.26390813012,5.083572114492213,4.967311420087441,7.278648935594569,7.548171099629671,8.286686631704532
2021-05-20,3.481242202039496,6.385311856537555,-820341.2039981047,6.061479883536592,5.448332112344346,7.248455975594032,7.486315481247437,8.269946095078089
2021-05-21,7.919296060219608,5.301545977584311,1815235.693606621,5.682487653975741,5.02515580119929,7.146078877135184,7.439684408810682,8.258820179451982
2021-05-24,6.807804072894626,7.097442487836858,-1807640.1809735491,6.599714983456096,8.09146766344864,7.135067026696442,7.447334842534972,8.257141198900314
2021-05-25,9.484527036112866,10.31019039005271,2347037.5007357374,9.171605766432776,9.156790265236864,7.103115254861245,7.4887948312207495,8.281147294527203
2021-05-26,8.673854951464278,7.870438835233401,-2013289.8242787067,8.46172940126388,9.492528043102595,7.074527799385148,7.4656699214573745,8.285187188397224
2021-05-27,6.10472096788385,9.281140376893616,-1318861.655425903,8.314413576378598,6.953934633698466,7.1249198558867155,7.473268025289025,8.30489443917557
2021-05-28,9.785439734992435,9.582397153761534,-1241423.021138527,9.79639006315388,10.076292008933436,7.226824044408161,7.460366750798329,8.311844916955392
2021-06-01,9.05100672866081,8.023548836667416,151405.14665505104,8.517737782409313,9.42335570652152,7.228101240493998,7.447066869161193,8.31157284921529
2021-06-02,6.091336148033662,7.373817865127108,866759.1344282608,6.563600265473696,5.8418620321420605,7.178476627460559,7.446178653048922,8.314319769327762
2021-06-03,10.554428217815271,10.116575590212491,5502689.702267334,15.298234805550138,10.975454955011145,7.214567822340006,7.464724795142187,8.324036620923978
2021-06-04,9.969604850256118,8.673779638855237,-3904710.8003024743,7.739994623225954,9.950613800190013,7.3097373389299,7.534730909842689,8.325525531478622
2021-06-07,10.088984810310151,4.730269712413104,2644974.330193316,8.067309722462667,5.498584997642354,7.204738777089943,7.507217398403443,8.317181347865741
2021-06-08,5.248060521629526,6.567514537994725,1194217.300406455,5.172388983030004,6.717655309296333,7.114576961929946,7.498005588172757,8.30166785003358
2021-06-09,8.221360297741285,10.622350136590384,-505763.1045422871,10.287118389917026,10.223115411087493,7.0995190865015,7.512518924243722,8.302127659376481
2021-06-10,8.10435760847676,9.477234088406618,-575833.9510893603,8.259917995628967,8.825468566847348,7.075361323181149,7.494661375567317,8.313088671477141
2021-06-11,10.139193283074649,11.57041938951474,-512768.5587815163,10.671009876019838,10.35143466898893,7.106299156176525,7.540626715729414,8.325767877030922
2021-06-14,11.51229465228181,11.566159388117155,-698024.894725828,11.19973660999912,11.720909321751222,7.078312551980375,7.52728568142603,8.34318713697309
2021-06-15,11.885377993368223,11.736651702647904,-1037901.9108237788,11.827941585017925,11.1385352243816,7.205856451583815,7.531718002160209,8.35507072856551
2021-06-16,12.268929851267076,17.72688695271657,4596874.004115172,17.61315194638705,12.765152391601305,7.639543669914137,7.61011311257368,8.39314183438165
2021-06-17,17.84864335909323,16.727507050625945,615645.7652387992,16.809828839388373,17.338210433301782,7.972699459646082,7.733697944724484,8.427407684617627
2021-06-18,18.41306083477258,13.655125700682689,-979346.8883413412,15.17693745733115,16.051624053109038,8.10196269629997,7.79964735920585,8.44038970766943
2021-06-21,13.043993080703956,16.029432812891557,1271149.0416240352,15.340339863111922,13.88921615531858,8.247359374904098,7.904933130379708,8.469593692717645
2021-06-22,13.017032944621988,8.027166712746634,621204.4774919907,11.990980920500888,11.703863240041102,8.176398775560168,7.932755691862002,8.465044342971433
2021-06-23,11.365523330619666,13.508437266395449,-1507044.4758090964,11.275825914738787,12.703524763494698,8.272460866984234,8.035145085633243,8.495086212958666
2021-06-24,13.892608584010844,14.846490850974432,222578.81691713072,14.638098305698406,14.717820746363216,8.723520776431338,8.109994654491318,8.528080390814882
2021-06-25,14.7665553188953,12.42113716563091,1628688.286256556,13.59784938642592,14.024021741090948,9.100818639825906,8.144660769276197,8.54920032411574
2021-06-28,11.54128286078452,13.598786003064944,-212697.8798678713,13.519708168456674,11.20137678735415,9.400517192957993,8.209141677360142,8.575812064379173
2021-06-29,14.248380120187136,10.642853312517786,-268603.1622137134,12.15059946979376,13.834766815833705,9.57416100312541,8.247125504896378,8.590938954630765
2021-06-30,13.37998202166709,13.814784443258604,4183876.8452212703,12.44691722147445,11.361380239918162,9.951465898970847,8.344572804792012,8.619916812460124
2021-07-01,5.047650483422359,3.847374849393532,8277397.278083664,9.448262526464177,6.472828033700779,9.874645730549116,8.371149241508826,8.611176871760291
2021-07-02,8.441492459075434,5.223259106358967,-2251670.609215984,6.984086356391828,6.432561620979698,9.907203214355912,8.377135640880194,8.61252567448862
2021-07-06,6.793008165928001,8.555919130134527,-1523777.0283183604,5.804160626556836,5.827052543016578,9.975811506635907,8.377474299888478,8.623754070542212
2021-07-07,7.860895749063545,8.82461094788431,-1355490.5382232964,6.923841155636083,8.131438281607643,10.113229099082536,8.329002798726888,8.639384483080692
2021-07-08,5.633913369444002,3.1842858618052787,647873.453151566,5.933911812577662,4.682770860621858,10.016228311363378,8.261288417190414,8.635894932684069
2021-07-09,8.41153777945567,13.827357018409655,2949055.98850384,11.657649554118803,9.922044326814545,10.274586221691417,8.303623962665084,8.668915693591451
2021-07-12,12.642772866274612,6.71648485739378,5224057.852612644,10.334181580674638,9.796598770015194,10.263042051071931,8.275423972931577,8.675103837668509
2021-07-13,10.714712663467267,12.491679572510137,3995279.348697309,14.42363487713142,12.579172882488692,10.32914778387367,8.355402895767906,8.707870235589324
2021-07-14,6.932307199860475,5.444408745604406,-1831355.1413513967,5.274842132376904,4.648304464942385,10.25563172055158,8.313379182709904,8.697669837963822
2021-07-15,8.835857996254887,6.887835757052812,-1659135.35208779,8.791022309537908,6.803915729792436,10.183107338132162,8.29372746792854,8.70183383616686
2021-07-16,6.118100779074254,9.14680786603428,398780.5511517311,6.478766746957618,5.2127619347582765,10.169907662746489,8.276194853502034,8.713160405271019
2021-07-19,12.745157233482049,17.97871799049132,2275561.371011434,17.39571815323933,15.750148572942637,10.471579455286607,8.349733805363364,8.752454579803016
2021-07-20,16.35424818915304,13.649450146875708,-2559257.89922715,12.7761064909092,16.65095350762944,10.661750130491109,8.388581018144233,8.774280757932475
2021-07-21,11.92890993214121,7.720500526788882,-1951976.4266449723,12.291572320770284,10.469269053730995,10.589141795235848,8.360183817572185,8.759412896854919
2021-07-22,11.757166125937545,9.442589088877485,-1098746.3455590494,10.120268887565658,9.081381699392722,10.612439051297129,8.362986634241848,8.757186082997533
2021-07-23,9.231263225514908,4.055323218836875,210760.08592713904,8.065935508312279,5.802532606021586,10.591986127249363,8.301333769901628,8.72683543449682
2021-07-26,0.8401320165655051,7.439856204806958,-553505.8182316283,2.9466205509984604,5.603212012890381,10.61842072321337,8.288253197717893,8.70966437470249
2021-07-27,8.410017540178956,13.611005780602682,909490.2348957732,11.98639137166802,7.7747791473669,10.708986045759199,8.38594561127745,8.734147366284864
2021-07-28,14.48008716922216,4.093660216601052,686052.4967297781,11.451794371010749,9.020969226903771,10.545847443583272,8.391025420148473,8.684004711653342
2021-07-29,2.292540350391548,6.377153144546952,2645033.4513994604,4.050593715500938,6.586154581917398,10.388475739190309,8.460655045433153,8.671723277970944
2021-07-30,4.668574829616759,6.10413481047766,-3184951.1151734847,4.740167504083246,6.599141888103247,10.222959842898202,8.482374823296121,8.632088705394157
2021-08-02,11.791463574961838,13.28185050415354,193160.95763759967,11.22346656409897,11.108202468103016,10.269784049004434,8.557714316182594,8.643072748292418
2021-08-03,10.184200538352371,11.34145762592516,-1727832.51516375,10.347925107700917,11.37716337163448,10.076286190616816,8.64785710708478,8.646653194287582
2021-08-04,12.599723996126444,13.412947757141737,-513947.1401820784,13.70856210696401,14.18051167839009,9.975844999905172,8.760190331112948,8.668109383558207
2021-08-05,13.952544380681928,18.5772243346504,1360472.043130821,17.719536598350402,14.95399851433261,10.124999503964801,8.897405942953448,8.702347512772482
2021-08-06,18.55687930059179,11.40560531926512,-22610.95166883059,14.151544686734397,15.212337172384238,9.984883519309454,8.981063332619437,8.720753667497824
2021-08-09,11.627223187455783,13.013587120899617,-1065645.1304262383,12.99147319263605,13.953697006934547,10.135987168041362,9.02399886083254,8.7712402199904
2021-08-10,12.688966733569686,9.123861929355527,-944617.6897366756,10.261097601667345,10.866445683148328,10.003121248737123,9.04357394389771,8.779456743129012
2021-08-11,9.47140824731524,9.572109954110845,-1123353.6351968525,9.658295239581632,10.671269862425165,9.84329152458974,9.053597761059335,8.810223541998795
2021-08-12,9.991446015318957,12.481774648185905,1078861.5273336277,11.36541361422195,10.48922266939391,9.845129024061103,9.110012829552263,8.825018504344564
2021-08-13,12.50420022361169,9.719624841269107,1936245.6641113628,11.933246954675212,8.38229871736263,9.727578685824867,9.091529975402318,8.825028153031072
2021-08-16,9.4377775721631,5.615987959703816,912882.489724026,8.293732497085557,8.401169050013962,9.575249432709292,9.055599223646803,8.829148518914316
2021-08-17,5.3323467360912815,10.429076557085937,462742.8418974122,8.033432989560794,7.436599641892926,9.472652224037391,9.08718207808213,8.833790136255974
2021-08-18,9.583368098653407,4.240108891495908,252379.68452783025,8.967320873276307,7.246472876569598,9.484553255616252,9.064941066384849,8.828495041799236
2021-08-19,1.8672107188532576,5.662883935689223,3692232.870484678,1.7454100257172485,0.7545200710656985,9.497875220141411,9.038890308742763,8.80251140586429
2021-08-20,6.247023883121628,9.708243895291387,-834607.1412649043,8.354765285835285,7.719761315600124,9.532794152418893,9.046719677282773,8.808178745124659
2021-08-23,13.217593948420486,15.732581621565686,3731052.312550516,15.053315498563109,15.636165211534632,9.742126597075904,9.12320299708474,8.83864646949707
2021-08-24,19.70505633807018,9.828982597491702,4271522.319004624,18.436637002308387,13.513728349651956,9.943481043611856,9.171470379175783,8.816044550043305
2021-08-25,6.307862334601211,19.75405486233751,1668071.1743871495,14.821136045445698,10.786227359005563,10.123077947973307,9.301344902874726,8.836455305284865
2021-08-26,18.615926052636368,0.4250149366486226,2729193.690028105,12.194392710952414,6.52050210655095,9.932427344314362,9.198897268024997,8.7791786669443
2021-08-27,3.2228523192792693,-2.831403171300309,2622611.705124993,2.01671046403807,-0.2771855035593233,9.468091503592833,9.042148243339271,8.726778987612892
2021-08-30,-1.1755748976706002,-1.016583864084723,-219930.56025078613,-1.736371266240596,0.0007978983793321,9.272303848753769,8.915282803540812,8.689644457451479
2021-08-31,-4.194684926057477,-1.5190624357815494,2578501.110785365,-1.8811949060299469,-0.5275464732813617,9.017549358061817,8.779681305378466,8.62122847008072
2021-09-01,-4.725669056627822,5.929088807094516,2610413.302625086,-0.1265357552951371,-2.3918625059556007,8.920042719912129,8.705966378193121,8.61486379444987
2021-09-02,3.286515373263597,-1.0906166890650724,619195.7874735724,-0.4779686982599003,2.894227648728574,8.342184093258906,8.609131325330207,8.5691456602915
2021-09-03,6.238586940607448,4.769675032348346,1167539.4945813874,7.3317582430941,4.808433402365878,8.073099998879288,8.624350047628322,8.521363213184408
2021-09-07,1.8859609775178117,-0.8046604094668055,2876695.977404047,-0.3104164825781339,1.087695363063517,7.814761788689722,8.550889076853732,8.502089402460424
2021-09-08,-0.9195803876044124,4.40757737481033,1776920.292407883,-0.1673606708457669,-2.351351952884741,7.662185676142233,8.494913104760538,8.472976415191122
2021-09-09,5.3357776126270124,9.836566113982371,-3034499.56226191,8.101187398404178,8.834632868687024,7.837374854783005,8.479241460884438,8.456797513729622
2021-09-10,9.959155548124173,7.721489469398463,-1216955.791604761,6.991692490434744,7.7949617203944115,7.845909196134262,8.44949565165188,8.46150869693894
2021-09-13,9.943893755448556,9.173988984010435,-499640.056756272,8.496798398391533,10.450376525633502,7.711454141692073,8.4364125138385,8.47418048699713
2021-09-14,5.743481583629233,3.760689921256613,1706823.5376071157,7.191427367380271,6.180495511176531,7.701364132742242,8.479099885546775,8.488755731772024
2021-09-15,2.69827613693667,4.600311643573605,-607002.9501664769,2.582798065040606,3.538251009881563,7.6475204508945644,8.531122402063218,8.468932105852131
2021-09-16,6.163255062454297,5.991165537743655,-1248800.016970395,6.312909061786328,8.407017186875692,7.6440971395995945,8.556767703052405,8.494449173915248
2021-09-17,5.077104689222182,8.595429492614599,-1065321.0936466225,7.013467420899218,5.484547388429775,7.502084381674173,8.598147724576243,8.47982874032502
2021-09-20,12.472410972879883,12.777019391754052,476946.2522463426,12.446879015141292,12.133102438145116,7.545586253365957,8.72638701122113,8.503666647866806
2021-09-21,7.415444009311088,5.530452556276472,1048782.200028499,9.730291831467738,8.81252752578105,7.306722762430646,8.716814114018497,8.47684439964231
2021-09-22,7.409207510365832,-0.1877066861786147,1554690.0307433698,4.355683568739053,0.6644630617385019,6.738088489072191,8.668088621581267,8.447363598461187
2021-09-23,0.2740074083714319,2.9492377125675944,1048895.7047544168,0.1601654063253192,2.694575642417348,6.481834925232873,8.630531230880965,8.425382124815409
2021-09-24,6.162294709511485,12.043653625829918,406560.94426626246,9.608549185781456,8.911045750383309,6.452443001139851,8.717652840192025,8.428339791701259
2021-09-27,9.675129656358736,9.779482202601798,-515838.2277348703,8.889850878925017,9.810064607043785,6.472310282147314,8.755789585653423,8.423746837311876
2021-09-28,12.28293246001219,4.181182362483767,3922366.520987677,10.045177482561456,6.118730129667426,6.308948839976796,8.743201230427573,8.423859708771099
2021-09-29,3.9293570620717446,2.9295759886224744,-1615428.425787026,2.0175457805971746,2.9876917397515967,6.01948827453548,8.696371269762242,8.406367668235712
2021-09-30,-0.8730634204494976,2.0100340684125086,-655498.4873864707,3.1734820010800178,2.561196784548485,5.785864311721643,8.603111086373026,8.36568556547688
2021-10-01,5.07010566630612,1.5918335085945188,594576.2985480549,3.8379845178901775,3.411918908794874,5.663920237445605,8.532564959107422,8.344656210633088
2021-10-04,-3.773071726371484,8.878246661702605,476836.34929711,4.270074113013877,-0.5204175907950059,5.616925392130958,8.528038063431119,8.331199609747749
2021-10-05,11.229808364555325,9.063597819147674,-286341.3027084274,7.505310093284976,11.440696795842854,5.763091723271921,8.52220885742422,8.33386057241996
2021-10-06,7.873628598840114,6.148203222604352,-285552.8947941568,7.514033749053127,8.091191019894978,5.777798368329954,8.501137558389804,8.286229746126194
2021-10-07,6.996149376383912,2.0320707215210803,1771435.682675832,4.96997610200323,3.379014519502362,5.545187060033884,8.44111792756277,8.252545593373448
2021-10-08,3.07230935154233,7.840835303325363,-1230199.7141461913,5.279811585173519,6.651809838039924,5.30604323220842,8.415547811979769,8.23848732826823
2021-10-11,9.990619291306189,4.172987104871609,-1855309.0706731072,6.454785213750228,6.170109337026091,5.134649429401751,8.36497710935074,8.183492843301382
2021-10-12,1.1344158027474265,0.4676671653668478,771980.4205131363,0.7754425612894522,0.7559078357764122,4.550213438584459,8.317082698709772,8.095378641972447
2021-10-13,3.2774748981805715,-3.2438708829902083,2351071.668495889,2.0965778322979247,-1.4896859327255925,4.439035080413584,8.206842413080727,8.006274292768248
2021-10-14,-3.403792770847801,5.578353605765926,2563904.305541114,3.4255332350923027,0.797514260095241,4.693876194870136,8.150168294756856,7.979810370168106
2021-10-15,8.833571372405132,8.77061887917732,-1260883.486561847,6.077660569734277,10.304267909103416,4.990458096181109,8.142228798023943,7.966120759353204
2021-10-18,4.140235345473883,3.057537800938931,-2116440.6873496254,1.637749456771644,3.450802852752858,5.129142951839304,8.046578443096125,7.927476984068188
2021-10-19,9.098484997405166,3.150188465334722,-486627.97509605344,7.580229042564184,5.335755820215681,5.044933850573856,7.952016972053626,7.89269210150336
2021-10-20,0.903177445956146,0.6762372904665028,359935.96508358885,0.8623518024978694,0.9780903466416646,5.0984748802566315,7.8277426528156315,7.863996557405186
2021-10-21,1.625555318617515,6.961222873876565,262344.55191118177,3.560165507696169,3.941264664768639,5.164885420909001,7.7067801350758565,7.854498732505999
2021-10-22,8.871083945307248,11.47698576935514,2976214.838204641,9.87783799037669,9.400248452038,5.537056517236938,7.647785513937983,7.867386322074273
2021-10-25,8.651791926039834,9.830335966301746,-1311121.9128703102,8.831045501473668,10.250387932746236,5.7013825351609215,7.604810348383141,7.869845063120652
2021-10-26,8.576947652906142,11.442839546341204,4526038.618292486,11.069058019912305,9.614415433514822,5.750057487656643,7.553275592579203,7.882209785381951
2021-10-27,11.080711169429364,8.45018043144509,-2954521.8240837213,8.58171223613094,10.48443747555983,5.772139031961087,7.558028555710647,7.892294605247766
2021-10-28,8.913628663295682,9.508358965034304,-2018167.3139529775,10.11513974827453,10.868179571365914,5.782271455628477,7.513083855695353,7.910412164990497
2021-10-29,7.97668361329049,4.640352349602665,-539710.3473456893,6.629837933617623,6.730417497996754,5.808927892851085,7.398408142196795,7.874273196122786
2021-11-01,7.273545195997627,13.35772797248636,1718607.853888588,10.888774385619456,7.65087505750121,6.07430414524238,7.4089316344086535,7.901082728286521
2021-11-02,13.05618716926952,8.624067453653467,-786841.340420437,9.501215498552057,11.07599050514105,6.154089051785102,7.353035920370322,7.890095784940264
2021-11-03,6.679785847973605,9.194722137827997,-1066069.584544886,7.634869002820878,8.181966781386919,6.172249434973386,7.336764783576054,7.877286070187076
2021-11-04,12.700810306112828,12.418108697256528,438400.7045497564,12.230660222202443,13.453492604654272,6.161373353321946,7.321071797665919,7.887104187295586
2021-11-05,10.875925226468482,4.7903857861540615,355452.1098004952,9.36990845893935,6.893963126681072,6.138947087560661,7.3316674261688455,7.869756566269892
2021-11-08,5.3361882306786725,3.0179971773447534,2304881.511138226,5.1983832685350535,4.626049035840623,6.236089628879551,7.306889202247339,7.844705517068834
2021-11-09,3.991970579670422,1.0204782988307812,2899668.4834421184,2.645025325708275,0.335267969202988,6.17764237391783,7.222221327738307,7.8218149800818715
2021-11-10,0.202644819216303,5.786736364537745,12551.095517839303,1.797955404739099,5.107678184737665,5.98803882054534,7.188087905453513,7.813292561297064
2021-11-11,5.1710488831060815,-1.9798977030387024,3877417.198940171,3.416875181624448,-0.1758863326034543,5.63169397491987,7.130063371017065,7.787846332225591
2021-11-12,-4.450245576057313,-0.3231148055684514,2215093.515590912,-3.232669825558645,-1.3755975641204543,5.495200121342529,6.971069305579109,7.7538762369110925
2021-11-15,0.8018160815027926,4.979302806459501,2037908.46931561,3.830986131829647,3.1887145359025766,5.557313055216379,6.9515504061304085,7.737581567346511
2021-11-16,4.384594595816736,1.963568182207382,-3691446.287006208,2.267474495866906,4.332642876904146,5.555904998058648,6.833257019722512,7.705926923869335
2021-11-17,0.9967444438303515,-0.3292228649897595,224011.73542309648,0.0565348560831608,0.9869109179157648,5.497691168556094,6.768384754434939,7.702099777136267
2021-11-18,2.6562001033198186,0.3394604303102397,2196316.258050692,2.430577584963004,0.8837013725134284,5.238940070635112,6.694807503572662,7.689445320347869
2021-11-19,0.4571731961370346,4.205333370886649,696174.2681816677,1.9397921351474563,2.795487059339578,5.091719935839324,6.6392853182339255,7.723444740222074
2021-11-22,4.455107810494042,0.3051178346981373,-879482.2119270926,2.357200976885153,2.0122574966823947,4.914656742266409,6.440705541202541,7.698942203074924
2021-11-23,-0.8919392629779566,3.663572759641738,-972531.3402758604,1.5651616954662444,2.073595939240164,4.964096197967035,6.328504671683057,7.672869683172587
2021-11-24,3.328372645990981,5.684917101286729,-1080432.5260040718,3.9955754470121576,4.1500865318232485,4.898765343359804,6.30563294780101,7.670469790407197
2021-11-26,9.68000118235618,5.618699443363482,2253864.0252629416,8.975104520833838,7.93447946169961,4.942574808162588,6.262667895604225,7.674322247179134
2021-11-29,5.428398666940012,2.963893675409224,60619.806679246016,5.284976625439825,3.895351638699438,5.018218035739629,6.250404642307284,7.650515278047842
2021-11-30,1.5292349906373204,1.1329164768132785,972805.8150038272,0.5683292700696114,1.9223217037955749,5.150847955733675,6.179540150981512,7.601016563011036
2021-12-01,-0.3445645498074725,4.476388387247582,713149.2088584285,1.5372801270522132,2.004771863768056,5.117455070324027,6.076904000494377,7.585334674916124
2021-12-02,3.49000840163103,-1.2743853156060825,1575129.167960964,1.38167211241786,0.7907149080601954,4.813061003815439,6.016588882154971,7.519978765679255
2021-12-03,-0.949479153777702,1.450660848295172,-1502985.6482303385,1.832661746676365,1.4777551414334056,4.764367762826235,5.96123503612967,7.467254213185312
2021-12-06,4.572033792071068,8.029097005148728,130198.83889311644,6.380109359889957,4.199277620285102,4.912213476153932,5.982863824833839,7.4540704996349945
2021-12-07,5.435381143476846,1.422019293250699,754561.2782174917,5.172307320108644,4.386702201817812,4.934812930783756,5.849607294374258,7.411414983493259
2021-12-08,2.7648729539191947,5.7094145227704445,1924316.881344368,1.9726625262009063,2.221325456426712,4.896879344386601,5.786325911192742,7.389656508904168
2021-12-09,4.737644660541903,5.651404138763056,-2791538.259796033,4.963983631578188,6.521015453919929,4.720346567701992,5.699117555930062,7.369762548677456
2021-12-10,6.45719350034399,10.085621752580352,-114248.54749872908,8.993649903816689,5.842114447907505,4.728082500619525,5.6037062909629825,7.367100519542366
2021-12-13,7.404501855302982,2.2812123760204344,1662388.0152707675,4.624337724790479,5.155353597125071,4.45045743485223,5.501185021937761,7.34471927655827
2021-12-14,2.0882561289684816,3.325096461003227,-1094840.2480417667,3.4126998756961626,3.1742307624689943,4.295151859990355,5.392325576320948,7.307958051530145
2021-12-15,-0.0444503955169466,-2.4714086852568897,3540775.3876695167,0.1584936898407392,-0.3629214571327566,3.9321285978603187,5.26204163683092,7.256785862218075
2021-12-16,3.6061040714524353,2.539824482269239,583703.0741617372,1.3431462302856971,1.951721582347801,3.868476238244155,5.183027193327082,7.240147538595304
2021-12-17,1.1035747182147873,-0.3753054247767835,221250.9408858381,2.200190762093399,1.1940889327882616,3.4523237110543623,5.038565619473569,7.210123689574722
2021-12-20,-1.0239352834970106,4.376588538093301,1445399.269493524,0.6979648570203949,1.7737030526887168,3.3236122287646603,4.978531503707549,7.18629550388339
2021-12-21,6.44971782462089,8.65971594120397,25187.81480527483,7.957399899687061,7.595860782094022,3.3073999197760533,5.012730694510921,7.186530726223851
2021-12-22,6.049736543516332,4.851239052454773,-710389.6331975888,5.310567903119264,6.048660073707808,3.0781008396305456,4.950058362998211,7.161297372013641
2021-12-23,10.074532052185546,11.275340417344438,-672014.7600002112,10.10725200445556,10.099861485339416,3.2746146163332845,5.029105908232465,7.170173346756011
2021-12-27,6.878302725183488,2.7144836212145407,1647184.6141084991,7.26820166839353,5.023097884654192,3.26541723584449,4.9959778148114005,7.149836928395905
2021-12-28,3.9138080418696006,4.049104798414106,2450400.0488242097,3.206909141147122,5.051044359237082,3.357193796437924,4.932391982262218,7.130880429917373
2021-12-29,5.561009165841966,0.4385644367610695,7671027.398899611,3.998106181452116,-3.516149417259939,3.1951279804446915,4.760549092545312,7.122276691746773
2021-12-30,0.5464716944542829,6.151832214416032,-4293448.544339903,3.2824547687385888,6.624913663330233,3.4415440385493805,4.719232796106259,7.117868365497461
2021-12-31,3.8014852817749594,1.7966245064828144,-1775288.260445499,1.5880167151475462,3.6648532278630057,3.5057785631569947,4.517463915703398,7.093873768321312
2022-01-03,1.2275627862910596,5.522193373219267,-134467.60406732187,3.895135441016024,3.529149030732213,3.522229792452745,4.5747355835300345,7.0775284041451085
2022-01-04,4.751226146135707,11.310275281611991,1712607.2829786036,10.34964572723534,5.772384960916639,3.8054633409195517,4.7336308470459025,7.078574409986333
2022-01-05,13.983304040434078,12.404184954652308,257453.319906177,11.402359853245514,14.680100588511152,4.191324183939008,4.884426002312611,7.099710379254849
2022-01-06,10.150428026000071,7.298180305298672,1677036.1040960485,7.761956522619087,8.970560196397514,4.4021944831810815,4.983496145470816,7.076296940903692
2022-01-07,8.982628151130172,4.688167040658925,-1821504.4011861517,7.328980097412597,5.432928290855486,4.416825806507514,4.96955320427491,7.047738966154133
2022-01-10,4.878624263643985,8.706740996297128,-962997.4084109828,6.069070084387207,7.092035510707589,4.67142044776809,5.079635874896957,7.038970806799538
2022-01-11,6.307651030757185,5.139543349023072,-1778740.961569149,5.393018059637114,7.359606987629746,4.716146829264495,5.083791698679819,7.036443280446829
2022-01-12,8.613572934587893,6.046780000768166,-2179747.745502509,7.49757029336709,7.177598974855684,4.727112371673022,5.160774175199314,7.028980414304885
2022-01-13,3.556882664185082,6.823332457716532,-374690.09253419936,4.9650202986535135,4.943003979657576,4.763616402410993,5.187917490737585,7.029685707349084
2022-01-14,7.310484807859723,3.3678630861492,-98127.60108757252,5.45518594903487,4.598561175506703,4.775857899706144,5.115235434245077,7.020316198101559
2022-01-18,2.4475956377523005,-0.2588814387207634,576690.4297936726,2.08971587408611,1.3328769965792304,4.733682205296022,5.0255683453898055,7.000339105142436
2022-01-19,-1.223173318568172,-2.6077172653278358,2634817.137125173,-1.5975637068390256,-1.768021117083066,4.519012337036161,4.893189623487128,6.954018948541863
2022-01-20,-5.109794123368687,-4.628922681169925,3438584.500760597,-5.695694004746812,-4.643553550372417,4.417359689594832,4.798924313347504,6.894084289181578
2022-01-21,-1.4329104205896357,-0.5034330831188072,-1356065.560400549,-1.8710976567756037,-0.8365727253564614,4.358144721976227,4.7415788669801735,6.85818979018281
2022-01-24,0.8441558405208269,1.42715760273515,2260897.624935923,1.3781684186014331,0.8007305161004155,4.158085952206118,4.69029787894637,6.833146292075266
2022-01-25,-1.562918549185213,-5.977681089145975,5291666.455071339,-2.5555338440102844,-5.369561220285824,3.9338526072850075,4.526555063420971,6.7854224472611335
2022-01-26,-6.103416490217725,-1.4910254716693814,4176593.262119798,-4.198587998462841,-2.59197813038557,3.7156574559383455,4.366239952595989,6.77266237235441
2022-01-27,1.4389908337719604,4.937037072034514,779769.8553891052,3.5014854187715514,2.7315955242537626,3.6940099690677837,4.359572362885404,6.773720602009893
2022-01-28,2.3926927373978373,1.8007045817067393,-3108264.190695854,2.446285962486641,3.5037839822471355,3.4429518729807045,4.381914062524566,6.744857623912507
2022-01-31,3.569178674510568,1.5975660330390724,-188650.64801145624,1.774252044040523,2.042446398947177,3.422235317132784,4.366726740282672,6.695325398512392
2022-02-01,3.635693354315066,6.151154896510057,2310663.8008015184,5.18534771395214,4.963493177191367,3.5078734515420824,4.300518889391438,6.682193591980027
2022-02-02,5.937125802407067,4.646299620669865,-4319230.458697315,4.539333507058643,5.737756991084936,3.723561582024711,4.242842680605686,6.658961000347004
2022-02-03,4.751581755498222,1.668006922580048,-157407.37672615936,4.113646922054556,2.8433883080095512,3.697142868094736,4.214604754314633,6.626522043174919
2022-02-04,0.27245096460328,-0.2054144622860008,763167.598175643,-0.7029885132492382,0.1635553063655663,3.702291079079305,4.179380142506672,6.602577966340744
2022-02-07,-1.4814352922895964,0.6597819194204249,945087.5415007976,0.9650968871800814,-0.1740104827425241,3.5896605754831574,4.164208770046088,6.565991111025952
2022-02-08,-0.6623107144707987,-2.960634058812566,5528338.609585703,-2.8777659932510886,-3.4099423488979284,3.237528757300838,4.1130574490639855,6.516216551234509
2022-02-09,-4.648878804393121,-0.468576272176243,-591216.8991109375,-2.5449364726317896,-2.2450816186787605,3.076322232312019,4.0080369666608515,6.468251800924767
2022-02-10,1.7098798283418546,1.0832557927606743,-3270189.2793245474,0.8280446666267949,1.8649203129401213,2.767471183082208,3.918370202319425,6.4238290735339
2022-02-11,3.715504512777045,5.475363528587764,500205.5689763939,4.703567252212736,5.209571810419213,2.8511342105783664,3.910810205757441,6.403585791642094
2022-02-14,3.6941272350790655,4.1431113235639,-2445829.2923482405,3.708566579220396,4.181087229217056,2.8539828931586633,3.9345297630837646,6.377385190551376
2022-02-15,3.02110708121446,1.1220702919179573,-704820.577923914,1.714254625549103,2.133928907160204,2.874695191799781,3.859038021382558,6.34274541324082
2022-02-16,2.775424863035944,2.391953685073432,-388045.4241214818,2.404191046190128,3.024056913251229,2.7607594787893994,3.839026409924151,6.312056681652653
2022-02-17,0.2457977356460006,2.9880790273538125,-42792.60564227728,2.7564981917151954,1.4484121396951295,2.7968641612400353,3.8673456443284993,6.287953900099838
2022-02-18,3.653585120484173,5.536927827259696,2786459.346731229,4.828677510650472,2.2648052653501622,2.797310659847321,3.9660063039942286,6.290617191316395
2022-02-22,6.98802803365713,7.107701073361071,726404.8178958353,6.475844924192998,6.380434485836943,2.66995992626396,3.98318998340541,6.305493345163096
2022-02-23,8.45675260289633,4.184758408782017,-1654893.1963772315,6.891776556788571,7.005071349141112,2.420886394570921,3.9316634612661376,6.32268064951748
2022-02-24,5.254602386634133,9.435944709227371,1976428.1795161832,7.886843483083226,7.318537889720162,2.485667134083912,4.003330954617692,6.345276658652904
2022-02-25,8.106897702974422,10.840123858334591,1075927.4414300136,10.615533910258192,9.131330251596502,2.6720900679528716,4.089734723078365,6.363574891361389
2022-02-28,12.44572844026807,9.806234092869062,-2028271.4300335103,9.153273675709867,10.649094660643913,2.7054080405762635,4.192318956813225,6.391418174010481
2022-03-01,9.17612080286915,6.05855313603827,-1067461.723071741,7.818331082475396,8.201639238555131,2.7332568220009663,4.182176600208301,6.402762647475733
2022-03-02,4.902476864413501,5.828045043488274,-1318930.7177675297,4.5823516529396215,5.993290382965597,2.7266284899621813,4.118705356097437,6.400457970062181
2022-03-03,6.025920035915917,3.9842107200881856,-58469.74041396566,5.306961528063596,5.425765872022794,2.6405944979128373,4.053018555578184,6.400561459680619
2022-03-04,6.036086757784318,9.457369410381034,1988652.6594887131,9.084087575973214,7.27101966357958,2.82512499258653,4.030709902365148,6.401698988867089
2022-03-07,8.790179294245817,9.08323815899844,-265923.6680760067,8.154918173851783,7.222949680998312,3.1082195258507483,4.037822910539904,6.409001815572854
2022-03-08,7.462838494559733,8.560085932755939,-182919.8110663211,8.579362326405601,8.946617917155493,3.446637804580559,4.027168157368238,6.408487204869118
2022-03-09,7.9834659265997345,8.109279768997979,-1081175.04015275,8.409414651726067,8.212224338226676,3.832643939434132,4.066144869945713,6.411270235842004
2022-03-10,7.47295030887669,6.146036487318256,-1089057.5090378327,6.8576459370335385,7.465180758226069,4.034143017326165,3.9851146285393297,6.3888729724373015
2022-03-11,8.114412796515197,10.52123150134679,1323818.171399488,11.000673852741867,9.170084866006237,4.30972101425379,4.006431078513412,6.39620089791113
2022-03-14,11.07891105082075,10.543259539630585,-297642.1858286718,9.45912682046938,11.307707725652335,4.810355578762171,4.021583184151644,6.408754790732111
2022-03-15,8.611049316083722,7.561682820085267,-537709.5788015295,8.589933822631366,7.643312369207862,5.084680072451705,3.9670166012620784,6.414514979090615
2022-03-16,8.301604093647285,5.950212134866533,1009668.5420208946,7.306150052422012,6.280827903858594,5.115382347082979,3.980048357989185,6.405797428743113
2022-03-17,2.47516643185422,-1.3751731453321128,4786270.365168395,1.0808181284291152,-1.2068259687290777,5.019143628081801,3.9306868936894452,6.361219732431684
2022-03-18,3.9882051809751142,8.045276558079095,763481.8317728648,5.352627722438811,5.913097173336524,5.214528795507257,4.009617211209089,6.3574416654741235
2022-03-21,8.009879317546762,6.861333988179695,-1985489.1318628788,9.25958423381391,9.405173863638254,5.2360493740427,4.021691341811808,6.363141873185673
2022-03-22,7.2420075490392435,11.21646890116338,552381.1385876494,9.951201069313312,8.224049480294156,5.435145412845534,4.169965123881494,6.376108596996969
2022-03-23,10.428075709156232,8.123698807135497,2013907.5966853583,8.7093976146285,9.649402540599723,5.6307724396502445,4.264873142001763,6.370017800296801
2022-03-24,7.128049690796274,6.498296183878438,-2288613.7515647965,6.013932057051662,7.246471681952002,5.833915186503713,4.281940483321077,6.350185337456239
2022-03-25,5.839372911831745,4.4251439028824535,-166551.3227989506,4.430606293801517,4.406568050352945,5.948017064790441,4.309598637485966,6.325081061168275
2022-03-28,6.132436406617941,7.879087124974774,4428123.231296414,7.723059686782562,7.106568512968963,6.276493464299148,4.401826839620399,6.313620186594487
2022-03-29,6.327142241939441,3.434727874334854,4539760.290171586,4.949846879419638,4.522788561216785,6.394775408132817,4.436605125508315,6.274757570919571
2022-03-30,2.576819185571054,1.2931828859411922,-3338555.8701016773,1.9535154377325623,2.523594962251124,6.401136835198893,4.403884333542636,6.247999973795995
2022-03-31,2.823479954156653,4.644315230919531,-2073819.436411164,3.976516217606971,4.951466740257118,6.375953553451371,4.452639360466472,6.253275108916612
2022-04-01,4.29079599311234,4.542239557549678,-1085659.1440894734,3.382938013642388,4.169239022556269,6.388048348420638,4.4625120211171225,6.248162978307504
2022-04-04,5.387476325364176,8.308351900209715,2246124.568049463,7.3866892243939475,6.110274779416116,6.605814457762811,4.49198881661064,6.243523119977484
2022-04-05,8.286936250459334,0.604755198928828,1108121.677965032,6.001229800327565,2.7474086628051566,6.551656927879643,4.435652364425981,6.197915449505267
2022-04-06,-0.6148460074523427,1.1133680726816235,-1334190.981909796,-0.3798289019830889,1.9943094423438907,6.494847505010788,4.414859941923424,6.158192280327522
2022-04-07,3.154007276842321,0.866176693968697,5642375.064808539,2.305251483913864,0.647468753677714,6.353309591880758,4.4118628657116865,6.117539011849271
2022-04-08,0.5689482359448448,2.0121255477658764,-47497.49865852576,-0.1572644994169678,1.5737688090986095,6.198898212317267,4.3841745192006565,6.126339920469639
2022-04-11,-0.6541795244531556,0.5866449223406818,1968625.5480889352,-0.8255433182340255,-0.9126452171947576,6.089864470303893,4.405084971312418,6.128985144713118
2022-04-12,3.1628961332766963,1.5461969600285317,-1757116.6005706638,3.181681950139563,2.861531798390459,5.850781205176657,4.406158410770096,6.119703870937677
2022-04-13,1.0823180822808922,1.4394137326362824,-1217032.7748872866,0.7761936285296542,1.5352972812661605,5.565911201367616,4.332117025685686,6.104797459588506
2022-04-14,1.7886749049173716,3.9509540859217154,-838366.0109478082,3.294444668156139,3.107201108955508,5.388478473884363,4.360532023356147,6.1159014561789045
2022-04-18,2.9735703087249874,5.360352042483633,-757558.1000903547,4.256186712582306,3.53416019383549,5.367320864988768,4.356609973015846,6.111514810836299
2022-04-19,7.210524038160464,7.199807288588374,-559098.5690109148,7.071677963204863,8.316362873648835,5.408889417870589,4.37400776121613,6.12460899602022
2022-04-20,7.135378631176465,5.522218875062663,-112237.65491796144,6.167387731251395,6.201813098166198,5.455495725597089,4.3227335715811,6.1213058775230875
2022-04-21,1.4289613168662925,-0.565075526351535,2970155.9229296166,1.192599214354587,0.3796823917643053,5.151785272968828,4.2907528086331,6.1004693714136575
2022-04-22,2.834304309349264,2.4807172035560683,-1128066.9025287936,1.7399005399819458,2.374841233683,4.951708880379666,4.281265401246054,6.083711454448072
2022-04-25,1.584056955680964,1.3266978847299171,1112652.8709944878,1.773702702556406,1.6076887936067834,4.732515303166756,4.3239407559650065,6.06665202057316
2022-04-26,0.3734460100306478,2.432204144802576,4402806.392568551,1.26589353619174,1.5288797165215016,4.560482708494169,4.322731538690101,6.046629538414216
2022-04-27,2.211656457976943,3.708168560240196,-3210361.0226161014,3.31724409078916,3.257304690657463,4.4866079228251365,4.368613268858831,6.018294680775535
2022-04-28,2.803543539981632,1.9646780048949355,-1731834.391936211,1.9967100350199445,2.8896271234744475,4.2273184229326555,4.341513150508287,5.992948067769791
2022-04-29,3.3573964934160614,1.8178580913779925,1642580.8753716042,5.018323038999128,2.912931380216897,3.9629123184401527,4.2646383432068715,5.960916813325517
2022-05-02,1.6402701135351163,0.5886843660618482,2281197.4316063747,-0.2790222500653598,0.775158022850988,3.751609334984898,4.216744470326052,5.922317187627235
2022-05-03,0.1626466683422478,1.1708663398412966,148325.53384802118,-0.440783395816517,0.2824614323128998,3.6067806745295874,4.103211053724894,5.892906533134419
2022-05-04,1.807154071322934,0.6617303827913119,109070.89261304589,2.3810108079933343,1.8005304530642263,3.668505023866661,4.080146410596543,5.8640992907209615
2022-05-05,2.404460639617504,2.896696244071208,-483234.5530434456,2.033543558087331,1.9129996837881509,3.512487438593695,4.0671979998735885,5.833112684085161
2022-05-06,1.1958933832233711,4.541064354037978,1729006.1560998634,3.6764379179668873,2.661676375255908,3.442176237559097,4.113293504562093,5.815375708613843
2022-05-09,3.8534637918619614,2.1850546939603745,1507529.1936638178,2.0027398414039723,3.112934810083523,3.1684970191590067,4.068722970624389,5.804452039006749
2022-05-10,0.5019257692935923,0.4011124061946844,1577328.921166225,2.037916876889597,1.4054792446422084,2.9344792494335277,4.053043059385196,5.7779867938058915
2022-05-11,3.0066018524036338,6.095664141193296,1759506.2312771203,5.738094932950304,3.801135154841127,2.922278278443068,4.059486551160186,5.758558956915775
2022-05-12,8.943808067510808,7.5172614793827535,-390173.98667198047,7.057838297325745,8.815844946637064,3.0159788110642896,4.016868418550868,5.75014705730623
2022-05-13,4.536906381414241,5.487927332913969,5857.432859287597,5.395491960914292,3.805835818622427,2.9435194234260837,3.939157658756055,5.72404194118348
2022-05-16,5.949027955313127,4.019850218283338,-641783.9250712851,6.0646039531856815,6.001409511260917,2.9612504035457348,3.9023224892390287,5.691654348179902
2022-05-17,1.374935748493712,-1.0881776530399492,3242582.095854815,-0.2648668085188106,-0.7028934749534486,2.8890879629705486,3.837419739871626,5.636612162103988
2022-05-18,-0.1136135124868644,-1.701774764863096,5905035.339208371,-1.0669652554463551,-2.6564554347868423,2.69678220552259,3.720470124577691,5.553227347865449
2022-05-19,-2.4249206705329485,-2.18742163516356,1703325.2083697878,-2.1296308961232384,-2.094354730617184,2.4928530784706733,3.6381446753171676,5.4720473964242915
2022-05-20,-0.915667036155746,-0.280237627240254,-2765262.848652494,-1.5089059319513396,0.4860795083482472,2.2325927897600684,3.567054589609207,5.412238970124194
2022-05-23,-3.850105870707843,4.019292780322942,9224632.55812097,4.706680671865051,-3.3356790232679927,2.33606362555989,3.535548525818269,5.360693304748362
2022-05-24,6.333361789810212,-1.708852454047424,-2314161.5688579865,1.5177713807284547,2.7145305500783223,2.250541791416586,3.478506778175609,5.318907814762121
2022-05-25,1.2310622131038755,0.0812044359882122,530872.9151170487,0.1855031914925504,1.3884581848119026,2.226754753295965,3.4823279677790815,5.261280206047927
2022-05-26,1.517964892029724,1.7101546070749976,211702.23099229575,0.9715455180213084,1.6592507340559663,2.2176041187295747,3.530843382075742,5.2049010805376295
2022-05-27,0.3092366869455532,3.721345351855007,917088.5960609335,1.9645571247669835,2.1451494253614385,2.3125950408360687,3.6246666184018648,5.167562918246746
2022-05-31,4.736769886971963,4.283411075110415,3552017.444739317,6.4384413514090895,4.9378034699274735,2.3955409231112776,3.6784513842246653,5.1275827683413615
2022-06-01,3.900998352147965,7.223118746165305,480916.9875203036,4.982978096952493,4.581748493952162,2.5708047114000365,3.743574543139611,5.1129057959535835
2022-06-02,7.485074716693184,7.701184762392671,1437033.4506685166,6.759330621808331,7.654086731776367,2.6844480652324894,3.8972696650670113,5.086667170713814
2022-06-03,8.505806507663657,8.512929475079908,-393957.7960551717,8.757605889050694,9.43228094573449,2.7799807147051037,4.009673653232734,5.106691010309036
2022-06-06,6.966130870134862,7.294683221181629,-984880.8245286344,8.404573778834916,7.013568670486265,2.782855742965505,4.0361640594029256,5.115581242561494
2022-06-07,8.386551368647382,4.811551427451974,-2305661.060998344,6.651436666444589,6.815657988521444,2.7613203657651813,4.06999379924276,5.099510994910495
2022-06-08,4.680255594766841,8.340559109994118,-1415806.5962892207,6.180124486121045,6.222834932110516,3.03118808201808,4.145757766399558,5.097433519211396
2022-06-09,7.479536650770605,5.303865462628941,-319494.01800693944,5.403412887501062,7.058463738444168,3.116738029262713,4.136237660400894,5.106530427369437
2022-06-10,7.9708550708473,7.027594512405486,-1068809.6434740024,6.887998304655682,7.581555671955506,3.289492472525608,4.162993782779946,5.077346897300749
2022-06-13,6.655729044599852,4.19604662434903,3962062.599706528,8.612092642092442,5.139838815864685,3.3429422446330768,4.19139872324926,5.066529565828454
2022-06-14,1.9344651430829811,3.4832305918915694,-1932367.934849685,1.5440522372313907,2.688831628756617,3.3361259425619063,4.2328441732962,5.027866694667002
2022-06-15,7.997236098947262,9.627001510001222,1354556.3484165166,7.967473611000642,8.209868423169034,3.5683175639287636,4.3335994495948595,5.045817736574285
2022-06-16,8.553821843338334,10.447791230719346,-303122.1585188769,9.68241986750244,9.691925974417297,3.82983068936335,4.484255913522185,5.061096515431222
2022-06-17,11.81288367821564,10.598965587017744,2477397.7591656856,11.354487156379058,10.340745653435556,4.133172544543831,4.608610316434477,5.067328952001967
2022-06-21,7.297270125855164,5.650989629676566,-1829620.3551341835,6.755905756717695,7.851677975221904,4.268933856357021,4.659933168534655,5.014420246590745
2022-06-22,12.18332339332629,16.771484248652058,4345897.770371994,15.35167067002054,12.693670563073567,4.757108215928559,4.786855873254479,5.027819534581201
2022-06-23,14.640321290416182,17.270217955433083,1678397.690947541,17.046683303060178,15.06317756945748,5.192669479909222,4.9343514533878405,5.068805446292119
2022-06-24,14.80187868569395,10.1671517948473,-1929007.173862084,12.192908756398054,14.181058550727258,5.3631569781155655,5.035981582634237,5.071915157476539
2022-06-27,14.228104954536107,12.982142695827308,1289060.865250707,13.0139546812821,13.003662530193653,5.690341463020624,5.154972470395518,5.110227687420705
2022-06-28,6.198757001416993,4.927275544268298,3415399.700224026,6.354390746374037,5.555446443391546,5.827497921750127,5.176761195304669,5.09944407943556
2022-06-29,3.1831355067503466,7.490469372750084,623630.3608590523,6.572690104753306,4.869361929216936,5.8697647469488174,5.198711100310178,5.073175682835335
2022-06-30,15.343351722961032,7.900535652968003,1204911.9757871684,11.856738710936597,9.886466033256111,5.881379115845341,5.2076193540136275,5.089514204021459
2022-07-01,4.631118821619566,8.198454264416156,-558123.5479380982,5.689817803484672,6.664908237721164,5.963516295587831,5.252717060256708,5.097330947025189
2022-07-05,9.240548689343782,9.758942113097874,-578519.3429477857,8.551706914400597,9.231772768821216,6.137428171188271,5.25634624456986,5.1130168152767785
2022-07-06,8.720882914223807,9.547595835806815,-4440914.847669916,9.323164629462669,10.713642040802853,6.459724337516961,5.241823457799884,5.096989971206621
2022-07-07,8.868104870353491,6.916020813374473,-3127998.209283184,7.456808225916433,8.65164095525735,6.720869658069615,5.209349151288709,5.07799668016563
2022-07-08,5.431794902730061,5.170890168260385,1414093.135235711,5.305566845510285,5.4422210561377256,6.943848803627916,5.199375410077722,5.0426230424451095
2022-07-11,6.719210780671688,6.123799746888551,-2741159.297780564,6.294013531418059,6.812615058722898,7.13791054223788,5.202698496632781,4.989174868248708
2022-07-12,6.798179909959117,12.758872561068074,6295192.454933744,11.326952744195978,6.689529834556524,7.402746293169551,5.301290202711207,4.994982882162025
2022-07-13,13.064745354383431,7.150960772177683,-1409957.8651061682,10.093834546326264,9.944492338190813,7.671225481843039,5.275375498911169,4.9698213956868225
2022-07-14,4.152617613485887,7.385873476365859,-3161431.3780018985,5.671949662903785,6.871314463235748,7.89257908912721,5.256303985623163,4.962362217776996
2022-07-15,8.329681768411064,7.191278714523605,-663104.9352957481,7.299089115594782,8.228715128580774,8.058673759049896,5.24092412923853,4.952144057950441
2022-07-18,8.072569004610386,5.57030724241605,-735430.9957030858,6.656739915457209,6.266081257088885,8.114702907248715,5.21239634804098,4.922481107711086
2022-07-19,5.576001746589739,7.775588779159534,1260395.3888644883,7.526258767491797,7.176556883838501,8.220526474038081,5.230705924353803,4.914137605298598
2022-07-20,8.804862684719737,9.723942726915226,-429646.1936927936,9.068756978915474,9.41265684582325,8.296309018909291,5.221747623517493,4.931768312454013
2022-07-21,8.537900266255079,7.111069739171484,-922066.4879691894,8.40119349481752,8.684345423909306,8.278426745478347,5.183183693175256,4.917527939844938
2022-07-22,6.966654044400599,9.374529568930654,-346399.75816287845,7.656054238836546,6.736525500047364,8.304535839231399,5.203552757769025,4.939564080091438
2022-07-25,15.79214441887305,10.795243808584983,4446659.275962401,14.292424534253913,12.685702818069911,8.410613432789075,5.257991315900693,4.961591375683265
2022-07-26,7.456731364590098,7.031601729236186,-987020.0197385672,7.38780015451313,7.323048253618694,8.477887684358295,5.352449460558763,4.950103641065002
2022-07-27,4.746915748796951,2.6070536853416684,373396.5393119268,3.6253429617243,3.3716048092109645,8.304145095732464,5.291345832775197,4.893770903141294
2022-07-28,2.874498091220431,5.281229331461859,6483805.258642547,3.781514987469606,5.104025030491656,8.303459152363764,5.273591847868255,4.874252648780652
2022-07-29,5.680024282846148,5.031059584022316,-3359181.9092864785,4.428813061630009,4.928935024128833,8.24295809392791,5.204092866776782,4.811063827843675
2022-08-01,3.1386145549501805,5.139300810716193,-2151687.22620717,4.863928156359478,4.990516576826721,8.271541554120855,5.1705603050192614,4.831296814427658
2022-08-02,7.256923358068505,7.974981302093809,-867273.4464740246,7.319779749130632,7.701258332190363,8.407655212005771,5.187152272639659,4.877676146931495
2022-08-03,3.908731927484027,-1.258394082152293,5860706.751723008,2.709236191841157,-1.40450127537612,8.077794739516271,5.123292295279718,4.876638334836784
2022-08-04,-0.3321465921356861,2.2851373735802127,-3765428.966562952,-0.6536622545180677,1.916337805597408,7.830441592330236,5.060438927286521,4.892965372645204
2022-08-05,2.174392829554847,1.5594027210811705,188480.84944896356,1.8716713810090084,3.0449518704607783,7.556515444877613,5.0393678581488395,4.874211355108666
2022-08-08,1.7584758587707228,1.906828081463232,-1851619.9405044708,1.9769162421823552,2.195486905406866,7.443056004022664,5.046262747986166,4.88707592493926
2022-08-09,4.399814989028073,5.886136944436984,-88217.90130702313,4.912023516208649,4.74800419984679,7.113196994804025,5.060215800947036,4.891867606965391
2022-08-10,3.7635645409202994,5.149034925787262,-1882957.508855456,4.295970612287462,4.347788949943407,6.745888418148091,5.067033726432852,4.9174199474600435
2022-08-11,8.300703492108994,4.324861895549773,1508122.2261685487,6.990327067365669,5.574085297951854,6.56884933029059,5.022275411773751,4.917064945403131
2022-08-12,4.860085475522396,7.208688441416882,870452.6190991625,5.447224883734876,6.213816087693473,6.393896171066032,5.096476908880358,4.905786500456498
2022-08-15,4.878563758090223,4.672641409130307,-1219729.2510944284,5.0592953562618135,5.810016413164647,6.38617998515276,5.136468744121355,4.89270131564848
2022-08-16,7.277550164466447,11.418096968075986,2223561.7929140963,10.8537322090406,6.825839159849849,6.5051990031929385,5.255029646077617,4.902332680386959
2022-08-17,11.823679311353288,10.552200705845934,17445.340383290313,11.995884662070267,11.734987889564737,6.585552489643784,5.350985546730201,4.931480795342278
2022-08-18,9.417783423421142,10.244270000537997,-1296486.8087984673,8.810366094212057,10.469185515250231,6.647546905889901,5.459498188058261,4.955703792582469
2022-08-19,8.872685625371176,10.84241901247421,397353.2700075568,10.288896953073603,9.5083556091451,6.680379539204336,5.563950121231808,4.97652462294612
2022-08-22,12.030309480097102,9.431866294718006,-56122.69987582322,10.625128019719966,9.264222092633531,6.676872583413766,5.653752959008007,4.980114480465877
2022-08-23,6.677338563380687,8.55271049137859,337911.30479824776,7.589106449327701,8.685508506137367,6.726469240322981,5.705458087159208,4.961984399348386
2022-08-24,9.3654538653619,7.740142436525417,-583600.8886916493,8.348901381748618,8.551776142945528,6.804325369664345,5.73219730506979,4.971468046903102
2022-08-25,9.747876894915777,8.075773796188386,318590.63652523886,9.78526906948244,9.910260641857448,6.863476098431008,5.742039625379902,5.006933628372488
2022-08-26,7.480269355421356,4.31565329465063,101313.74273408436,5.979748623708304,5.284113462038405,6.607620969145629,5.728482708746059,5.012798072930784
2022-08-29,5.052304456798396,9.381498618900736,-136626.04571200022,7.139890860911535,7.033077866557434,6.675213025106935,5.840241968805073,5.001372514961131
2022-08-30,8.048418396071767,12.44346798268262,2583330.2013645475,12.322179932376912,9.032465642383473,6.8284734646922916,5.952182988795259,5.012805930326285
2022-08-31,12.364762931941144,8.739266448478531,-2837466.5099827223,8.909152726372866,11.98476763358596,6.875382183903047,6.03547027602839,5.032368522970039
2022-09-01,7.278160746030551,9.548557245305986,1396806.5510382,9.02731109010007,6.657445983915878,6.9959352142936515,6.115429299629551,5.060776167848509
2022-09-02,11.227985254967775,10.440687747284713,401575.2872446892,9.908849133274202,10.38743334212478,7.076695789085322,6.191075582630052,5.09695923084796
2022-09-06,7.679934980331836,6.272453898388093,3232030.771572486,7.146325338214027,7.404554278112926,6.972105218523895,6.239477558961436,5.117047730374972
2022-09-07,6.12031814464342,3.12644558645232,398948.5493429732,4.8276829275472295,5.045108007420225,6.85135903207786,6.25418078924317,5.092361888850292
2022-09-08,5.2773398855382965,8.637597034862551,-77158.99592631962,6.8962443682694925,7.001120371368032,6.829027743166705,6.34461801024093,5.090533559304004
2022-09-09,9.433998392199127,14.990375479723284,3598078.442340927,15.492280103066491,10.244493031710247,6.956152945322411,6.4998933938351104,5.1284827964590205
2022-09-12,16.304368722587427,16.29362797403533,3325885.769247128,16.050917483065803,16.999905731898053,7.236820407286021,6.6755326926131335,5.189691196684405
2022-09-13,14.52288464488906,8.441826027163955,-2779063.763280021,11.356189998651717,11.69985362239089,7.4136316903715445,6.7378375216366475,5.192270556014184
2022-09-14,7.332724276449014,7.121000056187938,-1445646.8724593082,6.61916679845487,8.075130651923203,7.4693823183935475,6.766825563233837,5.204922972114254
2022-09-15,7.926604842884643,10.92682717508474,-1008075.5175124052,10.098484827447365,8.677833639268485,7.648041942365136,6.8650477259431,5.2498120708684075
2022-09-16,10.121983113699088,5.096668282083485,991134.6004322106,7.425412931818926,7.417207264034261,7.6467500475580845,6.917806780728367,5.285608376297908
2022-09-19,8.455539464408545,7.113077036087887,-525700.6500471649,8.333704434088276,7.561139433595542,7.620631736466995,6.929238386288981,5.2921951721362
2022-09-20,5.0081536134940166,6.08384337857207,-1267492.4837773442,3.717890291952287,5.690549158195211,7.8431237807313705,6.913132564931557,5.280663946811714
2022-09-21,7.070537316819525,8.568024821883228,-776989.9582678657,7.719337450234576,8.3455805474606,8.033514309467826,6.947740401886268,5.304314105699887
2022-09-22,6.934353135456462,9.7764238067476,179659.05798434606,9.652188699536753,7.094579687013962,8.282514948427414,7.012421004003844,5.332752883989213
2022-09-23,9.299510013432425,9.70059897543139,82606.49086558819,9.084862805754,9.478680641173456,8.518689824002207,7.133643213312511,5.371484050019104
2022-09-26,8.183532646714966,4.85048025758644,4163921.4686833182,7.02304991563868,7.583985060830429,8.487306288037038,7.207264056261383,5.36242506883331
2022-09-27,7.901570584053047,6.614403497997884,2267869.8242232995,6.877811909702444,5.974256791192346,8.531711396285845,7.306160967869937,5.34155561702491
2022-09-28,4.697011474065192,2.785821558521548,-25533.575491365045,4.701100944878817,4.357740075951625,8.485073810315294,7.340611071080744,5.311321649609544
2022-09-29,3.675843720437285,4.351608003054366,-1934824.274277249,3.615807562043756,4.298051464187623,8.398495615213399,7.344344949987839,5.280887179466683
2022-09-30,6.687204208036135,7.699296949718644,1413361.1208949848,6.762676527615128,5.817365977579755,8.490212449776681,7.450054493850379,5.2776645035794445
2022-10-03,4.903590234426218,5.219774903515841,-626842.1677442556,4.578331285673244,6.426660472901219,8.302384508426373,7.507791240676532,5.259258563401253
2022-10-04,8.22187020391587,6.661623454856823,-520061.20135818096,7.343986425094755,7.437262578283807,8.184488228093372,7.563425722112283,5.267933546685606
2022-10-05,9.844990256392933,10.51254281596863,7472949.786815746,10.913905526807568,10.275688131502392,8.192617707348845,7.639731311596705,5.255722451593256
2022-10-06,9.9100361391085,9.58938002855929,-2491185.6058870982,10.006713830166731,10.580194471700691,8.154646829048392,7.699348940287144,5.259865424017744
2022-10-07,6.480372903144655,9.727269716095703,-511720.3919978151,8.619517933770283,6.061810583043226,8.16359844787802,7.727485468039169,5.26215103594164
2022-10-10,10.50608450681304,9.262980116269034,691857.057421606,8.36735630411286,10.089320590646963,8.185121769844397,7.745033730442275,5.248609711559719
2022-10-11,10.00888855576504,8.224739855777685,-974139.9160099352,10.49094324769311,9.9434236621844,8.199806540124769,7.741795644832138,5.26334942859673
2022-10-12,7.510548257188788,5.990277545006691,-811554.4084655559,6.3755016283635655,6.367757045754189,8.136609684028354,7.72713940127961,5.276105996698283
2022-10-13,6.187121380202285,9.193654994167687,-1108899.781391421,7.734124637421388,8.235635024306518,8.284427917347053,7.776376520006754,5.3111840082662525
2022-10-14,9.07107731108708,6.617167146224773,654017.3433880336,9.51299061218306,8.076949878157606,8.200660296962932,7.757012565357659,5.314748088874352
2022-10-17,7.830780107126458,4.539990498556904,1533247.8987824,6.201286024598659,4.9085733936738905,7.961160979262154,7.748429700592804,5.3427304416709
2022-10-18,3.23526109591424,7.356403319761711,2044860.481213946,5.793866422211664,4.25749742622358,7.919256035967704,7.7521241815743345,5.375689746929828
2022-10-19,10.41824197248924,11.433920936703316,1372994.2579947067,10.495706396083278,11.497618883731604,7.976388269040351,7.833448612050225,5.403391970664781
2022-10-20,8.161873258647262,7.319252325080143,2290777.591223977,6.319543544453481,6.69977706528411,7.881799316852334,7.876549979838862,5.426377739518311
2022-10-21,7.582810398074613,11.99397208245486,-1166880.975824573,11.71769977110094,8.423692444552614,8.055178655763447,7.903145154810251,5.479266988219789
2022-10-24,13.023492124133142,9.548352138534412,6942339.093862398,10.474417213701544,12.548542237013734,8.24978188461442,7.8930390975946905,5.518790128598434
2022-10-25,9.591657030616531,10.483781024410192,-5119751.086672357,9.80717466317489,10.819681441629925,8.305726853994651,7.891744889026065,5.5457362558667755
2022-10-26,10.06171518332215,5.851537194529044,3600465.216045303,10.071236028171851,5.698281518598904,8.028792360503916,7.893998232451374,5.569540630801672
2022-10-27,5.705308914871722,5.74356929718266,-226.71065085660663,7.463902588046054,7.5147045560458,7.709093612720503,7.77008907569329,5.578467654567943
2022-10-28,8.18697157990141,10.607637778037727,-1625330.857389899,9.34482958929884,9.060782421374014,7.77472427183789,7.695228624261882,5.599595211120522
2022-10-31,8.292013587844494,5.671079238703072,-306501.70290387794,5.879173281176975,6.204816251221018,7.730787277368651,7.644710955091723,5.599820017109104
2022-11-01,7.155569923006112,6.237862767824439,-1832016.4278946845,5.9801642546493525,7.326000193784637,7.588697446845612,7.568932528934386,5.6138713866044485
2022-11-02,5.643664591004097,4.3149253845246704,43421.53361557704,4.859876703497093,4.590764783469879,7.565008268131708,7.562052190060864,5.6275280771954845
2022-11-03,6.444009097336931,9.116017071531177,2226007.356194015,7.991206520075437,7.745961867199639,7.625703420720899,7.580316770946044,5.647440646655929
2022-11-04,10.036310229166132,10.01759184243062,-551689.5863585668,9.723954731259454,11.167401104498282,7.744907919625703,7.604103919142254,5.695904067935056
2022-11-07,8.035957628834339,9.366410514059282,-1168994.6574182366,8.605167392717462,8.768928401466638,7.76910142544922,7.6172270230708286,5.729877242466233
2022-11-08,8.036714979761257,8.11826874797282,-341210.1625385098,7.138439586072352,8.017499042616961,7.718854302456045,7.598792490878412,5.730259953808825
2022-11-09,9.180981878736972,5.895949963709171,-587268.3339701067,8.03275750806499,6.78620649707679,7.603561908161432,7.557762761978438,5.749461372995342
2022-11-10,5.082560939131554,4.094198649706456,1604342.6234052463,4.512104637915428,3.553416301775073,7.58064428368022,7.5260568949709326,5.742529116029402
2022-11-11,1.1166169324864654,2.8172330745554603,333348.00957971346,1.6756642120678436,1.7121834995175789,7.465578513272875,7.499611309648405,5.730365291719498
2022-11-14,2.3961949607007966,6.69094984216089,-1810163.608246603,5.6558106957453305,4.6580060407055015,7.583915733989218,7.505983782628994,5.715795884378642
2022-11-15,8.902798527315213,6.109039129772015,-1464929.5680791356,6.781204407855967,8.695288867620562,7.637171222677631,7.431266553063869,5.7322243253818685
2022-11-16,7.483314339581426,3.012174960910258,1623208.4991891724,6.38381783935759,3.965040771110182,7.495137223016772,7.384763341701313,5.730881314651855
2022-11-17,2.824947948061918,4.993069018934477,72029.29444369487,2.511288604656386,3.960828926241291,7.488267347726427,7.357877898359387,5.7629176996483835
2022-11-18,4.631595410127602,4.7302886527067045,73314.61257631844,5.634389079895072,4.797014568072044,7.429742050691575,7.3302263246311075,5.772318833427087
2022-11-21,1.0547059671229846,4.116694712442367,1858345.720755865,2.508857730055354,2.831966002304071,7.235928471796839,7.313893599575224,5.791597803973091
2022-11-22,6.665463127683537,4.362483963992574,-896329.0493524256,5.8013037903185705,5.754560586815074,7.077537681961485,7.275544107269977,5.791537269320298
2022-11-23,3.0560285283746964,3.973421814067322,1586017.105478966,2.5039017243889674,4.013713110716068,6.9031786546272915,7.2109315127435964,5.771424418989239
2022-11-25,5.744589440810941,8.692512997086226,2753579.3839071337,9.788361892929087,6.906877790459745,6.885891772227812,7.228700538113425,5.787910573258045
2022-11-28,7.639097032675565,6.026778675769847,-2541063.389838411,5.156997242052,7.05309552057912,6.81928688798515,7.191085359538585,5.765384557199784
2022-11-29,6.591933641272746,6.304777018465629,-2061587.449150491,5.658125261511088,6.791511497554652,6.828817175059664,7.140630676503535,5.780793541737342
2022-11-30,5.379842051852464,3.2384355578366666,2010020.742917851,5.559207568680691,4.365512911892651,6.64835598001933,7.098010831881069,5.777314274610401
2022-12-01,4.455434207899657,4.409821989427528,761076.0599892531,3.6117518368004937,4.728219132767094,6.581466732843656,7.118266655522483,5.794358298441588
2022-12-02,5.357754324236922,6.28704940345979,3768013.618292741,5.456135895135517,4.578310658316369,6.634407911780107,7.129568004646054,5.794938629725038
2022-12-05,5.903641180398694,7.173019309181555,705393.8902540328,6.5218149240571535,7.067108084167387,6.628850820550405,7.153634967850091,5.81801328553061
2022-12-06,7.405084102126395,6.393326634297807,-2935502.356169436,7.254840618272425,7.253577776986901,6.476105538659329,7.167725145643143,5.821752054891464
2022-12-07,6.247165251492717,5.495082837658245,-362601.2275511189,5.556861217647366,5.733543334182002,6.420827675404119,7.139861117952857,5.796794147406683
2022-12-08,5.286943622656892,6.958864124178163,504140.9801524058,7.809328550783718,6.710440034301726,6.268248646365432,7.232189861844209,5.773423671739413
2022-12-09,6.863623080597421,5.638831076380896,-1813678.9185028,5.076806985864579,6.233686481148041,6.149778311148659,7.269871813561071,5.766302001229036
2022-12-12,7.069066255279964,9.539442112863,479655.5396515811,9.01601705694884,7.498213441748646,6.121161980495714,7.359535177513677,5.787122924285705
2022-12-13,9.831386093253217,7.500273243603459,-1536925.8384682932,8.520597293441398,8.821916262872406,6.171123678952514,7.42238287596469,5.781944951098179
2022-12-14,5.345324135456124,5.339653072667659,-824032.7414252548,4.519325057890498,5.609896274005209,6.15888379336115,7.416242607742563,5.782803791113821
2022-12-15,7.729288918552413,7.681783161581904,349521.0869128756,7.657211221560757,7.598532396586137,6.070221532256429,7.444700453088569,5.78982097206152
2022-12-16,6.906951953507388,7.082296544759501,-461906.5300995484,6.5813150569046,6.813564755374884,6.112985693046017,7.4756828648774425,5.790932405911489
2022-12-19,8.27512174568244,7.532502119615941,-52405.01946033165,7.876730202968801,7.86602609849669,6.15221718855485,7.479321220812264,5.808806393179587
2022-12-20,7.494498299361226,12.120376376230766,1924343.3199131368,11.436309428814935,8.305862564225848,6.388746006485339,7.563003636172944,5.861936255046332
2022-12-21,11.425046993205685,9.305550224349943,147891.99255980738,10.980780982193238,12.036335451096065,6.394489435358635,7.539267155906359,5.913066158435506
2022-12-22,10.656345094789458,13.44530208772737,2570140.3742829277,12.69129873469896,11.03934730291337,6.49835944279187,7.571773913006149,5.990637938559529
2022-12-23,12.907748712605112,14.917490592642096,4966364.005363005,16.287432979106555,13.513032658590006,6.666573990627712,7.624282009546645,6.05682216034391
2022-12-27,13.119631332620102,9.051968106702065,2260858.524740144,8.940968818478552,10.513829330785612,6.694867910589204,7.604164583639093,6.089546668944628
2022-12-28,10.06006401663899,9.143989847442825,-3563134.3681859565,8.907632237119444,10.350836122668795,6.793293361611436,7.600930016815777,6.154446544208956
2022-12-29,8.511867667906131,7.090585653510573,-1133091.2222712436,8.27367946372675,8.278474809892174,6.884092967787319,7.584501647850967,6.191277493244064
2022-12-30,4.893109482102204,5.522794323804732,1157576.4420440015,4.464810580426075,4.652418812442477,6.966079672310023,7.559587624112533,6.193791472865396
2023-01-03,12.042528264208327,15.539596189387638,3799156.4899485903,14.5981383505235,12.538653601889465,7.234220470710835,7.643450797069828,6.25275667289836
2023-01-04,13.396450757164146,17.048139687036894,1592459.6088932855,16.943265116669963,13.820107657551093,7.565708366385528,7.7865124419281,6.319068147808222
2023-01-05,18.30544858941002,13.7976484050307,74668.46538770664,15.236662371238369,16.79461062065573,7.892540894995237,7.836132102446414,6.351885716514319
2023-01-06,9.565299233880182,9.094307982597016,4199909.886255514,9.963510230657093,9.923297745347654,8.016820863591072,7.798501091209498,6.370975881157784
2023-01-09,10.579403327076308,11.512258111322224,-3906038.8533382663,11.01800105192197,9.982839226493295,8.222335089609725,7.82965830090437,6.413225886259682
2023-01-10,11.740388280846986,10.474354239295309,-848297.7266323664,9.75405177477458,10.675202494207866,8.414991438908299,7.8400605143199815,6.45906180343385
2023-01-11,10.478638983339124,9.335427068689144,-1973974.4338611371,9.73636375808833,10.81319829671628,8.565686684505163,7.827641855009919,6.496296331971485
2023-01-12,6.838222292157283,9.77214350952157,668129.5323592303,9.916349820836828,7.933932009554624,8.741405523761355,7.866964210191194,6.550943445998669
2023-01-13,12.197001408513728,10.661242090884812,-490034.7051083087,11.400590520270626,11.62966078218571,8.80106398114919,7.951624845072458,6.59871090678434
2023-01-17,11.084630651653498,11.186964892468168,-538340.1558253085,10.13936069369234,10.867781318497563,8.957433260443079,7.980269427742184,6.642074465152182
2023-01-18,12.308564271839046,10.26810952155202,-1117853.2944198337,11.170657672848137,11.878627784127104,9.07753424538509,7.927210259672844,6.662644190443874
2023-01-19,10.973474670160885,13.863857678405097,1651359.5120620644,12.6360011926388,11.757604651102668,9.399516733887165,7.899909469834302,6.704364131880961
2023-01-20,14.303955450243322,13.49975032519484,1615640.594909655,13.515637411382473,13.420529315584249,9.674969107698296,7.956740079924535,6.757487222152536
2023-01-23,9.054999315177824,11.35687537348447,581021.3256242517,10.717347899308976,10.561774425319172,9.828600197699043,8.004334184613262,6.7959632809010815
2023-01-24,10.202907369176714,10.019060566568598,-366342.0932984729,10.792990316571393,10.270640280726935,9.914843872165317,7.994134559798473,6.826139167335479
2023-01-25,12.249644181611032,9.077326925924709,3382989.61225567,10.067391163037968,10.411285805699563,9.996177214335829,8.038861061414668,6.841334013252497
2023-01-26,9.242687166248274,9.155951698791595,-3200287.2888314845,9.483099407433484,9.302252534851618,10.107112634370171,8.061814709310214,6.8501247884689365
2023-01-27,9.160066538813853,7.541933799197807,-201353.5664709499,8.53653626260379,8.167757784674933,10.124781412401072,8.07819774774421,6.86453326653939
2023-01-30,5.897467118932781,10.709405031067718,-1151967.4981935725,9.526876994327267,7.967649458961816,10.278435168603702,8.1022581995328,6.86999876148291
2023-01-31,9.212155616010506,6.94345949311284,2602691.397171363,6.5786228361954215,8.351195601465932,10.199769028611273,8.07042713982904,6.85327488008711
2023-02-01,8.754267467423219,11.860319862778312,1485958.1204490596,12.011596938472309,10.184808585805854,10.331891653434754,8.094693666653162,6.862090698842086
2023-02-02,12.446155176853708,16.957897125005758,1126798.625033222,16.09403962076233,12.918037932324625,10.683959655020756,8.230732058421918,6.9088689992239205
2023-02-03,13.251849090331008,10.712211854733669,216809.9335414255,12.031584974898522,13.07615055662555,10.775790827540506,8.27677484894704,6.92983108854257
2023-02-06,13.34379500840899,11.12904242920024,-2266832.415333377,10.825985330920927,12.949827756292931,10.898419490705377,8.370518903673767,6.960495602315583
2023-02-07,12.427163134853842,11.097205936042869,1345140.3840846708,11.0632344575873,11.592567213450067,11.006440818475891,8.446312138875886,6.967533527318424
2023-02-08,10.27241637004019,11.635158104777062,-3038228.8461540462,11.07840577889766,11.053672677367842,10.991737234492446,8.490535297921484,6.978485973437645
2023-02-09,10.718352100798173,7.752663630918448,1316744.338706567,9.701272155824938,9.547356490620516,10.94468006499452,8.518994721824885,6.975020641670101
2023-02-10,6.8867802786163566,7.192204076401424,990540.7086124574,6.399413082861514,6.532156029410828,10.755192246469493,8.52495630184224,6.9710846944915765
2023-02-13,7.475875635958474,7.522432189393271,-1768369.959925078,8.950097177580105,8.854401729301017,10.531099567583164,8.491359553229033,6.976991972182885
2023-02-14,8.466175244460445,9.189356581174408,2192058.5746673606,8.695912800215893,9.1716664135527,10.535262854688389,8.4868649077528,6.971275770808755
2023-02-15,9.021280113377388,5.922869112478253,2326758.83707706,7.429613335219329,3.388373487671771,10.437653135447036,8.444118833554851,6.951445768975484
2023-02-16,7.932550527861039,8.717486759081766,-710653.2385286209,7.460708505343632,10.052479280319687,10.486953168949194,8.43798969471005,6.956406300902506
2023-02-17,9.313837518723147,12.160475729021073,-104243.6466382034,11.986561002136028,10.990416120827106,10.688095029713326,8.482211446094807,6.983059792722911
2023-02-21,13.417687406336228,10.384522521930151,754350.8947223555,11.91783799634912,12.11313550691257,10.531880676154008,8.531584985161363,7.033530589578115
2023-02-22,9.532233584453564,12.634274847350582,742624.1624597944,11.759107824636644,10.062993581629456,10.398127196163513,8.570243635197125,7.053225861205888
2023-02-23,10.550741425349642,10.037018507086842,754094.9591254089,9.441314399390066,9.96015121311818,10.284168714407638,8.608668931386587,7.066855408497336
2023-02-24,10.279368773017168,7.318199712739954,-507531.9805076425,9.244463376469696,9.005249818763232,10.230347251684698,8.639884765253813,7.050124639448309
2023-02-27,3.717787222580512,0.8127006297670221,4500323.750432116,2.9739096074114,1.5632768124984295,9.906118237092116,8.566360015928028,7.0187469648673275
2023-02-28,4.063119567612631,7.22372456776111,8158355.635614827,5.296692352937669,7.042608210849039,9.807614307651685,8.519054438748903,7.021860391407597
2023-03-01,8.400441170407063,9.016349645490635,-5664586.451399717,8.286613336634758,8.780731243733598,9.797945294827487,8.538122947966999,7.041565137084027
2023-03-02,8.918651007494091,9.952364070599003,-1676421.6362683345,10.184846351921069,9.823765627964448,9.803406523951047,8.51518353210345,7.050463321400011
2023-03-03,7.340834357838119,7.974131800957437,-1765030.0237935218,7.954168072547702,7.249647679581756,9.721978939407792,8.49749566314191,7.069945741685944
2023-03-06,14.388333442332964,15.354020326155634,3951105.068272413,18.41527675289963,15.285687587733436,9.84825334648923,8.552217453049163,7.130292683489441
2023-03-07,16.54750887933261,17.59856229878463,688427.3078738106,16.235330738846145,16.190081145739583,10.070388279132644,8.684206499164395,7.185890310390149
2023-03-08,15.454437157070744,13.492530711824957,-2804144.916114436,12.955797915585135,14.886411482572385,10.059135946812033,8.771273481351386,7.224303577146695
2023-03-09,12.223535504711094,13.53021314407681,-2143934.762708976,12.450980828024484,12.73669774856063,10.060059062535728,8.804111406812499,7.246714998794194
2023-03-10,11.56660885223819,7.134263664312243,1195965.8249962227,9.623328580219308,8.672696062303743,9.932101131954752,8.820551681257546,7.274738640276526
2023-03-13,6.712699800671857,9.715304642465044,-790202.2655040682,8.447919866057248,8.39714645068193,9.922896406981916,8.859624061871486,7.311656822979459
2023-03-14,10.264359541869553,7.632021384973527,-690942.1110579656,9.780082065936966,8.962745045527413,9.879099269377337,8.896894803449563,7.34069478302669
2023-03-15,9.40042041995379,13.400393967722437,-483296.490824949,11.378092731026612,11.21855401168918,10.00771873207221,8.945033869698904,7.3895714715243574
2023-03-16,10.657199298424388,8.918297817286543,-780148.8849079511,8.171708669088318,9.169943343277907,10.049426732620352,8.932682251438857,7.425329638455455
2023-03-17,9.932172688768716,6.755439795042037,879235.9374919771,9.724482145993534,8.392621523665767,9.929609604255939,8.903345501786978,7.44768690384178
2023-03-20,8.639489735210248,7.657049288214523,-461467.4245911609,8.648229926059315,7.242710267511995,9.951233537440839,8.898163260666099,7.4743720349816005
2023-03-21,4.608211104740846,2.499433327614014,1000085.0310131436,3.568884125218218,3.6261499920201175,9.667570309102526,8.860000152395367,7.468142332156246
2023-03-22,2.941126185727043,8.624817575323988,139813.90987681085,5.87681359085154,5.289606938942299,9.415052746990957,8.910905983020282,7.482152913842255
2023-03-23,8.600006905618145,6.116092268932022,-1265978.8395873269,6.763304178202873,8.466105271434017,9.27577639590606,8.947971816664962,7.477501776418838
2023-03-24,7.100460980775196,5.227167187217276,690081.7346050227,6.629800649114031,6.3079422803102005,9.096931691603546,8.931524820542,7.47623546016199
2023-03-27,6.1553523324673165,5.769059632972812,2708271.855240973,5.70399668802898,5.493689207070247,8.935472712722635,8.927704826195942,7.503420589601151
2023-03-28,5.122758945908799,11.538576241115152,5888915.220232652,10.533521669127154,5.491743769936178,8.932545989581365,9.023507087771279,7.542295521092821
2023-03-29,12.272863675588257,15.40375831553601,-86674.19174246956,14.5054208324228,13.97915729539666,9.164397343660683,9.140481124811744,7.60271208946538
2023-03-30,17.167233829415608,11.006232283045506,-2352229.166193951,13.36416455919948,14.26782184281356,9.279973955983232,9.210997345377349,7.639510493492173
2023-03-31,9.157064601111514,10.992299378610056,-241807.0219378057,9.016847940593893,10.730720076601273,9.38512144656556,9.28825133039047,7.670772857519512
2023-04-03,12.406055672265296,4.92771259737215,1391155.779929123,11.046281323629543,6.132970870960179,9.255980719783672,9.294602213911588,7.683489744182503
2023-04-04,5.070189030479057,9.199157489449505,-1282868.605064677,5.3212418458875845,7.066521714982045,9.355262185752498,9.353318345095657,7.71516914074075
2023-04-05,9.313287203176673,9.820716465762343,-1532019.4589687854,9.78838270314634,10.883073616408382,9.388693388985242,9.36599478856393,7.754791596104272
2023-04-06,7.475002835605949,13.804157154442436,702009.5272371476,12.460033833620969,9.371378797204926,9.438501917028315,9.453381063605192,7.809011728355779
2023-04-10,13.49309855084624,12.344923112271031,-798306.1264043851,11.75237574260369,13.487960215229492,9.49790799552349,9.521247873647951,7.859154186422215
2023-04-11,11.205235553341096,13.013499220700538,2253782.0843556174,12.586674968131234,12.43472979650673,9.509399643200764,9.631080049635186,7.902573941686719
2023-04-12,15.586414462772126,12.871849146114885,-1822889.564645008,12.453913390837757,14.286703024812056,9.59530360195919,9.726159006451896,7.938328382854431
2023-04-13,12.183787484227366,11.365648155323951,-54499.03151276382,11.706444771441896,12.073978924764376,9.717953554764765,9.783221913776213,7.9777300715298125
2023-04-14,10.885485942108131,10.655792954703712,-1251769.4452354235,11.588808253746931,10.709564434602656,10.016229079762846,9.82235420192815,8.02174157602985
2023-04-17,6.814740819450364,5.674348812792999,2980285.5309706787,5.29783538411084,4.292992707132285,9.969278299309266,9.814275799439331,8.019933355736287
2023-04-18,7.137356751719693,7.298763183012738,-893216.0298243598,6.92494255014482,8.377622113204055,9.917230224688725,9.834541870735448,8.018995594807661
2023-04-19,10.503238913374858,7.31215256024177,-451217.2137561515,9.449629131305072,6.355593690143124,9.837223815283961,9.838511403724926,8.026824887628809
2023-04-20,5.690423784950852,5.264780728640659,159901.42257948406,5.4725451232268085,7.238292852459523,9.755122267637999,9.83430859082897,8.032167937029485
2023-04-21,5.7008422059819,7.476834786278502,241538.60350755692,7.898786973136751,7.813275840024218,9.516419675520508,9.811133227608918,8.068927647069478
2023-04-24,9.229495284372348,7.626868335431851,1175287.897449101,7.605792793040763,8.119287369883693,9.214247131176485,9.812555644371034,8.108964741920529
2023-04-25,2.988545022149026,1.4914212479661728,8683927.877148572,2.4493040609770134,0.92570210660368,8.85057714742319,9.769317084542928,8.124753767170013
2023-04-26,2.744368710304741,6.772615536448299,-3493807.500660071,5.092211258169826,5.40010047555235,8.645801462343538,9.759101717968395,8.155023523237347
2023-04-27,6.7531455944857015,4.075451359197416,222586.1445974619,5.051636875382826,5.083492198502867,8.55311018037036,9.725316940602527,8.155264547181012
2023-04-28,5.612239268640678,4.811048717098046,-245486.03201646544,5.555121606921944,6.10197183065965,8.404496364450148,9.69473881248435,8.183246955640865
2023-05-01,2.525347365349475,3.883404010542392,-460687.7249266971,3.984340389033932,4.395086793651259,8.290901898558296,9.60218856118448,8.19956540875054
2023-05-02,6.639502208159087,6.123946126982574,-17802.744598095305,6.153166273363709,6.381098412243503,8.070403479141937,9.566440200539903,8.218508719994778
2023-05-03,5.204144877473183,6.517130117059864,-69158.10959771695,4.950919675296248,5.34012118472819,7.997640821559309,9.488595571655999,8.230507796240293
2023-05-04,5.595808170975175,3.966087633693292,237212.15892718127,4.758227546802843,4.811916540749323,7.913114998488135,9.365546100207135,8.229145893058245
2023-05-05,5.610570688352752,6.285560713209492,1151268.4272055188,5.610451806572627,5.208402098834952,7.871554738639499,9.33446287106677,8.22512203883955
2023-05-08,5.478208904419432,9.354151718685031,-270331.74625814566,9.64623394141833,6.917054281213652,8.079273477762863,9.33682424040657,8.232216317621921
2023-05-09,11.489493636790217,8.12205308711394,-795601.8315013056,9.74747137808818,10.36646276689278,8.064038190241346,9.34841376213245,8.230538736557689
2023-05-10,7.569096555212965,8.776927094681724,169363.29352910724,8.403960602045956,7.682379208069747,8.144669548597397,9.384977051692864,8.23690029824653
2023-05-11,7.521259091372258,5.328884421320808,1362459.409173424,6.746733362980677,5.837183855128103,8.147751889024777,9.27024995317526,8.239120611524939
2023-05-12,6.436274182998233,9.102593713896198,111876.82508077286,6.908505152372598,8.211733117696852,8.248768073295182,9.180974155724241,8.242391146305632
2023-05-15,8.85281177841054,8.048224969404771,-947851.5603743084,7.745104870116819,8.434381392968362,8.142999852940322,9.116373892402601,8.254169513287504
2023-05-16,6.639973351476158,8.86460535484916,607082.385259937,8.575765416904574,5.295716185993456,7.944843702616479,9.11379296400094,8.26205367999327
2023-05-17,8.59043220125065,8.138190978954967,-1661076.7234552552,7.823611644852463,9.081866085318836,7.857933360068282,9.075882097345128,8.278972754476559
2023-05-18,9.55195911835972,9.286157229464749,-645979.2640783363,9.614309128798295,10.629086814267524,7.806232082821454,9.062531569144786,8.3038780190155
2023-05-19,10.418070783592114,9.371058923771583,1349528.8935576065,8.898301166694495,9.59521341126876,7.9408789411971945,9.062931927067059,8.302779552980178
2023-05-22,9.455390992705889,11.593922825590354,3538145.650419753,14.012077452464863,10.918281196742328,8.013447587746917,9.083401357584687,8.307698572700655
2023-05-23,13.06361869260678,6.128118704022313,389943.7520689676,9.833811008711848,7.624350097073091,7.901550685876006,9.03246738694578,8.288510388653465
2023-05-24,5.53427681782982,7.441624660680688,209346.5862731552,5.2722690000816925,7.26710357876928,7.708746670913529,8.990384912431317,8.296195517541895
2023-05-25,4.90580529674746,9.450466167655604,252023.3606298375,7.381920836329442,4.853123003940723,7.621035854410032,8.981197908454952,8.264774839082682
2023-05-26,7.303164981247875,7.414538385835485,-190430.5829524808,7.387040188366242,7.704965911824388,7.451370374565636,8.908733646740686,8.222475785135911
2023-05-30,10.28846779545863,0.8673439175168198,4152983.639407547,8.244005991410006,3.1259489461484837,7.087597488850543,8.766796496092619,8.182562446606596
2023-05-31,0.6092350802371271,4.13048219080568,-1045060.2289905054,1.1634574456863902,4.9127571832491554,6.868350035380292,8.685601067073755,8.144572487357577
2023-06-01,3.1541815840275547,5.291564776815463,-2217611.1720758583,4.2575113539770655,4.233590051955332,6.7057976663533765,8.63248313685181,8.146135960458636
2023-06-02,6.849609313734334,6.38909590224624,538286.4932811353,5.02813529539317,6.922409269126348,6.727456669064081,8.60227829388913,8.141409035692526
2023-06-05,4.1302240129223975,1.5561154596403242,2056717.822200409,3.3415721453639264,2.7555081806646484,6.553437041083098,8.5168868754717,8.114179764476527
2023-06-06,3.387492752166679,4.78666061259618,-545874.6368363341,5.959433714161634,5.436383838734059,6.476906982063535,8.485928749779548,8.099536873266999
2023-06-07,4.915148496277027,5.582964351442229,-1004253.1549202362,4.588167742761428,5.645380782226326,6.486548910027219,8.428328292705105,8.08161422192942
2023-06-08,6.004033301016946,5.379561676355564,-160718.0221436876,5.247989228495072,5.08662762774172,6.422995179423493,8.41075640712356,8.063725663305167
2023-06-09,5.76789632523797,6.989288490897891,-586034.2502796664,5.217530392886204,4.99839171885462,6.403674578073979,8.356025717551873,8.06404011685677
2023-06-12,7.186471626704332,9.434419729599696,745003.7975851949,8.920804453985937,9.087560362831866,6.644371501759843,8.271492263670904,8.082338526991274
2023-06-13,11.478832828768788,11.148108321355238,1301197.0228926633,11.441648314883338,11.415029709104232,6.7769621922115695,8.276389976779011,8.103902083104865
2023-06-14,10.72056939263095,10.43842710301388,227241.5174818244,11.198716149575093,11.57546109131745,6.969779638993886,8.268630254012873,8.093943089722657
2023-06-15,10.204609336808602,9.883460946461554,-385227.5705634379,8.644687987567167,9.92234141092642,7.123489100489749,8.254992669860274,8.105670558281815
2023-06-16,8.86902977299468,10.528487733626465,45049.73636084609,9.73986813803775,9.744338041182772,7.32485527391654,8.242558171308021,8.119158173119843
2023-06-20,11.067082692346844,12.006662590445243,-481665.63023019535,11.622918387896531,11.087020330661645,7.503119409172984,8.2903559124263,8.13982505670749
2023-06-21,12.242538280249704,9.339055088509385,514455.7806502995,12.737435427563938,11.133478694204824,7.588632287095697,8.314477833910658,8.155999940167119
2023-06-22,10.849332607745438,16.830374973763085,1989630.261638193,14.693980545615815,11.854776118457067,7.978459176188721,8.41906146070133,8.194861683491597
2023-06-23,13.959209221167612,11.970538622351825,-1478499.544556364,11.45759750361796,13.436293646585852,8.15073123404152,8.450310697119054,8.204503725961283
2023-06-26,15.728572411795229,15.689381700296948,1965220.4022208643,15.66519358251226,16.11145601406581,8.342707900150971,8.560046793611399,8.241320515494008
2023-06-27,14.941878332510427,14.34691157215758,-1133467.2373514152,14.81468335617943,15.0867722033731,8.531339975455325,8.623298757803262,8.26266121078683
2023-06-28,13.48903475985422,12.279875619731683,5855158.250318576,14.017766859632417,10.308985425421312,8.63748993075987,8.624640329608999,8.269033021135098
2023-06-29,-0.8602861568958815,5.679259339610127,11360601.697812762,4.0804273887376326,1.6851031224513804,8.648107352526212,8.571772203964954,8.26322897654443
2023-06-30,12.118842790097858,12.385172311048294,-5354307.195010746,11.798357332463354,13.042282512886928,8.74757943122779,8.56897329906268,8.305195150903684
2023-07-03,12.68250198065114,7.575615197728894,-1399140.112134891,9.325858105532106,9.943944438531588,8.733257922995188,8.541317082103603,8.315042300544315
2023-07-05,10.49184285159319,9.444628526626474,-1817927.3724080948,11.654625266970996,10.66896058397036,8.750834382746017,8.565209540686597,8.333984656521157
2023-07-06,8.592622627690531,10.24897482970016,-3837422.1257041376,7.541402226315483,10.421915098203414,8.814797529738295,8.671235093494836,8.355914587933105
2023-07-07,9.42213104577246,10.282358555013133,-520003.1369619856,9.923025525670411,9.498976530713122,8.844985448694304,8.705601767508904,8.365817494597994
2023-07-10,9.266532344175332,7.166717247271862,1694039.7251537456,7.82444931027085,7.343590951954226,8.778187216073103,8.684819381012064,8.401976770689945
2023-07-11,10.18788180088464,9.698196003368793,-191598.8875484923,11.472081476557063,10.759474116409663,8.720740948733054,8.681963560031948,8.433792472963715
2023-07-12,9.896984200812966,9.71392613268148,2609738.9126608125,7.89019461419916,7.997155824585803,8.829401779904543,8.701511810950196,8.46879042751994
2023-07-13,8.819884344685562,11.246102836478414,-1275888.2284320472,10.27360663252088,10.280395318551854,8.94468899735296,8.655355434661686,8.508873151790391
2023-07-14,9.614239582382735,6.930635993823174,676354.8810803583,8.348860550782632,6.6286477653339375,8.868330507236827,8.535491094156503,8.51335598032853
2023-07-17,5.892524065283496,6.186606228057386,-258551.25755618,5.678846954484385,7.508840891592911,8.83112044184961,8.453402055013047,8.517809076046428
2023-07-18,9.727697119530518,6.053923595573082,-684467.9521414572,8.611399111482356,7.478371412328698,8.988289523002832,8.369398801659074,8.525229941711762
2023-07-19,7.321550115003092,10.83246614332198,1004804.2841929602,8.231261599933717,7.798235669632646,9.191379945806355,8.41095163850188,8.540782635711356
2023-07-20,8.550335652411874,8.676670255583929,-267920.62729032803,8.640130454843273,9.435097741695929,9.29395889970843,8.39928158921108,8.5579673088721
2023-07-21,10.289400253787136,16.163761203493166,1983556.4337315175,15.419102024610469,11.974563843341954,9.590160878534094,8.495143834362986,8.578334966534836
2023-07-24,15.350586160103433,14.509886036239765,-172262.2782344753,14.520266666204506,15.782211377004655,9.98269938085529,8.507610037380035,8.595320740485024
2023-07-25,14.071257078112623,12.295197832167132,90196.95369198686,12.613873177927305,12.57942969801121,10.210230811751378,8.545552734176445,8.604123005856822
2023-07-26,13.02519093961709,16.42379710197143,2053999.306942677,16.45874424846322,14.75212956571913,10.538740895100748,8.654185962344192,8.628077418258098
2023-07-27,16.424706785731914,13.856669912030071,2343603.890147632,14.823554116374597,16.50656093567794,10.79562296284846,8.723844621038747,8.647067991722956
