Date,HG=F_Open,HG=F_Adj Close,HG=F_Volume,HG=F_High,HG=F_Low,HG=F_MA_5,HG=F_MA_20,HG=F_MA_250,HG=F_realVolatility20,HG=F_realVolatility60,HG=F_realVolatility250,HG=F_avgVolume_20,HG=F_avgVolume_60,HG=F_avgVolume_250,HG=F_log1DayRet,HG=F_logMA5_20,HG=F_logMA20_250,HG=F_logMA5_250,HG=F_log1DayRange,HG=F_HL_20_realVol_20,HG=F_HL_5_realVol_20,HG=F_logD2,HG=F_logD5
2019-11-18,0.1730364894440133,0.1576930594031576,-207.86328271513625,0.1847526084536324,0.1690204510670072,,,,,,,,,,-0.09285201229222387,,,,-4.1520484202276045,,,,
2019-11-19,0.1421267387310834,0.1618839043081612,-81.328656110763,0.1427803870179318,0.147967756481081,,,,,,,,,,0.1301602524383018,,,,-5.26152855747221,,,,
2019-11-20,0.1108282216495759,0.1083886232096729,-123.24653254861286,0.0986403342294164,0.1096307318915852,,,,,,,,,,-0.022258318351845312,,,,-4.510733327220431,,,-3.0097412183411145,
2019-11-21,0.1344104345099022,0.111529438505294,-303.56828648103465,0.1241207408205631,0.1266016272007641,,,,,,,,,,-0.18660948427650428,,,,-5.999139371290106,,,-2.988667968559745,
2019-11-22,0.1502361876277362,0.1655547151595207,-145.109537289101,0.1552884175282964,0.1666265106630111,0.14100994811716128,,,,,,,,,0.097093105449493,,,,-4.479587148727213,,0.745760845992286,-2.8617943544502196,
2019-11-25,0.1376746986847958,0.1231636527797495,-36.75219873017829,0.1268606642117393,0.1231142434305863,0.13410406679247966,,,,,,,,,-0.11137966511608526,,,,-5.586954353144439,,0.6672656671231519,-4.453805015711009,-3.365943952106456
2019-11-26,0.1001414686742649,0.0595130558990137,-170.69745839408202,0.0944407400712841,0.0170817018036726,0.11362989711065016,,,,,,,,,-0.5203881576489976,,,,-2.559297859822189,,1.3336903071342057,-2.2439232501874393,-2.2791532904111897
2019-11-27,0.0878214033628417,0.1433825117946927,-134.72708787283045,0.1133957629657067,0.1453049615423778,0.12062867482765412,,,,,,,,,0.4902107217193609,,,,-3.444860954122665,,1.4380491063361496,-3.901139495520874,-3.3525818445957256
2019-11-29,0.1377249984865227,0.1325968302836826,-80.80575996459265,0.1219801830607407,0.147676573164585,0.12484215318333185,,,,,,,,,-0.03794575924989101,,,,-3.661404759832234,,1.1437354553965435,-2.6161489015062136,-3.860028847229566
2019-12-02,0.1295807382703429,0.1508869860813491,161.84970292639156,0.1440406640655871,0.1433073775661342,0.12190860736769753,,,,,,,,,0.15222697163387425,,,,-7.217974073707809,,1.8809282194318182,-4.8922558647637535,-4.222105499207365
2019-12-03,0.1437779588197547,0.1712986020501805,182.72532786122457,0.166079701987617,0.1365646088362149,0.1315355972217837,,,,,,,,,0.1751380875659109,,,,-3.5228535142245985,,1.8061314948194616,-3.2518698979143195,-3.0337467696546843
2019-12-04,0.1697178064857696,0.1475923743316207,25704.605037247107,0.1433019471561085,0.1847839314484967,0.14915146090830514,,,,,,,,,-0.1396828495268116,,,,-3.1824960594364304,,1.6927901410919253,-5.715466948098135,-2.4295175246470726
2019-12-05,0.1140184613164745,0.1384989477701486,-10275.096492146042,0.1558141026865378,0.1116473653768543,0.14817474810339631,,,,,,,,,0.1945023516150962,,,,-3.119783322760717,,1.7350431825176644,-3.4173373038905175,-5.3218799927819935
2019-12-06,0.168198378801637,0.1173977308174241,-4047.830381579234,0.1576489173936432,0.1369888484560675,0.1451349282101446,,,,,,,,,-0.3595765304114124,,,,-3.8795524785306896,,1.722669985332237,-3.5000907374122967,-4.186519098525887
2019-12-09,0.1088092016854207,0.0908713698678775,-2087.144838577756,0.0868335252169503,0.0863836170690255,0.13313180496745028,,,,,,,,,-0.1801509165376216,,,,-7.706467111757033,,1.9380982075497564,-3.044343317818658,-2.813150480399929
2019-12-10,0.0830628695571795,0.1156945987239552,-1289.852432588831,0.0937302813900762,0.1008830496916171,0.12201100430220521,,,,,,,,,0.33135616404287555,,,,-4.940255822168452,,1.9025927515854628,-6.375286315148768,-2.8895000780474
2019-12-11,0.1361913944354322,0.1349188446787064,-1049.6792204367307,0.1237222671027635,0.1386330199043901,0.11947629837162235,,,,,,,,,-0.009387761278911937,,,,-4.205672661766667,,1.7668052212165934,-3.122487253763462,-4.36823973994869
2019-12-12,0.1298567631275273,0.1396934003733008,-453.5930402540732,0.1508450795069051,0.1448763555227876,0.11971518889225279,,,,,,,,,0.07301800281724785,,,,-5.1212221124266195,,1.5069843305010233,-3.729751381158066,-6.730067271221978
2019-12-13,0.1280060601292028,0.1660000871262261,-574.2920739935005,0.1563779085049297,0.1403286545991777,0.1294356601540132,,,,,,,,,0.259910705654903,,,,-4.1320929161095314,,1.4562733108841752,-3.471150778492779,-3.024083265530781
2019-12-16,0.1893333743940128,0.1708527711861889,-349.47507170466406,0.175707307648659,0.1935359814679864,0.1454319404176755,0.13537057521749613,,0.029001947772454573,,,231.905885832378,,,-0.10270714849779328,0.07169219431070697,,,-4.026947229047366,1.3251204415281896,0.5060671074837231,-3.4686402503244,-2.525961154857846
2019-12-17,0.1647013838656263,0.1280183903193619,-534.3416273689057,0.1610616527819133,0.1364471905245807,0.14789669873675684,0.13388684176330637,,0.028555466377434523,,,215.58196859968953,,,-0.2519601115202231,0.09951906981621021,,,-3.7044211121478123,1.3356767855862721,0.5295262843880961,-3.270650898269883,-4.396223608857535
2019-12-18,0.1247250597643756,0.1144705398568257,-321.78269981731046,0.1097228427001497,0.1031664039172906,0.1438070377723807,0.13151617354073958,,0.028072869889456214,,,203.55926641436216,,,-0.08579429685445403,0.08934254872274289,,,-5.027307691899176,1.3297836678858745,0.6341175134383611,-2.8756012174676826,-3.8898552937247715
2019-12-19,0.104120595670015,0.1141166610031403,-397.0984296397239,0.1169868989051698,0.1351734593865501,0.1386916898983486,0.13180257543041293,,0.02785285904644194,,,189.86667155980658,,,0.09167146616454572,0.05094824898994615,,,-4.007072392765867,1.33435985023411,0.49993221242690056,-4.275742035344963,-3.6660719588936
2019-12-20,0.1277872738579168,0.1243221754812431,-322.3397797130425,0.108319247121349,0.1068935873486913,0.13035610756935198,0.1324422122792104,,0.02750753674790202,,,188.9280968982062,,,-0.027490572897628924,-0.015876422114428836,,,-6.553120574055911,1.3728311596928817,1.1682198554444536,-4.620117784343108,-3.1777839872792693
2019-12-23,0.1268536866296712,0.1083009094345093,-301.6123534622044,0.1182426800160703,0.1271916583455161,0.11784573521901606,0.12957952199295983,,0.026851533057622775,,,181.10295608955101,,,-0.1581207971937509,-0.09491832160616995,,,-4.7162159063458855,1.3736294208742714,1.1136802002580788,-5.147185254822969,-2.771759278296661
2019-12-24,0.1376506090916867,0.1895922809869539,-116.99990275403042,0.1920480927778769,0.1592812443210296,0.13016051335253448,0.13290095340332003,,0.029946286524360856,,,177.09057088835843,,,0.32015722038868594,-0.020835732618861,,,-3.4183379924907267,1.3702131685864,1.1889484500849692,-2.7292211498860217,-2.7875173510924816
2019-12-26,0.2000649263122351,0.1747297214534684,-75.79484338468131,0.1649455559899482,0.1888350589301912,0.14221234967186303,0.13866178668104281,,0.025893445412019465,,,181.83570163882845,,,-0.13540161423212974,0.02528358202842745,,,-3.7343161240457596,1.310700917640101,1.2510284889083834,-2.7116244006658707,-2.809100326576278
2019-12-27,0.1440801128279389,0.2029045659856878,-208.2950838845176,0.1924145174520946,0.161949393012144,0.1599699306683725,0.14163788939059258,,0.029617425073079694,,,178.1573018382441,,,0.34236626624473404,0.12171213834107952,,,-3.4911727106042973,1.308841313017875,1.3197703346852203,-4.319067985972761,-2.421504843412269
2019-12-30,0.2045128172481496,0.1595206697156941,-164.33546375738567,0.1671605597268111,0.1913344690160112,0.16700962951526271,0.14298408136219315,,0.029796197140895847,,,173.98081664860445,,,-0.24845714502610997,0.15531816760445066,,,-3.72248135596359,1.3069290776394487,0.521884382875749,-4.185864519310965,-3.3467519747234356
2019-12-31,0.0985034252435725,0.1155995147630408,-195.09063872067745,0.1059675014071268,0.1128320490783236,0.16846935058096899,0.1412197077962777,,0.030343344211093214,,,156.133799566251,,,0.16004043705805568,0.17643694863781073,,,-4.9813851310521695,1.1452396255608595,0.6369569047656269,-2.438346957299015,-4.920071999966434
2020-01-02,0.1377422496270881,0.1637331312358378,-91.35998367668589,0.1732260636130418,0.146638752628337,0.1632975206307458,0.14084143425556056,,0.029993775458061932,,,142.4295339893555,,,0.17285367145528732,0.14793913913475595,,,-3.627321207659997,1.1414541004591312,0.6060546278892298,-5.469708118029365,-3.6550907850994396
2020-01-03,0.1556011217474482,0.1161693247098136,-209.4904704582379,0.1198480576968568,0.1165065709827781,0.15158544128201482,0.1392702817744702,,0.03044120489479781,,,-1153.2752413959117,,,-0.2922469983317971,0.08473291654952626,,,-5.7013394470561565,1.1430864202390252,0.9833808687430493,-7.470207679449104,-2.837696634357926
2020-01-06,0.1115659568505385,0.1419916812423876,123.32140330779195,0.1345227188153734,0.1388134943272663,0.13940286433335478,0.13944491844808218,,0.03044656514466351,,,-633.3543466232201,,,0.2411525158160902,-0.00030162775279591816,,,-5.451287790376491,1.1144322600500878,0.9685584292993147,-3.8285347024823935,-2.7983105545049383
2020-01-07,0.1492211031455652,0.153263700324703,-366.2175536561528,0.1628083275672127,0.158907782171555,0.13815147045515658,0.14123821692344612,,0.030134291635203026,,,-449.273705227066,,,0.0267308495882936,-0.022097251320437553,,,-5.546638890583505,1.1194612546384537,0.8455731693164859,-3.2942899215381276,-5.074059333940302
2020-01-08,0.1660582099054417,0.1944208465160373,132.71749477592658,0.182199323268617,0.1724595493902705,0.15391573680575585,0.14641569075585412,,0.029919966240756535,,,-338.2805885593819,,,0.15768673247192133,0.04995551598779103,,,-4.631537377372698,0.865931100029738,0.868045625200693,-2.948292253301665,-2.540571611227638
2020-01-09,0.2000390787029637,0.1887001274605075,-270.464586447716,0.1841234225341192,0.1970301658880324,0.1589091360506898,0.15006596719268173,,0.030423831506865305,,,-287.3111962523261,,,-0.05835361313536384,0.05725758878356199,,,-4.350005363582363,0.8615114420139126,0.6041335437776589,-3.3400149727798443,-3.690200477294177
2020-01-10,0.1902021885441722,0.173802622284577,-303.92411809608734,0.1660367327266447,0.1943809988101357,0.17043579556564248,0.15201015607297524,,0.030646522095163508,,,-250.02344113529392,,,-0.09016735592552856,0.114411325323795,,,-3.563330523815168,0.8850083774527971,0.8215937655336089,-3.8815799228476178,-2.853654795410644
2020-01-13,0.1726739354520414,0.1632131740555691,-4.105690907489361,0.1608695999556721,0.1763158512236291,0.17468009412827876,0.15318614475708864,,0.030600243520966984,,,-227.54907366796473,,,-0.05634788726614308,0.13130245318419279,,,-4.170388941457538,0.8739581970183401,0.7262761836711861,-3.6695885889245345,-3.852740798921901
2020-01-14,0.2223639400887924,0.2251676109379063,-34.70470419873811,0.2200492810397374,0.2281167130297081,0.18906087625091944,0.15614452094767267,,0.03451408387441086,,,-200.56970517822663,,,0.01252965303619352,0.19128706504138085,,,-4.819920064198178,0.8752403055990647,0.4852751351930345,-2.9687984932167026,-2.6324246261207995
2020-01-15,0.1849775128800501,0.2040662360586682,-228.2950170092546,0.2004526968782578,0.1823701231429386,0.19098995415944559,0.15780519419129663,,0.03602500532873062,,,-194.51070244345615,,,0.09821036201648788,0.19085950647486552,,,-4.0128065815320655,0.8756160689860373,0.4600740800377521,-3.19777350324907,-4.641275245401565
2020-01-16,0.2260132899122062,0.2184198129470005,113.38976963765067,0.2158515681320005,0.2305392364950655,0.1969338912567442,0.16232526532267855,,0.03772230711752279,,,-162.1241325931283,,,-0.03417484408674881,0.19326596213396108,,,-4.2207470241262675,0.8595840307335029,0.45192371736542053,-4.998539050889693,-3.515945641742645
2020-01-17,0.2626571227871381,0.2527306543610301,-152.83625924260934,0.2537621183821212,0.262874656095533,0.21271949767203485,0.16923827104788877,,0.04101587836675557,,,-153.67681056439326,,,-0.03852515160089974,0.22866677565875068,,,-4.69810404300991,0.8518167838180589,0.35311211075132926,-3.0228071462756656,-2.539218828089394
2020-01-21,0.2379513311109116,0.14578402200494,-93.90719392191173,0.2302623972581123,0.1554969065585298,0.209233667261909,0.1708216390979788,,0.03935353398317661,,,-138.51724877850268,,,-0.48993993650386763,0.20283168667595206,,,-2.5933988547419937,0.9457976073349533,0.8892744850626858,-2.622297490447486,-4.049611069478748
2020-01-22,0.1393694463313948,0.1839018831525529,44.53636134561441,0.1386180046875649,0.1867426743813627,0.20098052170483832,0.17380062448154426,,0.037875639784006744,,,-120.17344172556982,,,0.2772740771770176,0.145299190492958,,,-3.0339603499032433,0.8463045926181226,0.8707346630362198,-2.676133435288579,-3.1877229592251295
2020-01-23,0.1366010920739739,0.1450468790978958,-157.65961408747182,0.1305757791750863,0.1343939335391226,0.18917665031268388,0.1756379229647136,,0.035337299199756145,,,-112.97580475683318,,,0.059992052502723714,0.07425661617997775,,,-5.5679881238944375,0.8925348179690643,1.2148885126716966,-7.212728780848343,-2.8298898048033427
2020-01-24,0.177134775014963,0.1565589695415472,-85.4057026184121,0.1811481581002603,0.1626026869429957,0.17680448163159318,0.17398625739244325,,0.03542263025731808,,,-111.39609475005227,,,-0.12347814239688619,0.01606818288505186,,,-3.987529662201837,0.8729149044456597,1.2098572028756531,-3.599297883832432,-2.7828678777177154
2020-01-27,0.1509996909870488,0.1859279550491921,-114.87018920122142,0.1641581110237093,0.1739272986532198,0.16344394176922558,0.17454616907222942,,0.03552336024210622,,,-113.34986204087927,,,0.20808146986364046,-0.06571921810876641,,,-4.6285219658717125,0.8655394540688713,1.1998361809293923,-3.197088013685094,-2.706011790396103
2020-01-28,0.2009007294205878,0.1725676335895845,-97.75126848970204,0.1852081610536908,0.1891955138745698,0.1688006640861545,0.17302932245242425,,0.03489078659015357,,,-107.82267127113849,,,-0.15202166416998183,-0.02474255776615114,,,-5.524627721676764,0.8798961619526177,1.0732081516586687,-4.134625200299869,-3.619965086548276
2020-01-29,0.2121275190032971,0.193749636333306,-166.46781745022056,0.2056669913652931,0.1964053379303207,0.1707702147223051,0.17474077078330486,,0.03503249573383965,,,-107.92928895578025,,,-0.09062080733077829,-0.022984686614216262,,,-4.681872689570914,0.8646440988304792,0.6685532134968818,-4.85085574956514,-4.620511953294538
2020-01-30,0.1980478786735773,0.2204115192973119,74.70510190468389,0.1994740400958512,0.2217904362931797,0.18584314276218833,0.1799813710100184,,0.03352696533031209,,,-94.43950192451217,,,0.10698752838170647,0.03204964829175588,,,-3.802433615198375,0.86952835185622,0.6792565723849932,-3.039811949650556,-2.585417076838171
2020-01-31,0.1886007533913443,0.2002567823490384,-128.2503946750732,0.1918841083843707,0.1980031128960675,0.19458270532368657,0.18180755356567843,,0.03359000386676329,,,-96.28402247443154,,,0.059968089940087434,0.06790856320485866,,,-5.0963558571761665,0.8600894646545416,0.6397730794107798,-5.034854318928158,-3.13045722830497
2020-02-03,0.1841023250568803,0.1807818820656501,420.9626981699609,0.1751492881613146,0.1904208518327008,0.1935534907269782,0.18503818143347028,,0.029842935002673668,,,-64.7613640430216,,,-0.018200484351367046,0.04499172222294584,,,-4.181762763462761,0.8146845686592209,0.6896671983094397,-3.228178025703553,-5.269521382646009
2020-02-04,0.1681014432902745,0.1924962229974602,-328.4553369033308,0.188126677730938,0.1730068523825603,0.1975392086085533,0.18756340852122388,,0.028094296471439035,,,-87.35020105357773,,,0.13550890646234065,0.05182012221727451,,,-4.191748459330685,0.7793481841105006,0.5029973799791786,-4.858700865995804,-3.915599924589126
2020-02-05,0.1948573884737972,0.193786724874579,32224.086240105084,0.1901666926209864,0.1989297286605575,0.19754662631680792,0.1895895597487177,,0.026927440805569056,,,1542.1649886344842,,,-0.005509751832010343,0.04111311540646783,,,-4.737212854219049,0.7344922858924537,0.5115387735052835,-4.342433467126588,-10.202202496623709
2020-02-06,0.1724422498613607,0.1930776200865411,-7644.922761818974,0.1979600603232232,0.1759584209717541,0.19207984647465376,0.1895223984272429,,0.026916429456102262,,,1153.2829758047392,,,0.11302988766121524,0.013403937591586852,,,-3.8166383124241308,0.739163628498688,0.5073998748431932,-7.450076576592795,-3.599627617767217
2020-02-07,0.2134616224285204,0.2197224296466409,-7020.598009845793,0.2204689695587258,0.2105745894398103,0.19597297593417426,0.19107351353654956,,0.027747580181934454,,,815.7763046348352,,,0.028908004257612915,0.025318530215320118,,,-4.615788347780242,0.7427936764544972,0.37075663326537506,-3.6521346969938446,-3.9391040440363385
2020-02-10,0.2186666548407501,0.2027752550249091,-2683.11975086265,0.2160500619638565,0.2059697851017572,0.20037165052602607,0.19252214517356617,,0.027554073449866743,,,696.816522996507,,,-0.07545019856411042,0.03996270778874145,,,-4.597174550238005,0.7247855434614466,0.38160551397640047,-4.635873243988727,-3.8170141001270186
2020-02-11,0.22459564395203,0.2108419278329218,-2255.7616550083926,0.2079017988165961,0.2111542948094209,0.20404079149311838,0.1949035828624338,,0.02693900131906549,,,584.2337247914619,,,-0.06319295189596515,0.045814942729544166,,,-5.728332579607637,0.7857421373108904,0.6813296790751313,-4.723897213020766,-3.998359800792135
2020-02-12,0.1823313346696897,0.2306191382794353,-1286.4990990779834,0.2212024944184223,0.1998777070221868,0.21140727417408964,0.19517615922951026,,0.027286674591685125,,,521.6440050474997,,,0.23494204569564983,0.07988395094635815,,,-3.8478851553499656,0.7901988322973855,0.7780822896133089,-3.5811419685258294,-3.3013770224380963
2020-02-13,0.2495896975289109,0.2306773548972218,-1120.0989624766112,0.2248372074662346,0.2136714863624988,0.21892722113622579,0.19650671517143795,,0.028370280447470683,0.039955540026288386,,477.0538077741318,171.48299705435122,,-0.07879835758185967,0.10804274638005676,,,-4.494906809681941,0.7858054503777897,0.6771210837942908,-3.9202856944031623,-3.2807582815185885
2020-02-14,0.2199455086851627,0.2394152214662337,-542.0061085201933,0.2355759206340186,0.2430689350261319,0.22286577950014436,0.1975564855973996,,0.029586180219896143,0.04113905660627376,,444.2840138662397,165.91394995760027,,0.08481954495498127,0.12054515812974438,,,-4.8937841068606796,0.792005897652162,0.6842852672448143,-4.733448748990278,-3.9275026076776105
2020-02-18,0.2394701325551749,0.2320717623382708,-897.2958242176041,0.2610221314041809,0.2489462704836889,0.22872508096281668,0.19652354099626163,,0.02786931445802018,0.04204866476123511,,407.06103561748995,152.3144971558196,,-0.03138205732010176,0.1517385368986516,,,-4.416546784221752,0.7896005127625253,0.6965483225041069,-6.5752857273921865,-3.530286974386642
2020-02-19,0.2384196757231429,0.2762090140304887,-593.4643800610271,0.2701227110939916,0.2395005781507821,0.24179849820233007,0.20304479059753905,,0.030506269396042843,0.04371627761001615,,382.0831763105342,144.47753303061265,,0.14712541214290198,0.17467812921166992,,,-3.4860322326806155,0.7010691396518511,0.5579114920694114,-3.3024261283545346,-2.7277364163517617
2020-02-20,0.2881260960484146,0.2948189843126327,-350.65304935557725,0.3217910583141752,0.2720049055313529,0.25463846740896956,0.20859064565554303,,0.03636289211540518,0.0460077249965291,,362.3237057754746,143.69278698270364,,0.02296333768680568,0.1994710661904911,,,-3.000018390186259,0.7047509988216342,0.7849283903172232,-2.7686409732751573,-2.745754466525898
2020-02-21,0.2414387289264981,0.2292451691787997,224.8472907430595,0.2088803668262984,0.2530974685715923,0.2543520302652851,0.21280056015958823,,0.033369754669971746,0.046596596458680126,,381.4490510170011,149.85873411657298,,-0.05182369182325979,0.17836386361535844,,,-3.1186436474173442,0.7156976085769099,0.8333430084718231,-3.058377231777907,-6.54855352721737
2020-02-24,0.259371837087673,0.1826003594807823,19.546464963002336,0.2307538926466197,0.2000650324530686,0.2429890578681948,0.21410262965655003,,0.03151632652438581,0.046155937424864985,,386.6966593960718,150.797045178126,,-0.3509627597119188,0.12656093508220287,,,-3.483855550383573,0.7373747980841662,0.5558603314177332,-2.1873063029506628,-2.867957332807205
2020-02-25,0.1609421943055249,0.2154515147857847,-684.0301366626451,0.1815113424650993,0.1999586267675095,0.2396650083576976,0.21557880764337964,,0.030810732141771425,0.043957330200379494,,358.2386620230007,142.24150054031662,,0.2916906359037699,0.10591561038417856,,,-3.9928381116107383,0.7369497549799472,0.3884945981580703,-4.2835466191647615,-4.0971335948110035
2020-02-26,0.2276711952781072,0.210314241546818,-404.3491080801164,0.2034068175249088,0.2210059913047612,0.2264860538609635,0.21746613804124132,,0.02914865468522663,0.04395806204267662,,342.90877004347993,137.7478002035285,,-0.07929966155444837,0.04064021942812883,,,-4.039903322366518,0.6779704585945926,0.481248616157588,-3.585821833707765,-2.7196961656023033
2020-02-27,0.2114590105029494,0.2176688805080611,-176.17415445256506,0.2226372136624936,0.2219027292436801,0.21105603310004914,0.21866210024997906,,0.028610082385837596,0.04386106333986273,,342.4234531933627,136.1583269620623,,0.028943835408621367,-0.03540395911758264,,,-7.21634177589939,0.9520468234929259,1.6358499792004357,-6.111435399266115,-2.5620023546836377
2020-02-28,0.2384749070426388,0.2520778518970432,-284.4738317449028,0.2511341041771064,0.2460223309714913,0.21562256964369783,0.2202454168799656,,0.02957204728196005,0.04470705160642802,,324.4645065108834,128.7196013842074,,0.05547388266786193,-0.021212939377791402,,,-5.276208927989827,0.9653616363240678,1.502244925993052,-3.1757298843979784,-3.7795623168795576
2020-03-02,0.2525458967374228,0.1947259683911242,-173.67065848204425,0.2246100142884024,0.1906119976621667,0.21804769142576624,0.2199688761820699,,0.029793836234764132,0.04472778457659648,,322.19349332053486,122.77966827848626,,-0.2599997215391524,-0.008772257573626315,,,-3.3814530905899787,0.9774241794408003,1.525227510749217,-3.774746230397159,-4.412435624009902
2020-03-03,0.1695046038283467,0.219017655320719,-100.16468415414232,0.191108409508903,0.2097094610812093,0.21876091953275312,0.22188066484482336,,0.028338152141889852,0.04477748198318915,,296.13712420432967,-307.2998270782012,,0.2562722567890494,-0.014160249742847601,,,-3.9845371637155895,0.9799460893495608,1.5263045026411746,-3.4094252405596235,-5.636271350633401
2020-03-04,0.1976908616127919,0.1677288072398532,35.04511782878933,0.1822015767220808,0.1720569134489538,0.21024383267136013,0.22064229405694302,,0.030171678498345903,0.044453317900208254,,314.3121469409357,-135.46413357862073,,-0.16435607311196848,-0.0482748461640351,,,-4.590807497667035,0.9813448535772766,1.4786916673775188,-3.612023561051192,-3.156243001850872
2020-03-05,0.1846777003765467,0.1914520715303767,-333.273671476105,0.1847571530822569,0.2062760092725024,0.20500047087582324,0.22052556138973292,,0.030285352069478688,0.04363421689331423,,-1313.5558486381237,-73.5548550769019,,0.03602535245515382,-0.07300133674714045,,,-3.838825696112016,0.9825711244077963,0.7343048299889952,-3.591187248483735,-3.641354509895553
2020-03-06,0.2211976702233542,0.2081850513157188,-160.36906638232756,0.2052535964874666,0.1900232055132078,0.19622191075955836,0.22128093295119178,,0.029748361682142246,0.04199796665188802,,-939.3281638662913,-41.441925540311416,,-0.060629383181729786,-0.12018686753357105,,,-4.184462441080945,0.976648985720224,0.4449205299228946,-3.207534282103572,-3.126004968219408
2020-03-09,0.197231418104157,0.1999609890656346,-223.20060803635397,0.1889646494749088,0.2031817797390807,0.19726891489446047,0.22029286092214145,,0.030128602235557713,0.0410133316727893,,-599.4582937758194,-23.66439513110346,,0.013744542357288118,-0.11038999898991633,,,-4.253307684806586,0.974024128358956,0.28648752710451414,-4.766640543634485,-5.252384485381781
2020-03-10,0.2140166845999243,0.1960153071598276,306.0621073671366,0.2073158785084428,0.188283759185472,0.19266844526228216,0.2199548635288874,,0.030372398338878753,0.04044928096063268,,-449.99920086433,-1.0687063343723413,,-0.08786122346764418,-0.1324515480984093,,,-3.9616272364040976,0.9738868780659795,0.2903601071476525,-4.408802394726997,-3.7721589743124193
2020-03-11,0.1963118056935597,0.1491739027578229,-150.22138440943877,0.190974103462826,0.1617060909545813,0.18895746436587613,0.21687146227513243,,0.034231349575235846,0.04027487686857705,,-344.7221873343823,3.9874879297048986,,-0.27459148257321664,-0.1377829048265555,,,-3.5312600825911438,0.9220182421563061,0.28927940917333955,-2.9801131632528,-3.9870211323119675
2020-03-12,0.1353623294489088,0.2195729715368286,-177.43834693861243,0.1893003694416999,0.1648638389732433,0.1945816443671665,0.21631915393800213,,0.03408666913980524,0.04036540087692966,,-289.2691497274138,10.601716713953033,,0.48372951663146324,-0.10590304132201855,,,-3.7116761159486336,0.9248632883835938,0.3069716437568022,-3.7483040602147857,-3.571242206632509
2020-03-13,0.2187920368345577,0.1810345544908573,-215.1632859139857,0.1875254403046617,0.2173186052404578,0.1891515450021942,0.2138370139176839,,0.03478637353425928,0.040308266634269306,,-244.02236589928248,12.840246477131007,,-0.18943375332796533,-0.12266558845921743,,,-3.513476276349455,0.9312154064988513,0.3136738442346145,-3.4463835185564644,-3.606359933511372
2020-03-16,0.1851382136500516,0.207881601667516,174.95795748907818,0.2087455407261462,0.2097669537964499,0.19073566752257048,0.212260332927748,,0.034276927689219396,0.03955920471918137,,-208.17416259881892,24.66190622476407,,0.11586604793168895,-0.10692497697748256,,,-6.886568247373131,1.1106465519143063,1.4455404250216721,-4.44890432735991,-4.838286727424658
2020-03-17,0.187984310663797,0.1908504741490715,-263.2978692150282,0.1755769819037986,0.1993245553447218,0.18970270092041924,0.21019926851828802,,0.03426228343088176,0.038272136071973085,,-176.4742648486901,25.636653401468774,,0.015131758163625348,-0.10259786381371226,,,-3.7402749246297873,1.1137860174516956,1.4625839489195795,-4.6237497563855285,-5.265882507861343
2020-03-18,0.1662229101712753,0.0755757847785609,147.0003163063406,0.1501422493464794,0.0915357700668577,0.17498307732456686,0.20016760705569164,,0.04233804341854143,0.039890454727292635,,-139.45103003032173,34.70496583390319,,-0.7881937952062742,-0.13446578262579706,,,-2.836910020599718,1.1435084863676883,1.5793534655443642,-2.022639241413139,-2.6091358245081886
2020-03-19,0.1249363085489212,0.1997730225717564,-309.48370646458545,0.1632206336403152,0.1746727822455169,0.17102308753155243,0.19541530896864784,,0.036017009306139665,0.03891925470639469,,-137.39256288577215,34.91923372137747,,0.46937775909643026,-0.1333285211664505,,,-4.469577915476835,1.1141074553420747,1.5645342831455424,-4.719173675583596,-3.9220759188065752
2020-03-20,0.1907434634471181,0.1924693631124485,-206.67090714359816,0.1735167489303981,0.1871651167826651,0.17331004925587065,0.19357651866533027,,0.035126740741559685,0.03731293089601276,,-158.96847278010503,36.5015911600209,,0.009007586464580757,-0.11059069693282882,,,-4.294135335762872,1.0846400802040859,1.5055903596645548,-2.146491344999405,-4.4710931878441045
2020-03-23,0.2078860562463327,0.1983423691796573,-114.5407302472477,0.1912640378967598,0.2150716821327651,0.17140220275829893,0.194363619150274,,0.03504412039023667,0.03731249132310492,,-165.67283254061752,36.542577368467285,,-0.046995448363723165,-0.12571787257751046,,,-3.7377485634872367,1.0765408714221196,0.637622907126651,-6.549624021513555,-4.652342248764803
2020-03-24,0.1785482973040189,0.1054029420360997,-12.067123818337508,0.1710547601338863,0.1130877087799762,0.15431269633570455,0.18886119051278977,,0.039866544090482084,0.03896108533374883,,-132.07468189840216,37.60470602790635,,-0.5270685889794696,-0.20203126406398425,,,-2.8478805099593543,1.1216699356567936,0.7742764911382876,-2.441083990967698,-2.4598527509028836
2020-03-25,0.1582747484284754,0.1957725789949562,-253.8201292153816,0.1521463472904609,0.2037000129073611,0.17835205517898362,0.1881341073851967,,0.03958631230165753,0.038941215431024516,,-124.54823295516539,36.84595527239195,,0.21262123732747382,-0.053395610651534114,,,-2.965131963056917,1.1557215963964491,0.7426181081624498,-5.963931023601874,-2.1186249276493765
2020-03-26,0.1579232472456984,0.2203502825127836,-63.45832684842998,0.2181285709872147,0.1770885461742257,0.18246750716718904,0.1882681774854328,,0.039695993389124974,0.038849819744764126,,-118.91244157495865,38.52724088754121,,0.33310933532329984,-0.03129530811442535,,,-3.193207473514811,0.9225614795962047,0.6020737081189479,-2.1632811643895833,-3.883568699275807
2020-03-27,0.2740427841634036,0.2697509156850541,-110.17320219985096,0.2555080295499281,0.2851692988131589,0.1979238176817102,0.18915183067483335,,0.04135329882383162,0.038681342152831165,,-110.19741009770605,39.94253149622164,,-0.015785242078498154,0.04533216801130766,,,-3.517913149417553,0.872973333132056,0.3727342068604031,-2.6039829760679707,-2.5602999990544526
2020-03-30,0.2849215674801826,0.2749647305246872,107.65487536250951,0.2667802844268414,0.2625397047169429,0.21324828995071615,0.19316376878151148,,0.0455970226235821,0.039737351045295,,-96.13113340547838,43.259445813541575,,-0.035571103765761565,0.09891879534593605,,,-5.463055295051485,0.9334026887379457,1.0737669401723127,-2.9074568156331817,-2.5688663212726257
2020-03-31,0.182806625883364,0.1895677684297729,-37.99944204502469,0.1836133142502114,0.2045265119072143,0.2300812552294508,0.19169127443696418,,0.04519188559443335,0.03826832455641769,,-93.02287130002249,46.11762962042846,,0.03631767264652952,0.1825463978846144,,,-3.8673748524604217,0.9337146843431523,0.9893252945740882,-2.523441920164955,-2.474978183803492
2020-04-01,0.1531142564949932,0.1448816938576371,-189.6037237566923,0.1515752474755196,0.1623398161407636,0.21990307820198698,0.1905489187678534,,0.046108945026895186,0.038196418428863864,,-104.25531337929658,40.90221083602039,,-0.055266912212890124,0.1432779426189885,,,-4.531495217222721,0.9317320917316243,0.9025315733492807,-2.0395822888437243,-2.9780714453843133
2020-04-02,0.2011581648662945,0.1808206001355732,-37.04963729335245,0.1885117797806317,0.1842230402955536,0.21199714172654488,0.19001734519811322,,0.04615924068270245,0.03779355315461871,,-89.44411167015895,46.388342775400396,,-0.10658610823511905,0.10945743364901972,,,-5.4517624155397435,0.9881249807842967,0.8912121618532489,-4.739025254510038,-3.230703436686587
2020-04-03,0.1712272714560003,0.1898193523407605,-83.41954886345337,0.1760994922335683,0.1857728585220956,0.19601082905768616,0.18909906024936532,,0.04596104942364003,0.037809822740051395,,-85.59663579421525,42.786058714744065,,0.10308109582204654,0.03589890194269413,,,-4.638378913391534,0.99660223352165,0.6767538160344542,-3.1024791167616463,-2.5265844686177594
2020-04-06,0.2047350678022153,0.2145199694998907,-98.87275440167102,0.2144829443528035,0.2134241398306846,0.18392187685272687,0.18982700927107812,,0.04625648526495492,0.03782634059410516,,-79.3802431124811,45.64592258217815,,0.04668604078949337,-0.031602094777175405,,,-6.850614816635465,1.1749290309178235,1.1444323432418528,-3.3902761550239155,-2.806025371933541
2020-04-07,0.2130786342259225,0.2046160694399188,45036.52812174397,0.1972563606098776,0.2188060302910723,0.18693153705475604,0.19025704738508267,,0.04635691554983752,0.037667986834996746,,2157.1430576063603,801.3201265795125,,-0.04052588115534757,-0.017633601003118966,,,-3.837394790568664,1.1765856199035944,1.1523460576525044,-4.213349940441674,-4.1964901838510755
2020-04-08,0.2109877754126565,0.2274416686904081,-9817.405918917111,0.2451409536465256,0.2135879530451676,0.20344353202131024,0.19417043568171194,,0.04600851631494737,0.03749072355036236,,1673.783830880977,637.7651227793522,,0.07509360878893385,0.046652174632461664,,,-3.456086588293516,1.178932925829894,1.358093825180204,-4.348847272981273,-2.4942302820845534
2020-04-09,0.2386503448272732,0.2551909704575705,-10820.847490167764,0.2437590351972827,0.2420848994376525,0.21831760608570971,0.19595133562774902,,0.047701744777015054,0.03800230050867086,,1141.6133737195194,457.99607634653506,,0.06701268026634435,0.1080845703888851,,,-6.392458211260415,1.2704664334013096,1.5185259334698142,-2.984299853070101,-2.598697664825281
2020-04-13,0.234901273403524,0.1947502332473289,-4231.225323721044,0.2385581195202051,0.2048707978667776,0.2193037822670234,0.19663711956557262,,0.047574428633299345,0.038014748201964925,,940.8102718291663,391.28057123467187,,-0.18744743026963093,0.1090979048272822,,,-3.3906337244738,1.2748833629178309,1.692550539359787,-3.4206421484398257,-5.3122376240155065
2020-04-14,0.1906233852062806,0.19469814180546,-2556.781338427608,0.1798504185279674,0.1898042333538332,0.21533941672813728,0.1959779465724698,,0.04750170634731785,0.03796786857375515,,804.223307033332,346.77771943358425,,0.021150692170163746,0.09421333036234862,,,-4.609799401705973,1.1265130903139875,1.2470515753776592,-2.8052304556469907,-3.9209715396783893
2020-04-15,0.200703565983332,0.1514627650829978,-1572.625347891024,0.1921955440343863,0.1522794773100995,0.20470875585675308,0.19400856111916612,,0.04853082083125048,0.037922226580140016,,738.7569330995324,323.11456795611065,,-0.28148920366198044,0.05368597827515889,,,-3.2209763613439013,1.1436329147724837,1.3361135855934032,-3.139892104701026,-2.93457500572365
2020-04-16,0.1499004209003298,0.2614352408827782,-1234.2890981966384,0.2400079028387347,0.1782202024383283,0.21150747029522704,0.20330153392437697,,0.04201654974786209,0.038046186932784394,,669.6924623743834,304.1082028848652,,0.5562153950494825,0.039570052674264396,,,-2.784050956973273,1.1469530984428828,1.4595188345992376,-2.706994272631181,-3.3815838254043635
2020-04-17,0.2648833010040787,0.1875191103415359,-937.5443027363418,0.2255792900567295,0.2266370859052717,0.19797309827202017,0.20268883831286594,,0.042159811984695233,0.0380196035493248,,638.2894325607956,287.7401918168326,,-0.3454085933854767,-0.023540832733716606,,,-6.8515679239551375,1.2933714767735773,1.6441663976735836,-3.322672418020097,-2.693084841070357
2020-04-20,0.1646275428032253,0.222521704711939,-895.6406885754915,0.1909748447031156,0.2009484390518952,0.2035273925649422,0.20419145539284048,,0.042311683679173984,0.037354345889881464,,603.8409434892009,275.44050724203225,,0.3013390401384005,-0.0032574575270365017,,,-4.607814243551582,1.2952598960643436,1.5888419125982909,-3.2464131153430644,-3.583745991504739
2020-04-21,0.2279482476736181,0.1550796944425956,-774.2330438414873,0.1912745185008786,0.1567820642782265,0.1956037030923693,0.20202832165598741,,0.0437092446215826,0.037386342793510496,,570.8563278094889,263.960051554981,,-0.38517947682242504,-0.032317204404403284,,,-3.3670146970511303,1.3064961592507944,1.6468686076757901,-3.4283810554783987,-3.2284604266960564
2020-04-22,0.141609824511856,0.2239416874240389,-867.405325011199,0.1966484479618149,0.1940994966835323,0.21009948756057756,0.20795525892538436,,0.03751534643672839,0.037405636839734205,,528.0894177498459,251.4177992914814,,0.458310132966374,0.0102582135782521,,,-5.972073267822379,1.3114758141265777,1.7104284369060871,-6.557110582020618,-2.624459485721068
2020-04-23,0.2475758304591173,0.2366765178996779,-667.3194835107829,0.2216541935869824,0.2461968753914423,0.20514774296395744,0.2100004558706204,,0.03792892214251918,0.0374043610697643,,507.4144500350757,241.9249957077967,,-0.04502261534646196,-0.02337928458167428,,,-3.7073415626849964,1.2773510315895877,1.4845708387996563,-2.5059649459918294,-3.6985774082995224
2020-04-24,0.2463439799739673,0.2122013905382003,-551.5225040946241,0.2198586257241457,0.2356976590131831,0.2100841990032903,0.20959301127189126,,0.037855587464134366,0.03738446903028597,,483.01124117276606,235.50741759705664,,-0.14919307268994123,0.0023407892716268987,,,-4.145277924190734,1.2439580326515947,1.0146773491965626,-4.44472817650001,-3.7016696937481637
2020-04-27,0.1868047371363976,0.2022722471450166,-463.52999261597904,0.1922966293851797,0.2126292015352127,0.20603430748990587,0.2062190778448894,,0.03511995693818627,0.0373352143675774,,465.34340165195965,226.53683268837895,,0.07955066325831171,-0.0008963922380197994,,,-3.89553113942193,1.2305308899307743,1.021150600499486,-3.3695745724639337,-3.899627272607009
2020-04-28,0.2099706308805391,0.2098149254215493,-412.14750473357,0.2071329509161956,0.1818478073240492,0.2169813536856966,0.2029615875897325,,0.031211971921747777,0.03733413287051866,,439.35328264715565,221.805214187404,,-0.0007418333660739875,0.06679468469195199,,,-3.6775382655204427,1.2257178899515133,0.9643618501239493,-6.037942038574241,-2.9052477004846944
2020-04-29,0.2234419644213359,0.2506499408406912,-467.38237454310536,0.2387964107243614,0.2371360273584914,0.22232300436902705,0.20601569621027843,,0.032781404941161794,0.03764271914805767,,417.88413602225165,206.99946297551955,,0.11490559437023608,0.07617893797512508,,,-6.4007067599818095,1.290156496886163,1.1530284776689717,-3.0287164455509505,-3.622782644614115
2020-04-30,0.2289097889821585,0.1403854128649415,-260.8742905502556,0.2027429378740537,0.1706026588065285,0.20306478336207978,0.20579088216064365,,0.03323500588679472,0.038561925195129236,,414.3206076825735,208.1258137480708,,-0.48893640214520895,-0.013335460055285372,,,-3.4376452358378713,1.315674515788565,1.1969726666498823,-2.6674432488867414,-2.3403793316847095
2020-05-01,0.1771016238483804,0.2039915561529914,-50.066140769961976,0.1853883966360379,0.2127737364283657,0.20142281648503796,0.20694942996151458,,0.0327185965462284,0.03853115876651312,,413.66978250874297,-329.77672593318,,0.1413548877295615,-0.027068200449410985,,,-3.5977474528508986,1.312974143447057,1.2402271866375623,-3.064902631768641,-4.802422528046609
2020-05-04,0.1803747021153596,0.129649623658135,-247.6532983869096,0.1627778258270273,0.110325617388729,0.18689829178766168,0.2039409435273833,,0.03687848133211677,0.03973817595378463,,405.4580950325702,-206.48890154264555,,-0.33020075639063906,-0.08726588471347897,,,-2.9478528394342867,1.3534604446180494,1.3648884514804835,-4.534172333184902,-2.6224787874176716
2020-05-05,0.1075093345039799,0.1362110833397247,-363.2820617883119,0.1003472284589128,0.1246017268488275,0.17217752337129674,0.20002549921937499,,0.0397420825678941,0.04065759422167021,,392.2376296632382,-95.53363574168752,,0.236628089486678,-0.14991879734273303,,,-3.719153178186717,1.2248920556466754,1.3624615019569741,-2.6914811371228304,-2.60905805241109
2020-05-06,0.1609319049554747,0.1595588979247688,-141.9831755885642,0.1617317453060276,0.170942584814522,0.15395931478811228,0.1977726406436175,,0.04073288756609625,0.04104943454580712,,-1866.6879352033884,-53.18135948711942,,-0.008568204879515985,-0.25042971351692656,,,-4.687374281023788,1.2263594360325023,0.6359747976574491,-3.5095866705385728,-2.395895800999904
2020-05-07,0.1657298099161246,0.1802845351104669,-163.77807387820292,0.1617452364220049,0.1850561641896551,0.16193913923721734,0.19541478396462042,,0.04028751099906512,0.04113569033747851,,-1384.0065429514432,-18.31496646828293,,0.08417754224706206,-0.18790381582508883,,,-3.758833025454526,1.2179692403327498,0.6216944958356326,-3.1218976784679335,-3.22140095418731
2020-05-08,0.1803722572318733,0.1687816167548628,288.32991718189385,0.1719852147591538,0.1646654096632804,0.15489715135759163,0.19109431627948503,,0.03811436502996645,0.041185001684922784,,-828.5476725839602,7.932183802715023,,-0.06641714030616976,-0.21000575162572904,,,-4.917171577610204,1.122895330369443,0.799617494643394,-4.6860854009252275,-3.346426866971767
2020-05-11,0.1626671304537872,0.21643728167576,-349.50388719006804,0.2054153284403232,0.1866721374342992,0.17225468296111662,0.19217866870090658,,0.0385300807803306,0.04105261306226346,,-634.4616007574115,20.775435057490743,,0.2855948451135771,-0.1094514089437415,,,-3.9769247388647053,1.1086336693344299,0.5537974081067746,-3.3200023563535566,-2.4442908561626484
2020-05-12,0.2190671633409762,0.0297718875883967,80.45445580926872,0.1907769666773231,0.0663186294943187,0.15096684381085104,0.18393235599005345,,0.05292316014450414,0.04630334979996088,,-502.5998110455677,31.149777796315107,,-1.995813785980079,-0.19750782423479837,,,-2.083784260182569,1.2012062553167817,1.115563634506197,-1.9732113542975578,-2.2401813887887556
2020-05-13,0.0062432602979218,0.222118980174214,-440.1232714740207,0.1350120780948023,0.1022413592236808,0.16347886026074007,0.18746516674461425,,0.05299984389763295,0.04619469905621717,,-445.97470722471746,38.769320342041496,,3.57171065545922,-0.13690936385301788,,,-3.418219879645331,1.1945057217377282,1.0282745813594498,-5.170505059532105,-2.7716278680169624
2020-05-14,0.2215873426701355,0.1692114614724889,-283.9018915374733,0.1460057473404248,0.2226082618312339,0.1612642455331445,0.18285397777409979,,0.050161345058781136,0.045147291159275696,,-398.45534689175923,43.92869515076739,,-0.2696676512502537,-0.12564360249531464,,,-2.5691253765235893,1.2078380705532465,1.1244463503627384,-1.9701239336837313,-4.503238916059973
2020-05-15,0.170143589386166,0.1707975912282986,-214.1629044133745,0.1539258145073625,0.1982857698248878,0.16166744042783163,0.1820179018184379,,0.05021881737829343,0.04332247324420833,,-362.28627697561086,46.203530899804115,,0.0038364543884539474,-0.11856365546991944,,,-3.115418123769971,1.03418647085385,0.735250082580389,-2.969647675183255,-6.206652590839392
2020-05-18,0.2188281977850121,0.2393259567619257,-213.71143832224377,0.2410719274494819,0.2365472351890538,0.16624517544506476,0.18285811442093725,,0.051065591838668156,0.0434831960742549,,-328.1898144629485,38.89421874871572,,0.08953952162895085,-0.09524686184816596,,,-5.39820571288812,1.076873484143672,1.2710660326498064,-2.657625726154514,-3.777113028468076
2020-05-19,0.2005942417825639,0.2122246302996093,-82.66571949202591,0.2008818139115717,0.212505265042866,0.20273572398730727,0.18571536121378793,,0.05102820333712764,0.043525018115562385,,-293.6114482454754,37.19068234113192,,0.056361120458013766,0.08768809308793529,,,-4.454730572403119,1.0738940610630188,1.1304868269349981,-3.1838214936748805,-1.7012640835395396
2020-05-20,0.2668338004943913,0.237337667420471,-216.90078488852387,0.2402521356369371,0.2536368768589256,0.20577946143655867,0.18638516021360954,,0.05164061592494727,0.04379839054254871,,-261.0862212393416,44.97617153736727,,-0.1171421103466365,0.09898973326924557,,,-4.31363993563052,0.9723467290757424,1.1275618979278428,-6.220480637346955,-4.185231182157008
2020-05-21,0.2029004094285578,0.1948530621567537,-189.48532067900632,0.1909669117222434,0.2103511500445707,0.21090778157341164,0.18429398742646333,,0.05032700210776624,0.043748630287747704,,-237.19451309775286,48.557234660719104,,-0.04046951759519939,0.13488874348105506,,,-3.9432950007474084,0.9711749571619078,0.8284870057730077,-4.052920423998274,-3.6635392196947936
2020-05-22,0.1776026688998375,0.1777530045616888,-206.5848813089658,0.1692861382378869,0.1837512233102041,0.21229886424008967,0.18257156812763775,,0.04990937177341599,0.04368826681723868,,-219.94763195846994,48.05038921311243,,0.0008461138067995818,0.15085276863303018,,,-4.236017459318848,0.9724795351511267,0.551908071054269,-2.82035707261125,-4.968235025697521
2020-05-26,0.1907671641311199,0.1897652228279991,-57.36575473830666,0.184234728312759,0.2013769523564335,0.20238671745330436,0.18194621691178686,,0.049727559369905965,0.04300695466566602,,-199.63942006458632,51.83552382988903,,-0.005266009689831628,0.10646917809819378,,,-4.066210616723017,0.9729335200496947,0.2017779759053067,-5.280902031910971,-3.0045564133331357
2020-05-27,0.1908042565684331,0.2231135671628967,-153.26980449950156,0.2213789226813722,0.1964094811445678,0.20456450482596183,0.18261114899885422,,0.05020642450814549,0.04318830592866183,,-186.6955350528829,52.17553806293141,,0.15643284379082836,0.1135243295222434,,,-3.6901025403068277,0.9727619052951285,0.2476304330054029,-3.0931122166146916,-4.520007971845382
2020-05-28,0.2016214782620933,0.1862646455346963,-114.04522361833092,0.1789465909325036,0.2084244977614635,0.1943499004488069,0.1793918842335545,,0.04761126232587849,0.04305955083318124,,-169.02867750664416,51.944195738528265,,-0.07922358160928226,0.08008743485631557,,,-3.524114217270039,0.7835035196366498,0.2861079552481203,-5.654827383144373,-2.9744988686266076
2020-05-29,0.2263074472382977,0.2058768048968402,-149.0671280834926,0.2176957204433178,0.2164781433597382,0.19655464899682423,0.18266645383514943,,0.04703599058582415,0.04297114611435154,,-163.438319383306,48.875658306656895,,-0.09461650538147294,0.07327867144330028,,,-6.710892392009978,1.0135201954666921,1.2980103175940327,-4.060710834976904,-4.507703901332322
2020-06-01,0.2498627819576375,0.2595612638104869,-117.74743860803946,0.2474392815104735,0.2623144702219209,0.21291630084658383,0.1854449392180242,,0.04991516802969704,0.04382071561226592,,-166.82238427520988,52.46776218779132,,0.0380808637832821,0.13814112034682477,,,-4.208060641147059,1.0113375259264648,1.2991977828266423,-2.613240806545471,-2.5033770716587305
2020-06-02,0.2783205068461707,0.2762992663715438,-98.3253485144321,0.2718450802000083,0.2784062193131338,0.23022310955529277,0.19277742135369463,,0.052014695103715654,0.04505570637648798,,-159.355986781586,53.50182415225625,,-0.00728877519566936,0.17751261412439232,,,-5.0265910458072165,1.0057287207544625,1.3011343101006745,-2.6532430116669725,-2.4472173754940765
2020-06-03,0.2129220787141541,0.196544312109089,-92.6015533574134,0.2084661485204306,0.2036298455115708,0.22490925854453123,0.19579408279216287,,0.050282086154479294,0.04505183921684413,,-145.8219613600411,55.67847506357192,,-0.08003835834215668,0.13863351653490613,,,-5.33160469127355,1.0384575912866523,1.2078212868391727,-2.7643515141593253,-3.6280005567202207
2020-06-04,0.1974934563437069,0.1825356606642549,-31.8500861207647,0.1937362110183302,0.1887648382628772,0.22416346157044295,0.19694292092913718,,0.049669367943660225,0.045081383263290004,,-140.31530688665111,50.0466051721069,,-0.07875989652105454,0.12946157960029306,,,-5.304059268671461,1.063435815026476,0.9024131186065145,-2.366978497117185,-5.591619235063353
2020-06-05,0.1631905074425836,0.1565105294503355,-11.578030566802,0.1603724661134191,0.1612637617544856,0.214290206481142,0.1957542206461306,,0.05036858483215522,0.044964803735639707,,-132.70530472108106,52.35732773615085,,-0.04179498710833049,0.09047130534482062,,,-7.022834377374183,1.2293078528541153,1.0253468019849,-3.2180316148449433,-3.0084877711917293
2020-06-08,0.1619730055903754,0.1776412884738794,-252.07770380511684,0.1607280527669514,0.1797624625246423,0.1979062114138205,0.19619720423208142,,0.050157396832864375,0.04490401425832925,,-159.7256857704316,51.113338455042445,,0.09233659449493857,0.008672941296581705,,,-3.9615068978926447,1.2253046472142286,1.098998609272888,-5.31966926651098,-2.5020124187577877
2020-06-09,0.1298669421633587,0.1482302264615786,868.1694710786777,0.1470689920881951,0.1354240785989424,0.17229240343182747,0.19278685147137234,,0.05102016360245258,0.04526791695004307,,-98.84201785699432,69.16888440492016,,0.1322562448170441,-0.11239212872062253,,,-4.45288580467706,1.2229561875349202,1.1663892422322075,-4.793875718409434,-2.055185786175948
2020-06-10,0.1820558550008346,0.1612029585251604,144.80719524896483,0.1822478702297605,0.1640781748955535,0.16522413271504174,0.1993584050182105,,0.03480626252625888,0.04542383094374194,,-95.62438088500951,68.66637170091828,,-0.1216493525650914,-0.1878013028283537,,,-4.008000164232136,1.1060926108659035,1.2780458761949507,-4.108139479141969,-3.3427015110717146
2020-06-11,0.1521317685632897,0.1599412121903531,-106.77672623848248,0.1497598633556083,0.1621241893989791,0.1607052430202614,0.1962495166190175,,0.03543742437275055,0.045624483767291876,,-78.9570536232326,71.27505741719402,,0.05005928015732955,-0.1998149952231462,,,-4.392939884680569,1.0799704812613364,1.2798706299677773,-4.447227926540035,-3.7900510456267265
2020-06-12,0.1853080954425658,0.1970628995851324,-235.0584101082904,0.2017627822977825,0.1938310660704192,0.16881571704722076,0.19764208852464965,,0.034861553180371554,0.04296224187077473,,-76.51487955177345,64.90741197695019,,0.06150314437072613,-0.15765007294264816,,,-4.836885844637359,0.9827363316732712,0.3589796949933012,-3.3281344544213365,-3.2051610504421015
2020-06-15,0.2096294268740441,0.1982028103921251,157.15734796232323,0.2143904206204534,0.2095113615486479,0.17292802143086994,0.199012349482841,,0.034284694287114864,0.04295951500580997,,-57.948866932988565,72.68476288406532,,-0.05605053661163307,-0.14049143367460157,,,-5.322802890862539,0.9297684796401284,0.4983730221871783,-3.2633085437104175,-3.8843338178737814
2020-06-16,0.1879319638638095,0.2031805991746922,-272.6352212340879,0.1884170963956468,0.1961977862158734,0.18391809597349262,0.19720508160347933,,0.03297545180628471,0.04297287841988232,,-60.89505607858077,71.58535764922384,,0.07801523165470632,-0.06975368268673114,,,-4.856110278883527,0.9164645590349639,0.5006882275699307,-5.09656913717888,-2.9013248153872913
2020-06-17,0.1956764670491475,0.1970440592579172,-233.85468721687977,0.2035815372589988,0.2009618443230278,0.191086316120044,0.1964460530513947,,0.03278570340949034,0.04297136650631344,,-68.45450446482347,69.59679169972998,,0.0069647377479358785,-0.02766261161605401,,,-5.9446981680886575,0.9565982562083021,0.5889620629094169,-6.760412462264511,-3.328659978937514
2020-06-18,0.2383764430730544,0.2366439371419462,-117.52680736807496,0.2283656510285681,0.2384596498685152,0.20642686111036262,0.19641136653746846,,0.03274049987530288,0.04166780857058108,,-63.48580558880102,67.83913030723434,,-0.007294481186085896,0.04973489750564159,,,-4.595814205989067,0.951773466763614,0.5351253354485869,-3.3973048284692635,-2.567818043839839
2020-06-19,0.2495923671256763,0.2146472835772384,-37.51388411112063,0.2372686705050086,0.2165829342567078,0.20994373790878385,0.1974010776084927,,0.032989149816955936,0.04173022231007896,,-55.887233760406744,71.44423439230536,,-0.15083291613705294,0.061601994107762556,,,-3.878310886359149,0.9548565419054055,0.7756529531308608,-4.039673193755664,-4.040744043973663
2020-06-22,0.1765297246526569,0.2053687653777989,-32.08798181962652,0.1826215878751731,0.1993751533484156,0.21137692890591858,0.1987818656492982,,0.03270015440888194,0.04163425948399125,,-47.16238878593977,71.96707347611874,,0.1513179448134998,0.06143486169913959,,,-4.089144179289225,0.9597199119812085,0.8107282973269287,-3.4649307305851775,-4.938413941772214
2020-06-23,0.1618979308157619,0.1801945397632871,-87.43462088580785,0.1714874992286073,0.169771635500266,0.20677971702363757,0.1983033314960626,,0.03290841422240897,0.0405730435890717,,-48.665832093314826,72.34604983135279,,0.10707096376407739,0.0418562220002663,,,-6.367838693458224,1.0087429942085078,1.119326074772671,-3.368166638425522,-3.7728673593610584
2020-06-24,0.2220560711078891,0.2023128559860367,238.3488442534052,0.2054964791064431,0.218206744596674,0.20783347636926147,0.19726329593721964,,0.03240793098152139,0.03922261984708931,,-29.084899655669496,74.52428264620106,,-0.09311463126936252,0.05219780069584361,,,-4.3653453057038165,0.9777781742466924,0.9930465661869875,-5.7906780574098855,-5.245953267333959
2020-06-25,0.1785272096666172,0.2285234689880377,-254.59223489286995,0.2195093467876847,0.1870465696035821,0.20620938273847975,0.19937623710988667,,0.033024826004613685,0.03946499010347507,,-36.112250219396444,70.91440276540364,,0.24689788926951914,0.033698395184306285,,,-3.427661163435882,0.9851834215819658,1.138478322943231,-3.0297249488692235,-4.813367472048272
2020-06-26,0.2983362158766689,0.2548008259204102,-127.0661132123995,0.2699240631290323,0.2788489365828401,0.21424009120711413,0.2018224381610652,,0.035267469125371986,0.039653244213579256,,-35.01219947584179,71.95669627447519,,-0.15773892657786473,0.0597090158339682,,,-4.718913130262017,0.8890242193979316,1.0988192993180141,-2.9471712797492526,-3.215044614755878
2020-06-29,0.2000296638909953,0.203661229614795,-97.37276613911337,0.2058569126421434,0.2155674965646645,0.21389858405451334,0.19902743645128057,,0.03256205546592558,0.03960724079029796,,-33.99346585239548,70.95131079371251,,0.0179922993066713,0.07205930956990572,,,-4.634538862285044,0.8789955785117456,1.0626767820177538,-3.694405117582272,-6.372704022080439
2020-06-30,0.2089190853801641,0.2082613006408653,210.38768621394524,0.1945398032336669,0.2149499608517282,0.21951193623002893,0.19562553816474665,,0.02717228849277904,0.03962101793714531,,-18.557814115976615,75.84809804500247,,-0.0031534813545823458,0.11520429792428473,,,-3.8917225796002315,0.9017634889899302,0.5423754736627083,-3.0674533214276356,-3.5731692897242904
2020-07-01,0.207737118938168,0.2110117967312863,-10.974959964515165,0.2144307833713643,0.2119343314235298,0.2212517243790789,0.19634891239585653,,0.027389740086690133,0.03959797926947019,,-14.476484446331702,77.31306128562174,,0.015640611483372126,0.11940783576220121,,,-5.992884776021995,0.9349448052018527,0.975851930561555,-4.9129778100276695,-4.744554014153734
2020-07-02,0.2692461883076964,0.2961416238783907,-47.37075276060591,0.2870715882521235,0.2726329887947201,0.23477535535714952,0.2020292105565633,,0.03507602493236169,0.04159370497621252,,-15.252517778323764,-674.0852532894546,,0.09521163971443049,0.15021682863449182,,,-4.237850140705868,0.9352829581824939,0.7973350489827229,-2.4317793533031087,-2.69387876852317
2020-07-06,0.2494554580428136,0.2147088462805961,-43.244621304749785,0.2295374529352476,0.2333644285119729,0.22675695942918667,0.20493912639807635,,0.033478739211316486,0.04147801379315284,,-16.83584731522115,-511.18256499591524,,-0.149997467356012,0.10116578996239696,,,-5.565680454391889,0.7951673938291566,0.888365677350689,-5.600220196545154,-3.2165789736562695
2020-07-07,0.2609865353974987,0.259151162714772,-11.492935489577462,0.2528293771556167,0.2595776263427907,0.23785494604918206,0.20901462011012098,,0.034911371658692784,0.04157246940703226,,-4.806608899444183,-331.0266557512787,,-0.0070572862031997065,0.12925681528907468,,,-4.9984721874203535,0.7797105581302834,0.8796768578056496,-3.297095205964376,-2.891553660268103
2020-07-08,0.2265141821736986,0.2480575250059931,46971.54571187233,0.2391191886012365,0.2364837910804071,0.24581419092220766,0.2140059850373417,,0.03283820383052703,0.042051989648922025,,2300.3622031402383,522.3528615086108,,0.09085311752045104,0.13857194698396888,,,-5.938721246572472,0.8216814137028859,0.7360039025209726,-3.400737125834211,-3.223983236389526
2020-07-09,0.2473373518714248,0.3218639978770956,-5170.495768668068,0.3241400145795792,0.2456232355506711,0.2679846311513695,0.22203903700493846,,0.038418195957604984,0.04490559176773897,,2034.5970549443869,478.79095433793645,,0.2633758876552189,0.18807642363796165,,,-2.5444429314429224,0.9511941616388983,1.3438467866327228,-2.769189144759919,-2.1995574861407863
2020-07-10,0.3210655213056355,0.2928744030761758,-12556.741364625985,0.3498213767836846,0.3286010265277062,0.2673311869909265,0.22868569654922957,,0.03860811573387862,0.045919653219200836,,1412.0988230250118,295.7223540590204,,-0.09190135984438073,0.15613973379806367,,,-3.8527946399957447,0.9687748698509037,1.3842984295473437,-3.1051704678728793,-5.723815563028729
2020-07-13,0.3095669666032972,0.3147528435740123,-5447.653643774917,0.3119274476950719,0.3020313314812979,0.28733998644960973,0.23457019374867358,,0.04232465486117776,0.04753482809542527,,1151.4690613416803,225.4996116327158,,0.01661326826761711,0.20291125964654685,,,-4.6156129004510005,0.9684292006722981,1.2761609983689128,-4.946090699106043,-2.302145216819595
2020-07-14,0.3219348271784912,0.2867573591805636,-2513.6042322045305,0.2782618412705164,0.2707446193290881,0.29286122574276807,0.23899792118809554,,0.04294731780810413,0.048629382982100955,,1017.9309823333376,199.23194614157927,,-0.11571270521217879,0.20324401060470532,,,-4.890558631956166,0.9583810643561389,1.2641539605917123,-5.096676322744157,-3.589715021827418
2020-07-15,0.2754237524161214,0.2740498012408068,-2511.253042090466,0.2803654686104853,0.2874581554170698,0.2980596809897308,0.24254138129140124,,0.04275979517222318,0.049363418978612544,,906.0000912905186,172.30507358299639,,-0.0050009833219215915,0.2061213979112644,,,-4.948691053019094,0.9595483657587753,1.0083637112429242,-3.201452439125636,-3.6499558529858422
2020-07-16,0.2588864828728585,0.2978599333569325,-1713.4648965888327,0.2854179968155605,0.2803867682544516,0.29325886808569823,0.24758217499635204,,0.04305537771114024,0.05022582657565582,,832.0195808219211,156.65120937054064,,0.14023367816194027,0.16931318068826637,,,-5.292091077952529,0.9245562687542187,0.5412069466573649,-4.50057828976932,-3.729532107966337
2020-07-17,0.2765463429002999,0.2678740788948071,-1060.3844300029496,0.2532927766299604,0.2615647466611532,0.2882588032494245,0.2491436820839951,,0.04320385927930847,0.05075126553618049,,784.8766996901774,153.43489095401145,,-0.03186139711986215,0.14582893248531786,,,-4.794882584144195,0.9251002509905741,0.2488830100013644,-5.087129424200351,-3.6888664869432617
2020-07-20,0.2674487402466097,0.2464926498206323,-1115.4298642397866,0.2452542713078416,0.2458825393539649,0.2746067644987485,0.25073595039616475,,0.04244576463308958,0.05085231863179922,,730.9809006837442,145.96638460852807,,-0.0815957478609818,0.090939732091091,,,-7.372543657522889,1.0870173407033368,1.0855986633829857,-2.968753816253517,-2.6844284970461336
2020-07-21,0.2558663560396375,0.2620276699886137,-906.2946230610306,0.2661538932158938,0.2676199195321671,0.2696608266603585,0.2535688956267055,,0.041128825627049184,0.051280458942111876,,687.2705686216739,140.05351595908797,,0.023794847382685468,0.06152940804007222,,,-6.525199724605569,1.1353915389689284,1.117013956385813,-5.1419276684180755,-3.6997507655848105
2020-07-22,0.2259506802805981,0.3148174371054608,-697.6445400051913,0.3170108476225071,0.2168137100029774,0.27781435383328923,0.26030004049381417,,0.03947114013141844,0.052962729084364814,,656.7600726657048,136.15160683593442,,0.3316761594585032,0.06511813108523264,,,-2.300615657410768,1.2282945090615223,1.9389976635579511,-2.6834826604574693,-3.199866750963665
2020-07-23,0.3358837981165026,0.2324833555148924,-650.6520337608421,0.3041874835493061,0.2783419721751099,0.2647390382648812,0.261808565470257,,0.03767393948229289,0.05301670091306845,,612.3100287649925,132.17653135214655,,-0.36794662792662175,0.011131008975254344,,,-3.655618334335405,1.2499162979755964,2.0655900359976362,-3.521863957238548,-2.7275912216372094
2020-07-24,0.2513703854648592,0.2424390248895176,-524.6875938479702,0.2141104225275727,0.2628947556135639,0.2596520274638233,0.262504343265331,,0.03715174284065836,0.05293074546351156,,598.8052608172372,131.22144436373213,,-0.03617725574253599,-0.01092524895849014,,,-3.0203460609883273,1.2749766976125183,2.2396743650087774,-2.625847197866056,-3.671626977442925
2020-07-27,0.2131033200416348,0.2584299279656359,-614.0989450154235,0.2379255599679308,0.2480904333530666,0.2620394830928241,0.2626857983675922,,0.037120987174471265,0.05234793777146543,,574.4536192270862,125.33436678931267,,0.1928474667835348,-0.0024634437274271125,,,-4.588817287942433,1.2751511780056208,1.6346196497797905,-3.65171576091693,-4.428089158059725
2020-07-28,0.2673984784228675,0.2646226698561134,-348.1979994069409,0.2609682723532565,0.2794397440356042,0.262558483066324,0.2657338703796581,,0.03442415230942898,0.05270161300868981,,561.9123575636947,120.36550247869636,,-0.01043505042572693,-0.012021470814995407,,,-3.991527808337893,1.2845119124651754,0.8830745080134315,-3.808399974826848,-5.954168813424144
2020-07-29,0.2878576548559635,0.2956314167533982,-395.32949703976055,0.2904123592347405,0.2985816069667777,0.2587212789959115,0.27010237618528476,,0.03222006005543932,0.05240837344226761,,531.6264984010095,117.90423250114885,,0.026647360750531066,-0.043049718818694856,,,-4.807378451211592,1.2722868296509646,0.7204420311772614,-3.291406497327456,-3.9535733718102017
2020-07-30,0.293029393547727,0.3007072089577813,-494.4543236335727,0.2948422423721384,0.2954263164199648,0.2723660496844893,0.27458714679660956,,0.02970664376306326,0.05227982368309713,,507.4525302175566,115.71802813706115,,0.025864140366293434,-0.008121752777232101,,,-7.445482788950469,1.3865076456326624,1.647705815165321,-3.321890785113451,-2.6849610180564114
2020-07-31,0.2625325320244061,0.2206545165653679,67.47616523804288,0.2353622461402151,0.2293616736254708,0.26800914801965936,0.27081279143095843,,0.03156149131166663,0.05162915133148097,,513.1948761174891,119.20901715083795,,-0.173776801003375,-0.01040666130509316,,,-5.11590039518215,1.3826879480778431,1.3263529602034458,-2.5905752103797246,-3.8265561891349624
2020-08-03,0.2369515271702296,0.1840295814986712,-268.3031063649956,0.224328679247288,0.1971550982770091,0.25312907872626644,0.2692788281918622,,0.03499100556823616,0.051578552215701866,,501.9419518644768,117.46693327605807,,-0.2527590798072497,-0.061847827581061415,,,-3.6055100655432906,1.3959554001709786,1.4993587327301792,-2.1483404679302645,-2.598294680339892
2020-08-04,0.1859436230018452,0.2465004357873357,612.2500376708665,0.2100003877889391,0.189582831432943,0.24950463191251085,0.2686462918454903,,0.0352967289753146,0.05115978163351155,,533.129100522499,122.86560195087428,,0.28192023575327796,-0.07391813436052443,,,-3.891360142554627,1.4060481370949671,1.516657145190716,-3.6556025542431563,-4.010615692988357
2020-08-05,0.2434669929057746,0.2434032750352526,-913.1640994996792,0.2308628966415504,0.2661304426917819,0.2390590035688817,0.26841357934695337,,0.03545460546607874,0.05120511116321885,,-1861.1063900461013,113.47126507904744,,-0.0002617447606945623,-0.115818599190106,,,-3.3447921132751643,1.4015063742619245,1.6879842934883096,-2.823904020463833,-2.9521338159885135
2020-08-06,0.2654110758190184,0.2472043343812249,-319.2466125681941,0.2588416072484514,0.2746513589463424,0.22835842865357042,0.2646805961721598,,0.03340164941535053,0.044389834864048516,,-1618.5439322411078,106.8095806060897,,-0.07106459424381428,-0.14760735150067159,,,-4.147128333267325,1.325761713779658,0.6821676291563089,-7.258876254952376,-2.9280198961206794
2020-08-07,0.2332310686245642,0.2227647366135738,135.92665761105832,0.2201546285858322,0.2345913017717937,0.22878047266321166,0.2611751128490297,,0.03396128892064038,0.04438829227041426,,-983.9105311292554,116.41041275750769,,-0.04591345118112719,-0.13242820369382527,,,-4.237983560844861,1.3169460713307177,0.3726357473306158,-3.8805951537792853,-6.160963048682558
2020-08-10,0.228218440060151,0.2182236915385282,276.9700422628774,0.2355761820001887,0.2254002641034662,0.23561929467118303,0.2563486552472555,,0.03278508266461885,0.04372087926285078,,-697.6793468273657,125.75827832084687,,-0.04478259606209024,-0.08432110813547108,,,-4.587731340742145,1.3169764161050648,0.4626216653486707,-3.5411271600479526,-3.37570187080214
2020-08-11,0.2153594894645043,0.1942245833842175,38.93327225925225,0.2034045929944561,0.1968606843954288,0.2251641241905594,0.2517220164574382,,0.03473885020769698,0.04329005153678734,,-570.0524716041766,129.97654793205731,,-0.10329354002132592,-0.11149579220399362,,,-5.02922064692054,1.3187939601062766,0.6223944390751143,-3.556443298014562,-2.9512207276670845
2020-08-12,0.2372842780745268,0.2483073879724098,-222.6387693967897,0.2711490103892742,0.2507454989677935,0.22614494677799085,0.25043489579401834,,0.034342671541559705,0.04333866060406429,,-455.62175796949276,129.8277590808149,,0.045408538416184654,-0.10202283860071945,,,-3.8920482644404233,1.3267130191492644,0.44077420618236757,-3.5037719006857766,-5.317681051013649
2020-08-13,0.2617352847805203,0.3197227415891088,-464.7240370429107,0.3009859483481323,0.2794030796116171,0.2406486282195676,0.25152803620562714,,0.03622788614161619,0.044786639715127856,,-393.18471499219675,123.4601204549668,,0.20012055812334686,-0.04421656387409958,,,-3.835855393023584,1.325668695036347,0.4997200423707604,-2.0754641961762235,-2.6239148568242237
2020-08-14,0.3047993672677322,0.2818976657759586,65.38064358748784,0.3022787947321061,0.3033933026004307,0.2524752140520446,0.2522292155496847,,0.036693627146886815,0.045246241114217364,,-336.8964613126749,128.16481092956698,,-0.0781096301577885,0.0009748221232557224,,,-6.799342345204039,1.4207412000747062,1.208797177692359,-3.3935186049679382,-2.827967332707064
2020-08-17,0.2778205329353524,0.3097900391086341,-230.5901030475652,0.2920353347949329,0.2736941079512709,0.2707884835660658,0.25539408501408484,,0.03883977575859924,0.04604725266320678,,-292.65447325306377,127.47973122342435,,0.10891943457148878,0.05853022904606645,,,-3.998603919971196,1.2674612259755134,1.265553864226961,-4.611922684832695,-2.3906914594101405
2020-08-18,0.3204170657955014,0.256999527845887,-21.161014762661463,0.2851352247077789,0.2585628666421731,0.2833434724583997,0.25514267790694845,,0.038810839726325985,0.045525242739701356,,-248.39779283814534,130.5701289991961,,-0.22054923008863409,0.10483693543475144,,,-3.627883773972409,1.1792143411850662,1.3309463984690169,-3.6929622602326173,-2.768199258659398
2020-08-19,0.2415983856310428,0.1476762419916171,-166.7564651212365,0.2242925490009253,0.1720170958247564,0.26321724326224116,0.2467856181512563,,0.04304862204086519,0.046559604411636306,,-221.85338909394758,128.74695049281394,,-0.4922544605858626,0.06445969417935798,,,-2.9512283646247885,1.129179145064581,1.4838651741179467,-1.8194567390136063,-2.2962934670386095
2020-08-20,0.1537466312086746,0.2395956721333125,-190.25031614875635,0.2020678618045428,0.2261447098202933,0.2471918293710819,0.2471412339821773,,0.042953527327471756,0.046536124116231765,,-198.8333032133433,128.130608631993,,0.44364680758679687,0.00020470161853242992,,,-3.7265045634650686,1.1270645656834801,1.4921412008257082,-4.051063504632991,-2.5241415362333846
2020-08-21,0.2602750464087204,0.24142999546013,-122.7814884949246,0.2242846082443548,0.2598345735800831,0.23909829530791615,0.2470907825107079,,0.04295993314194699,0.04609163973110711,,-178.737997945691,127.98500421738312,,-0.07515938546730716,-0.032881064811577605,,,-3.336816097818361,1.1097656563537883,0.4000204583458531,-2.367083577935605,-3.207251887458557
2020-08-24,0.2168364496613333,0.2853131334293595,-57.16290026782656,0.2582532126716779,0.2428154713522761,0.23420291417206124,0.2484349427838941,,0.04374675796044828,0.046342440251498904,,-150.89119570831116,129.51674134764423,,0.27444390973353233,-0.05899311742093277,,,-4.170940032690093,1.108927629099735,0.4544111276330825,-3.0852749688052907,-3.710025231317832
2020-08-25,0.2420001005369689,0.1926073308294489,71.22878375781727,0.2071682882529537,0.222449411076242,0.22132447476877357,0.2448341758325609,,0.045281091153491895,0.04661115830557747,,-129.91985655007326,132.66634505374185,,-0.22828458050075437,-0.10095131168085457,,,-4.181137014744024,1.1067154980410765,0.5345520604008973,-3.0195606347882156,-2.7427628175538445
2020-08-26,0.2254937588653001,0.2502697985920359,-105.7075757225112,0.2301040520219093,0.246991308536951,0.24184318608885738,0.24256609492449271,,0.04371165663784291,0.04635518640190169,,-115.4387604842108,132.5433079336072,,0.10424704863133623,-0.0029847048792715812,,,-4.081195993857988,1.1023624878672384,0.3648811327562908,-3.351169845144495,-2.2769801493830526
2020-08-27,0.2468544100709611,0.2490085029498181,-177.27046882259629,0.2426697083516318,0.2602152726748437,0.24372575225215848,0.2399811596240946,,0.041568552932068126,0.046090498075104944,,-99.57956774366198,131.1321593425208,,0.00868831434149069,0.015483208295525757,,,-4.042954106131823,0.8170639483881695,0.354715125143269,-2.8752653384180222,-4.665681539965851
2020-08-28,0.2570608089307087,0.2481380034719671,67.56128340561287,0.2394346396435041,0.2506551527337932,0.2450673538545259,0.24135533396942455,,0.04134972483296005,0.04555222189498205,,-99.57531183528349,132.78901550129376,,-0.03532761052448925,0.015262824035567198,,,-4.49001164996088,0.7888218156168736,0.1759665393773127,-6.150790874824904,-5.0044532406514195
2020-08-31,0.1600799498335963,0.2208123832881448,-158.00175002794083,0.2113501376299225,0.1738001293209405,0.23216720382628298,0.2431944740588982,,0.039439705702735924,0.04434128028351449,,-94.06024401843074,130.34862017694144,,0.32164001967074896,-0.04640360980645378,,,-3.2820816794942016,0.8026631179157108,0.44597338714020984,-3.5685709111557893,-2.7410784251516875
2020-09-01,0.2557144845373331,0.2326450064999576,158.14966478744043,0.2260570692044194,0.2419461635426958,0.2401747389603847,0.24250170259452936,,0.03950022023205784,0.043610904146216975,,-116.76526266260205,137.1857429868174,,-0.09454781281124167,-0.009641993938600161,,,-4.1421222957610135,0.8014739374500606,0.44267943758596645,-4.167367165410491,-3.21793437640719
2020-09-02,0.2305292610831584,0.2179586852820536,-62.91575429053421,0.2165458703026166,0.2446131125145525,0.23371251629838824,0.24122947310686937,,0.03987761281839957,0.042022649531458456,,-74.2528454021448,121.66765589733053,,-0.056072272736901435,-0.03165685380342932,,,-3.5731521402487063,0.7917876980613244,0.4784457964898957,-5.8591395797899875,-3.4323440426058967
2020-09-03,0.1710301160535556,0.1666086009302949,-441.98228391186296,0.1599431697366955,0.1798485533439091,0.2172325358944836,0.23719968643432288,,0.04317775259406393,0.041853652976232905,,-80.38962896932824,111.88783124465007,,-0.026192303635672078,-0.08793397139906656,,,-3.9167650508133427,0.7928434352211111,0.4727135736840813,-2.7175490894904737,-2.4961710311508742
2020-09-04,0.1778151156188352,0.2069252162223014,376.9670931106073,0.2228163344323763,0.1417079248416186,0.20898997844455044,0.23640771041475928,,0.04359966158269763,0.040729979886841315,,-68.33760719435078,119.95022823380158,,0.15161311950632858,-0.12327160017863546,,,-2.5119686291459065,0.866955313501531,0.6352100492067178,-4.506821983854778,-3.189006700643987
2020-09-08,0.224636656765401,0.1986146429740998,-245.5420389256625,0.2184282619107649,0.2244058751718629,0.20455043038174145,0.23542725798653782,,0.044245791341450555,0.04070138729355565,,-94.46321125377779,119.77550108684538,,-0.1231177582135591,-0.14058743404291327,,,-5.119733910906996,0.8934085217747667,0.9445835233551375,-3.441830580136602,-3.8077647829402497
2020-09-09,0.1996301661571058,0.1935878175316641,-108.3960150868508,0.2020349023301308,0.209963693034112,0.19673899258808275,0.23539541969391017,,0.044277218264051774,0.040790042862807435,,-101.82967562108293,115.34961170269247,,-0.030735238619801583,-0.17938879754451692,,,-4.837254751309502,0.8831425952376553,1.0437703053081824,-4.31718325821162,-3.24272832314093
2020-09-10,0.1660185723857696,0.1785528248840875,-192.6334064097723,0.1546077667228775,0.1815093402015311,0.18885782050848954,0.23190769153949406,,0.045923303219466194,0.041308309905268875,,-100.32940747173207,116.68297528309773,,0.07278483122452045,-0.20534495167637334,,,-3.615570500454784,0.8875008370817228,1.0396815225189908,-3.9089368679524266,-3.233840732673975
2020-09-11,0.2131154186185018,0.2321619545031583,-244.80614462304172,0.2221612461747786,0.2211191711054683,0.2019684912230622,0.22752965218519652,,0.041023281487362624,0.040912791937590606,,-89.33351285073861,116.50045099299501,,0.085601317478495,-0.11916886798298683,,,-6.866541294762012,1.0911916012488854,1.6425681260160192,-3.2551732537247493,-2.7248909095492237
2020-09-14,0.2211383524359789,0.2042006903013624,-91.26433224379238,0.1986133888950183,0.2195100891143169,0.2014235860388744,0.22364480341146672,,0.039244041731273945,0.04120102295656791,,-97.16576164230263,116.93815891173308,,-0.07968524852451524,-0.10464901039871413,,,-3.8681640167204874,0.8983546728827625,1.2871013811028729,-3.6632949304277207,-5.905460839969496
2020-09-15,0.2219001503446356,0.280820472256003,-83.78649935288331,0.2887276705926598,0.2304127252463632,0.21786475189525506,0.22219632506883516,,0.03632303539152931,0.04135074124563676,,-89.82558145756853,116.16694865770368,,0.23548806891707294,-0.019686872116042357,,,-2.841896866054746,0.9360466839073157,1.549250545462839,-3.0229284033968256,-2.4985290635961737
2020-09-16,0.2880049957545418,0.2848660181219,-166.6060317038818,0.2737676158988442,0.2914991027441269,0.23612039201330223,0.22358964958263586,,0.03821359329709587,0.041405430207082705,,-97.09783230462956,113.92498115963278,,-0.010958868476989942,0.05452936027158329,,,-4.032413301990073,0.9328760046028516,1.5349720752923914,-2.5174464388973594,-2.393843286700669
2020-09-17,0.3107267451925328,0.310459815614986,-127.79957204411338,0.307061800800148,0.300512883705637,0.2625017901594819,0.23172882826380428,,0.03852815186954343,0.04141296020015516,,-95.1499876507734,113.25223197366103,,-0.0008594184446918543,0.12469005731832575,,,-5.028455572085626,0.9279983624191182,1.5201285608623358,-3.5186526326801175,-2.025658220429074
2020-09-18,0.3290239087226112,0.3257451227871009,-120.2521390445986,0.325130550019153,0.3401926999020239,0.2812184238162705,0.2360363007964937,,0.04389583438706495,0.04224960797818649,,-91.65007879556552,107.27554891869428,,-0.01001517537905421,0.1751460662090069,,,-4.195570312292144,0.9244273844440528,0.7834823513037096,-3.197136234862712,-2.3689047376954835
2020-09-21,0.3055759438384928,0.2896181144422551,-76.46696536126805,0.2866480500662476,0.2971453304246276,0.298301908644449,0.23844570674559992,,0.04550063928127469,0.04249966946671162,,-89.33435263888268,110.24430341088765,,-0.0536351279629121,0.22396445016515182,,,-4.556639068856066,0.9111007925231902,0.8158233069853285,-3.870799435259104,-2.4602051692460103
2020-09-22,0.2829372050338445,0.2896149943501291,116.38059284466806,0.2978935909658524,0.2759763419392609,0.3000608130632742,0.23866079979163843,,0.045743374748767385,0.042811898983963426,,-80.65717798325794,114.30174851183877,,0.02332745255995269,0.2289418682123898,,,-3.8204813253898857,0.9143999351359049,0.4757598816045834,-3.3206281789722287,-4.733626240628734
2020-09-23,0.3282231180267798,0.3200768954521127,-122.44251640647668,0.3098674563289303,0.3418488762007245,0.3071029885293167,0.2450342780227716,,0.04782198595262427,0.04331462166215519,,-90.34074299147264,113.88391934071606,,-0.025132349799128262,0.22578504779753225,,,-3.442600173819141,0.9278978577404747,0.6186387987234145,-3.4913809516902576,-3.3464002290505452
2020-09-24,0.2809069211819359,0.2775052458579057,55.94856392419945,0.2729260384286029,0.2867257012131166,0.30051207457790075,0.2463960503860651,,0.04836362762597605,0.043054777874687804,,-82.25793600913711,111.3099339692203,,-0.012183536115525783,0.19854773253807095,,,-4.283111123022346,0.9286285741818754,0.43398141597366485,-4.413744490235333,-3.412625340029821
2020-09-25,0.3656977968105193,0.3529861820109756,-90.13540151366384,0.3595789080969371,0.3483266785470849,0.3059602864226757,0.25159493433912294,,0.053927745241596464,0.044581157185547796,,-77.90118264369048,109.99059327673447,,-0.035378388833311444,0.1956349197610865,,,-4.487188987758121,0.9319107692857199,0.4745125686469951,-3.414000394813592,-3.6030299135862385
2020-09-28,0.4826679898344288,0.4808145179940846,-17.259318050290915,0.4729626387243431,0.4967623671959389,0.34419956713304156,0.2632287600652289,,0.07436700653884856,0.05301890361903396,,-82.14221271648567,110.4924505219064,,-0.003847447383160178,0.2681981619275368,,,-3.738081107126266,0.9324517029381044,0.4238461357151289,-1.5930269512413784,-1.6544540884171128
2020-09-29,0.4153377759074028,0.4421835243903671,150.68865357914575,0.4399215607861069,0.4209005357471178,0.37471327314108915,0.27429731712034,,0.08362006216074147,0.05775818108451173,,-66.70769253613135,113.72467176997132,,0.06263290242492214,0.3119485114808091,,,-3.962210330625721,0.9129436580789713,0.4173493782612476,-2.4169040337930316,-1.8801414065613804
2020-09-30,0.4327931531522591,0.4156838560362326,-116.36801271366544,0.4120421210280529,0.4366818974629742,0.3938346652579131,0.2834492595971537,,0.08868455585719752,0.06105655344039113,,-80.43357641118665,111.97675381623654,,-0.04033489762583129,0.3288980612470169,,,-3.7033932136160437,0.9181963038281151,0.3425843069831303,-2.731359842835802,-2.3475096521179406
2020-10-01,0.4116667705872534,0.4869274617583765,76995.30830101513,0.4842679414004198,0.4148115858130135,0.4357191084380073,0.29689769842096986,,0.09812216118558345,0.06740016676836204,,3772.4776263540966,612.3727969686166,,0.16790094999450897,0.383610159325924,,,-2.6670567008312562,0.9676249755766921,0.6626052971025138,-3.106799321249067,-1.5634028930477208
2020-10-02,0.4615326716402297,0.3753302043853566,-21707.25164871418,0.4700786499265956,0.3516900675897227,0.4401879129128835,0.30733377859372296,,0.09457088276674279,0.06845812799859698,,2709.2141581139804,336.7601989678481,,-0.20674666234478156,0.3592673268698765,,,-2.13378299414779,1.0606136097795327,0.7963011075468123,-3.2100733889588713,-3.801196448980069
2020-10-05,0.303783201739559,0.1938831969875942,-16071.77346234822,0.2998593262381144,0.2298918027073804,0.3828016487115854,0.30668167763198756,,0.09534150138327581,0.06908110476596481,,1886.7771303410395,278.1763306724775,,-0.44905839446132145,0.22170663757160516,,,-2.6597240941516187,1.050272836365275,0.7736921105827302,-1.2274316070726319,-1.2485123914881942
2020-10-06,0.2260749327561422,0.2919936836607735,-7014.482162703532,0.2537632122789861,0.2975165830593167,0.35276368056566665,0.31135062966632127,,0.09199865753010737,0.06888272910911132,,1548.330124152146,252.0625220236672,,0.255865665549587,0.12487866889988421,,,-3.129186622738878,1.0320366159650274,0.5891716310650473,-2.4848684018244658,-1.8958551802246704
2020-10-07,0.2785295495043582,0.4028094194940586,-4176.404265309784,0.351961330547168,0.2540774203154172,0.35018879325723185,0.32181170976444096,,0.08977142117564442,0.07102277535337209,,1344.9297116409994,224.34918813857973,,0.36893938952238553,0.08450579613516294,,,-2.3239730919641897,1.063599501594376,0.3808419862560878,-1.5657740916987406,-4.352511597104636
2020-10-08,0.3874460029886157,0.2676902428574306,-2891.3281098716816,0.3135097429045004,0.3325583619269752,0.3063413494770427,0.32626858066310815,,0.08433267589757416,0.07102083275533078,,1209.9949764679038,218.01460367555944,,-0.36974599014392273,-0.06302090785149615,,,-3.960760672295659,1.0637999138876362,0.7309664809789946,-3.7171373418141345,-1.5176009440655498
2020-10-09,0.2374900232634793,0.1292236764655698,-1763.9988264128372,0.2458792690633244,0.0608101070590505,0.25712004389308535,0.3211216667612288,,0.09306727249559058,0.07318484280173414,,1134.035342378414,217.17237151182601,,-0.6085807863437538,-0.22227700279708562,,,-1.6870256750960642,0.8904937372054829,0.8557546685451736,-1.2961402034054559,-1.4019907964603393
2020-10-12,0.1196670693258394,0.3069106749687034,-1949.4201896270092,0.2284449822529106,0.2271434560015852,0.2797255394893072,0.32625716599459575,,0.08902181799083747,0.07336850440649614,,1041.1275495092532,202.35510885142506,,0.9418432795814417,-0.15387701679642268,,,-6.644217663678973,1.130603196073946,1.9296244333534924,-3.238557440649113,-2.180124321855919
2020-10-13,0.3622796629444771,0.2939498162372453,-1360.7589139383622,0.3076748922853056,0.3168659713350283,0.28011676600460156,0.3269136331936579,,0.08871701024109789,0.07339534520215024,,977.2789287799794,198.26629135644876,,-0.20900740343496851,-0.1544894796529656,,,-4.689521933868185,1.1352922387712137,1.9704896207295988,-1.8034709429670015,-6.236785930284112
2020-10-14,0.2650651519111844,0.1976023242159468,-761.6282152641602,0.2483807257249535,0.2558959649536865,0.2390753469489792,0.32255044849836023,,0.09293917515712911,0.07395582291761507,,947.5278196019656,200.67739815306328,,-0.29371910456609845,-0.2994807920057755,,,-4.890822422786472,1.1621503514137328,1.7966040471967608,-2.213582484588618,-1.583735588904594
2020-10-15,0.2076447981629297,0.2580703871154073,-1285.4504705924724,0.1982333594856822,0.2687829713985183,0.23715137580057455,0.31993097707338125,,0.09402977624705859,0.07369757474765862,,889.6452746745474,190.88063264327528,,0.21740344721243862,-0.29940662218151176,,,-2.651439101579576,1.1514237874112145,1.9599718766298408,-3.3275911526807165,-4.643926010048633
2020-10-16,0.2577803329229455,0.3557368891864647,-678.344356568097,0.326210193183893,0.2894060432536367,0.28245401834475353,0.32143056539334947,,0.09436593423857104,0.0744571509296231,,861.7406637983728,190.419093929821,,0.3220835828062115,-0.129265779152591,,,-3.3021446703213724,1.1477484284551063,1.55061656112979,-1.8443089313976657,-1.4849520014518411
2020-10-19,0.3494843821396771,0.3080889635547703,-1030.5267908012656,0.295120743225457,0.3109874264862027,0.2826896760619669,0.3223541078489752,,0.09412829124473082,0.07455443777206695,,814.0376725263726,181.98844064726612,,-0.1260702904029291,-0.13130091014530024,,,-4.143533760568102,1.1339552580411085,0.9453067515313703,-2.9953608137664616,-6.743692244072097
2020-10-20,0.3315188037888079,0.2952575424473225,-648.8641682609192,0.299612510887278,0.3421703639204834,0.2829512213039823,0.3226362352538349,,0.09403340711706462,0.07461502883413598,,775.7754344710934,181.40902025984118,,-0.11583653064193408,-0.13125096202734476,,,-3.156890880869543,1.1373608403063686,0.886324933181088,-2.805453348439991,-6.639465367370371
2020-10-21,0.2401985100386063,0.2203937790619443,-473.4969744328114,0.2296968945707505,0.2394076521858439,0.2875095122731818,0.3176520794343265,,0.09677795662184538,0.07488614006937785,,758.2227115697766,179.32070400940998,,-0.08604985541469148,-0.09970074814016675,,,-4.634520975511161,1.1606158054720854,0.7981241640726343,-2.4338882899732797,-3.7813696007283646
2020-10-22,0.2258991779296892,0.2984977395318045,-565.6232160035249,0.2974847336833868,0.2681620417740746,0.29559498275646123,0.31870170411802146,,0.09643284304073238,0.07490421648270748,,727.1441225733904,176.4824753600139,,0.2786735756683413,-0.0752653526540586,,,-3.529393594810009,1.15091385380444,0.6201233431101727,-5.73212112248406,-3.208248683093394
2020-10-23,0.3335668626834431,0.2679599717254399,-260.43778409307595,0.2778668473177088,0.2685726843680576,0.2780395992642563,0.31445039360374466,,0.09671564296308177,0.07479012573304392,,718.6290034444198,180.3827510190222,,-0.21900572294488763,-0.1230627857668262,,,-4.678368715693708,1.1593915120935285,0.6729846187086364,-3.0456330082452308,-2.432956711982253
2020-10-26,0.1959680059719204,0.2752391851959759,-247.2467698354224,0.2426378263215571,0.2511795158171495,0.2714696435924974,0.3041716269638392,,0.08869576397330728,0.07452762211031302,,707.1296308551632,175.13736876779777,,0.3396890729206225,-0.11374178133148233,,,-4.762796457540527,1.1874519429521908,0.7518049859008376,-3.761082286195102,-3.415810281142943
2020-10-27,0.2768160060023494,0.2960425049327626,-626.2447256005441,0.2824057560283068,0.3004256204944169,0.2716266360895855,0.296864575990959,,0.0825331739696814,0.07374701627543942,,668.2829618961788,169.17167511387197,,0.06714999453600934,-0.08884759982301192,,,-4.016280548133777,1.1882242364171107,0.5340021124003281,-3.572607489957566,-7.149874630572118
2020-10-28,0.299603874740399,0.2200015053337933,-293.92172831045326,0.2546399225715383,0.2124535018045343,0.2715481813439552,0.28708045845583696,,0.07923917907404197,0.07397796262235244,,659.4052761163393,154.06881234751663,,-0.3088267958495383,-0.05562293237969657,,,-3.1656568924957735,1.1934593176573964,0.6991522361455954,-2.896109952369773,-7.8435506757626685
2020-10-29,0.1931500917337754,0.2289968201923264,-321.3744260967628,0.2353654569582564,0.2357096702706966,0.2576479974760596,0.2741839263775345,,0.06464745528358566,0.07409237578644187,,-3206.4288602392553,163.93197357089858,,0.1702405537872122,-0.062204842863087445,,,-7.974248998467014,1.5127346756671909,1.8238669605875582,-2.7023810301557516,-2.666415298592719
2020-10-30,0.1882231765399895,0.1551929965605194,-165.494618602674,0.1467529773939713,0.1664984304022039,0.2350946024430755,0.26317706598629265,,0.0652573159151956,0.07552671520473843,,-2129.3410087336797,166.49450680365723,,-0.19295888655160237,-0.11283906361948931,,,-3.92483204157267,1.4541339818905692,1.8790672274344666,-2.7363183760145433,-2.1824317561453
2020-11-02,0.2235493628061826,0.295384701946821,-231.1728682125937,0.2792921718095118,0.269061242934427,0.23912370579324455,0.268252141234254,,0.06350813958879395,0.07535103806407455,,-1337.3109790268986,160.37618137326302,,0.2786463288347875,-0.11494634822746476,,,-4.582339904012068,1.4243727939824753,1.8809425585301218,-2.712240742852946,-3.904773509099439
2020-11-03,0.2807080306537002,0.2253469360810465,-488.62643938743975,0.2344905490641946,0.2555585236540816,0.2249845920229013,0.26491980385526764,,0.06394384807694695,0.07527293286807808,,-1011.018192861094,147.61624001242444,,-0.2196739395648058,-0.16339523326284017,,,-3.8600011834616352,1.4076379485234105,1.8970524852220911,-2.6570633154855217,-2.6493723834084877
2020-11-04,0.2280943704180771,0.1773792875474829,271.30911884871983,0.2068014165962823,0.2039275061576289,0.2164601484656392,0.25364829725793886,,0.057945690138,0.07559323231676462,,-788.6325236531688,151.48917078891554,,-0.251469141253857,-0.15854219228410796,,,-5.8520816544227685,1.3905014673052212,1.7260745487597708,-2.1370247708289916,-3.155379617384173
2020-11-05,0.2086542891630243,0.2294946660221661,-751.052388249196,0.2007105947817207,0.2384402462048092,0.21655971763160714,0.25173851841617567,,0.058087789126721474,0.07572483776071197,,-681.6187375720446,142.68227714137544,,0.09520102393447308,-0.1505245820483905,,,-3.277308983768752,1.4077072651235478,0.983478239733849,-5.4851940965396375,-7.605220107504132
2020-11-06,0.2039659666781403,0.2283295080935983,108.50451187644916,0.2209140081343998,0.2319569672844719,0.23118701993822294,0.25669380999757707,,0.050864438326918636,0.07562625399262578,,-587.9935706575802,152.2360862900314,,0.1128366466616064,-0.10465698073897399,,,-4.505962235093404,1.2697109727236673,0.9622686132850088,-2.9769061906453347,-2.615427563145182
2020-11-09,0.2876755835279838,0.3752028523086066,-648.0031681276066,0.3714903836283811,0.3032139068411172,0.2471506500105801,0.26010841886457226,,0.056403666896289055,0.07685679225319918,,-522.9227195826101,140.34635609477988,,0.2656334200696817,-0.05110046995587062,,,-2.684189981870736,1.2107094382404064,1.2199380110288756,-1.9261493814537838,-2.528004352246104
2020-11-10,0.3538139400054212,0.281108323486662,-360.56250849123273,0.2894229699425334,0.3139124085522913,0.25830292749170314,0.25946634422704307,,0.05607026126529091,0.07669416038644064,,-472.9128993102536,138.18014933738542,,-0.2300310938706552,-0.00449396577545563,,,-3.709513331524662,1.2102875518458955,1.2271976408576002,-2.941645392397871,-2.886673631103125
2020-11-11,0.2671263905459637,0.2124700082984296,-109.05248835254332,0.2456149733898835,0.2398437116038789,0.2653210716418925,0.2602097284311672,,0.055300164645269614,0.07703213453702658,,-440.2841129646728,136.71529144422072,,-0.22892107824150712,0.019452730041305693,,,-5.154864541952465,1.2200213434250524,0.9795972262059951,-1.8156454165977287,-3.3498185495310806
2020-11-12,0.2360460750309903,0.2774663121680727,-275.8666967617811,0.2401003297263093,0.2818132253183263,0.27491540087107386,0.2611795246838005,0.21621772641208842,0.05543059139787994,0.07537822811849584,0.06595648752143142,-389.8049242731382,134.89678758354498,102.1187308009895,0.16167250907241965,0.05125541223084684,0.18892211226156586,0.2401775244924128,-3.1769449511733607,1.190713409289449,0.995582981603975,-5.6152191898865835,-3.037145147902966
2020-11-13,0.2521381850911801,0.2085924773121532,-74.43906801274227,0.2323325800308509,0.2322518129666178,0.27096799471478483,0.2538223040900849,0.2164213240837244,0.051870378558348855,0.0757023481532204,0.06585358434095831,-359.60965984537046,136.82697505247856,102.65242765979909,-0.18959481158195082,0.06536628122720904,0.1594073497489229,0.2247736309761319,-9.423941296414668,1.6462321451214108,2.7295794341119413,-5.552556671642761,-3.92525867263064
2020-11-16,0.1904909177648623,0.2106726016046054,-158.7800843852043,0.1891530790725069,0.2142341576947677,0.23806194457398458,0.2489514859925767,0.21661647887291016,0.051074103222820334,0.07600558051216505,0.06576354577810155,-316.02232452456735,136.2269984543072,102.3426219467013,0.10070075960045068,-0.04472713098461932,0.13912963069201886,0.09440249970739964,-3.685641556875026,1.6547688229825288,2.5645228008992773,-2.706146356113739,-1.804660830826147
2020-11-17,0.2072754080674363,0.2382708934853417,-38.52671456646732,0.2226307772947371,0.2253431912597889,0.2294944585737205,0.24610215354447762,0.21713600795401286,0.049931619907002754,0.07608665995440182,0.06541723707385998,-285.5054518398448,136.53760154932985,102.6815012186299,0.13935985160038472,-0.06986782448656437,0.1252227860768832,0.05535496159031902,-5.909916278571832,1.6527351555678225,2.468224292510987,-3.517335225543881,-3.150343025834212
2020-11-18,0.2525557145432295,0.3329623609775081,-240.17693810607904,0.3235680003930579,0.2633605814852036,0.25359292910953624,0.2517305826402558,0.21802173964390173,0.053123667784787755,0.07585124554775716,0.06548065038314756,-273.8394500235082,131.34750618493158,102.93506661212972,0.27639757746271504,0.007370941022385433,0.14376461813755376,0.1511355591599393,-2.809959696588501,1.7018344934961276,2.7498427402802212,-2.1013619734587885,-2.116168991309466
2020-11-19,0.3696464705509195,0.3753225391604968,-221.84575112180303,0.3750879801276889,0.3787785076690269,0.273164174508021,0.2555718226216904,0.21886081093990561,0.05912211259674623,0.07696862247729724,0.06614623937213202,-256.65057677942207,129.41186992827673,102.6281217567989,0.015238696846561987,0.06656950996538115,0.15506751501820318,0.22163702498358456,-5.601985866015999,1.7005304234063199,2.554555792997451,-1.9873974484604515,-2.3242559490205283
2020-11-20,0.363778041285689,0.2677169410556272,-142.61111911906443,0.3177000397504619,0.3113221590629829,0.2849890672567158,0.25555967108819977,0.2194390240930091,0.05911945733250458,0.0769053593840119,0.06593782252950282,-250.7592435307215,129.98952575666894,102.20468607524336,-0.3066136727015489,0.10899489032059351,0.1523815293512326,0.2613764196718261,-5.054919417455572,1.703085319702177,1.319689768251779,-2.729599428011071,-2.8281105020889896
2020-11-23,0.2621363918505985,0.3457266591477439,-301.2240876161992,0.3298915675539855,0.2986989827116963,0.3119998787653435,0.25908404478578817,0.22058387850600406,0.06236626649395851,0.07738243868924899,0.06563394569669048,-253.45810941976032,123.84310290630539,101.68257955835489,0.27678351248917427,0.18585029293267014,0.16087448236371008,0.3467247752963802,-3.4675748777248194,1.7233427602733422,1.3609366215846508,-3.5201201160981253,-2.002080154447431
2020-11-24,0.3422512567171911,0.28159838821071,-264.9889565200051,0.3046055224222801,0.3310947503919919,0.3206653777104172,0.2583618389496855,0.22113674201166814,0.061998305999582455,0.0770515973644059,0.06556312133628497,-235.3953209657334,122.05998279810431,101.1615320837662,-0.19506323550538035,0.21603706345632087,0.1555798266091068,0.37161689006542753,-3.6310171203391013,1.7322458529386073,1.1673780635974769,-4.277202067444801,-3.1389678633794094
2020-11-25,0.3098158433560725,0.3452496184663634,-227.22844906885007,0.3118432944405951,0.3311022065921238,0.3231228292081883,0.26462424460631406,0.22198735316439885,0.06420592919480267,0.07733595089787344,0.06578887988027834,-232.06065700365326,115.6370142338328,100.57584132734917,0.10828961992568631,0.199721652253093,0.17569046234761762,0.37541211460071067,-3.9497813564748023,1.7074209416382977,0.9380518954273157,-7.647908784799473,-4.399192530114174
2020-11-27,0.3285490799887332,0.3042607248183957,-167.36891871976064,0.2950048270354983,0.3212953599778796,0.30891046633976804,0.2683874398376175,0.222600848119347,0.06421351307115258,0.07699485433490934,0.06583829386207471,-224.36038163480316,113.89612816001237,99.25896684076456,-0.07680125185729593,0.14061987439510168,0.1870513586762681,0.32767123307136975,-3.6385463687690818,1.5233641302606602,0.6427132112141111,-3.7870509127369436,-2.644205156177898
2020-11-30,0.3638601730478772,0.3586615031029141,213.0718700669126,0.3477624449736081,0.3757499945922458,0.32709937874922546,0.27856086516473727,0.22335029972355797,0.06139200308360403,0.07619639105379211,0.06631662265601619,-205.43205720132377,124.81369739299197,99.38035300958731,-0.014390598460944218,0.16062745341184248,0.22089519211918088,0.38152264553102333,-3.575995524173165,1.5310092888625733,0.17964035183844426,-4.311614051924935,-2.397505166379619
2020-12-01,0.4006277784740093,0.4265009804486581,-324.52269811812346,0.419108861446789,0.4114072695824382,0.34325424300940827,0.28511667908982913,0.2244659341480261,0.06971907732255846,0.07773691109824539,0.06737461928010773,-210.09954869660027,113.1222008725131,-4.736157931873614,0.06258190275418604,0.18557290904942364,0.23917454212266495,0.42474745117208856,-4.866328235859387,1.534321211056429,0.5423858834938536,-2.1017668623499617,-2.5160961696477706
2020-12-02,0.4505103047340295,0.6567964965933499,70.26883028406525,0.6508305657868796,0.3981849451765522,0.41829386468593627,0.3066891571154443,0.2265391243433189,0.10702195384919143,0.09041029614157678,0.07249817487088255,-182.15478521302504,118.3857153593419,36.645303357846814,0.3769932732898254,0.31034949397671335,0.3029170526919652,0.6132665466686785,-1.375767481214648,1.673852775714457,1.2849843233120704,-1.2102088967594293,-0.9803011034868704
2020-12-03,0.6194192703943044,0.2827845812467,47785.55911176212,0.4956976680805489,0.4100510373331878,0.4058008572420036,0.31195942180040515,0.22720067174503603,0.10283229732537219,0.0894541634217202,0.0722524203939427,2193.557714432645,916.6183008068249,243.97886133121224,-0.7840969676665193,0.2629894188444879,0.3170394775522256,0.5800288963967134,-2.4575253924362883,1.6768328270503967,1.3217379249327765,-1.9399133713092538,-2.7731482832502325
2020-12-04,0.2206963725205168,0.2930288507138781,-14586.625997203791,0.2395613417444293,0.3287527823938982,0.40355448242110004,0.3151361310349908,0.22800930166841998,0.10111776538064722,0.08812180299477104,0.07185066091343806,1501.7790339849153,676.7184242935912,193.98093669670808,0.2834831938881614,0.2473067956962447,0.3236182825727782,0.5709250782690228,-2.416970200844845,1.7097047660822307,1.3293217329343847,-1.0112399506641985,-4.488999640404871
2020-12-07,0.300716346592921,0.3000925231195444,-9565.869925309717,0.2938371800283934,0.3181494949304309,0.39184068642442604,0.31872428178628803,0.22874689336600235,0.099129015050372,0.08770069470434558,0.07163921877173629,1018.060312125607,521.3673612821465,160.87686672582453,-0.0020766128098355353,0.2065289363746406,0.3317102854756632,0.5382392218503039,-3.7167722709162576,1.7078518039613966,1.3475648179907114,-4.056589815023313,-2.837550074374937
2020-12-08,0.3167611748357233,0.3716707277172486,-4340.006149319932,0.3239018013074584,0.3119532805187055,0.3808746358781442,0.31854767555672014,0.22969390089815656,0.099026191188719,0.0873014815665076,0.07195802973461528,833.4601630659905,450.5549976642109,147.71555901029177,0.15986022351018128,0.1786981297050321,0.3270245947115481,0.5057227244165802,-4.427147791634372,1.6805997017156507,1.198899934822311,-2.542850935124782,-2.9035131802131424
2020-12-09,0.3372048085926562,0.3321125803466205,-2674.8763575926087,0.3448739560141747,0.3670612599645841,0.3159378526287983,0.3210978883997181,0.2304635776180498,0.09866737692960102,0.08734529958428795,0.0720205500576389,717.7444706109218,407.37016669354887,138.8304257409376,-0.015216477518311443,-0.016200499579623266,0.33165318964962964,0.31545269007000637,-3.8082350478234264,1.6795291764927707,0.8903130191080338,-3.4413927841860548,-1.12490313529567
2020-12-10,0.3680383660433586,0.3286025663849936,-1604.5431893767454,0.3359477070318499,0.3507135703039066,0.32510144965645704,0.32690451630404627,0.23111398753508489,0.09529779901284728,0.08737819908237339,0.07217011666903134,642.9699355597116,383.4045473990011,134.70942127940464,-0.11333817265683252,-0.005530842777738788,0.34675708784006537,0.3412262450623267,-4.215437298034742,1.6617378848897173,0.782807599649582,-3.1449712710466655,-3.08307857633496
2020-12-11,0.3102943864459044,0.4016426763196006,-1112.9836345117096,0.3697759121259891,0.3283183060397765,0.34682421477760156,0.33311333451162267,0.23203714715561854,0.09595020844188805,0.08829436340199161,0.07286887802709127,601.1140886722153,366.98481302454115,131.65538702817645,0.25804134790893624,0.040335289978317486,0.3615853000563273,0.40192059003464464,-3.18308391396444,1.661566643299302,0.4818941410326081,-2.665995584561792,-2.2199565719818892
2020-12-14,0.3982068270172592,0.5038420935739079,-799.4181936336583,0.4857032932509213,0.4265478750245921,0.38757412886847425,0.3478758153247104,0.23354044196863674,0.09846363368187079,0.09193117476427126,0.07457110367024009,564.8651323911695,355.6653787813902,130.59508076311744,0.23529137640228834,0.10806156723130762,0.3984903024513777,0.5065518696826852,-2.827587091293403,1.1011373636926243,0.6771529150650553,-1.7416015141174914,-1.5908636350628302
2020-12-15,0.5215558518800703,0.3839095986272682,-611.4303478913075,0.5361309656617923,0.4583601243143995,0.3900219030504782,0.3565376651758435,0.2346181982037185,0.09323987593581991,0.09242129739342529,0.07479005094065062,542.2326192158644,346.74932240588953,129.43649017082146,-0.3064092625992716,0.08976301227391413,0.4184803825289322,0.5082433948028463,-2.553988707928341,1.132227764008704,0.6870487565164601,-4.032323587252475,-4.403138252066302
2020-12-16,0.3469293949256498,0.4184115495541713,-956.2308403567956,0.3678016296002173,0.3975845851374298,0.40728169689198834,0.365544697979285,0.2358353777579226,0.08985328108396859,0.09344683102165145,0.07529549211888142,496.3474129263479,328.8724651858651,127.19996052795317,0.18734423005998582,0.10811651158119158,0.43825455465577795,0.5463710662369697,-3.513819010941855,1.002580170653192,0.6458765497899142,-2.4600515838213677,-2.449937625256663
2020-12-17,0.4802337657584896,0.3586969297760936,-636.3194890957354,0.3919337735799932,0.3938373823952896,0.41330056957020833,0.3668314264192143,0.23677287677510203,0.0895458718531409,0.0936402253889395,0.07536053670977684,476.5402853768651,320.3078489743775,125.9440416904224,-0.29179517215368445,0.11927268564741954,0.4378010581690085,0.557073743816428,-6.2640038178726165,1.1536641602915056,1.4954485107880817,-3.68040867860278,-3.5034173875173185
2020-12-18,0.3198780634419051,0.3105344823703251,-345.90810538434505,0.3055469978588832,0.3099456105499873,0.3950789307803532,0.3635920235797057,0.23758181106684528,0.09039043162315058,0.09353059684521599,0.07506076647256413,470.3371676637379,313.6102378192351,125.76685868273383,-0.029644921890834064,0.08305314498604924,0.42552039290394145,0.5085735378899907,-5.4264660852509525,1.139230242742266,1.6426916879530502,-2.226762966991848,-2.395707534202536
2020-12-21,0.3021125997217231,0.286203494845866,-626.6175907953925,0.2802017872766758,0.286537558335612,0.35155121103474485,0.36451635126921766,0.2379682559222809,0.08944802599934405,0.09343943006032886,0.0750614015170541,446.1368440799216,304.66886799787295,123.72838793056837,-0.054096716396178086,-0.03621601640894251,0.42643412359375144,0.39021810718480904,-5.061543758497802,1.139640114403742,1.50203495450867,-2.6242592739081663,-1.5249193958705198
2020-12-22,0.2749673720207051,0.3645958969165628,-159.91338467902565,0.3249910701563046,0.3375530922610328,0.3476884706926037,0.3654598131576586,0.2387277206241333,0.08933885496986319,0.09104416887312168,0.07537884334522882,453.20237922678024,302.29130022072735,123.391913765391,0.2821371650939794,-0.0498494431385803,0.4258326645748066,0.3759832214362263,-4.3770771353011035,1.147205356965429,1.0433876022617963,-2.9176345722490526,-3.946940501757492
2020-12-23,0.4227294780028723,0.3529826664621636,-219.5299947429172,0.3670443663464655,0.4082875556052223,0.33460269407420223,0.3690290270702313,0.2393280330260392,0.08721278997693331,0.08955818354707831,0.07568937091446143,455.4753273156346,296.1209894153597,123.3469741219574,-0.18031349032935098,-0.0979314649468979,0.43304017108950377,0.33510870614260585,-3.1882692887120414,1.1541644661033201,1.1576450473620494,-2.7063640492111682,-2.726791480519645
2020-12-24,0.2908063923280588,0.192876447172182,-339.46260986552375,0.2716680788970866,0.1762390294887641,0.3014385975534199,0.3614103685055222,0.23946145613586514,0.09564703091667423,0.08964029842144328,0.0755774402881187,449.863619275801,292.40274612949537,122.64646553752486,-0.4106079134724726,-0.1814477286920461,0.41162159839420104,0.23017386970215492,-2.349372245743502,1.1938148866355094,1.289855465662297,-1.7618932400079157,-1.7968495058899558
2020-12-28,0.172367839589298,0.2520969602372997,-560.5986437669588,0.2137703675531246,0.2610099467130973,0.28975109312681485,0.35880218027646743,0.24000744591776219,0.09797046345367122,0.08660983536855466,0.07517099035316688,430.202133023441,-1000.1957029502062,121.18443351733973,0.3801829808334514,-0.2137489518771186,0.40210125922688295,0.18835230734976427,-3.052523196245309,1.2015923016625591,1.0923731183482994,-2.2937670244439787,-2.8397970931863443
2020-12-29,0.2139630297650794,0.1836428181085101,-384.601228113256,0.2084739974871619,0.2114023930443629,0.26923895777934365,0.3500512460267472,0.2400870846652529,0.10551009625857347,0.0873335736640221,0.07510037151132591,400.31847811443265,-644.8181959401908,120.01146853959345,-0.1528105768954967,-0.262480256822338,0.3770778506860506,0.11459759386371243,-5.83330059733506,1.2981044888501412,1.3689986846348343,-4.684903126413334,-2.2773006873783888
2020-12-30,0.1898844600130775,0.2785918459525756,-5.694560184790589,0.2297690522489115,0.2289445312249687,0.2520381475865462,0.34265578930194307,0.24073677475022393,0.1050521815700194,0.08631275982195977,0.07472567946194926,416.25988501109924,-377.05021423746695,120.82665218068725,0.3833320109845566,-0.307145958194482,0.35302229793165946,0.04587633973717745,-7.100707917268715,1.4826506419435348,2.048899148108847,-3.6308035564916716,-2.4533608796055892
2020-12-31,0.3479529878243781,0.2501572037739348,-252.8349623599324,0.2926483274043985,0.2861534003040979,0.23147305504890045,0.3223238246609723,0.24116943684035014,0.0765324440399004,0.08653634605594293,0.074464331168092,400.10469537889935,-264.3560942317403,119.32202671801633,-0.32997784285336884,-0.3310932329746705,0.2900569629590663,-0.04103627001560432,-5.03673385289476,1.3827587817368763,1.9619852744171107,-2.7103370289195197,-2.274722265111817
2021-01-04,0.257644475450745,0.27212067424884,-116.48613102061744,0.2335683588899328,0.2982362120986197,0.24732190046423205,0.3217906293110793,0.24164486473604668,0.07685886019519851,0.08549140327259917,0.07428003212973075,-1994.9975667602375,-196.69079199358754,120.32095240855847,0.05466499076202801,-0.26321038563646193,0.28643196729756704,0.023221581661105023,-2.7384910601673096,1.3671690082048185,1.8512936199832752,-5.040398088915726,-2.5352207133366074
2021-01-05,0.2513293909745204,0.4037929474441237,489.344234794232,0.3858900731170922,0.2697832720193753,0.27766109790559684,0.3273288341475916,0.24248235313975902,0.07864714985784746,0.08653222752765334,0.0749229809691269,-1241.1990551603362,-140.34625291582236,121.7474593686317,0.47413784681941396,-0.1645639768897276,0.30003633745333136,0.13547236056360365,-2.153244812340981,1.3849510934167495,2.086465368970978,-1.8731707791543244,-1.8858768451408376
2021-01-06,0.4130505179223411,0.353725195718273,-562.177187617222,0.3309092387633932,0.3669143094774081,0.3116775734275494,0.330010467777528,0.2431424534127901,0.07858392681570353,0.08392199134539081,0.07517378327777181,-791.0144182757116,-120.31589226922875,120.58060896395368,-0.15504957651700804,-0.057155139532431766,0.305476874883212,0.24832173535078028,-3.3240954972778214,1.3925577804427127,2.007672951011469,-2.5058706083825424,-1.771472385124951
2021-01-07,0.3536831455331151,0.3091007864303221,-65.95518170565526,0.3298158744153614,0.3625105213765285,0.3177793615230987,0.3268819707131817,0.24368364606937307,0.07808198294771748,0.0839247239477667,0.07515960507498061,-577.3118698949977,-88.92480880387284,121.53248470951542,-0.13473404981133322,-0.028241849630172358,0.2937283083442078,0.2654864587140354,-3.420543915972843,1.3953225995731071,1.0788538246231185,-2.3571240592617033,-3.4897355079051784
2021-01-08,0.2961284485531199,0.2473519622549878,-684.2809035154877,0.2756438276924466,0.2805389029967773,0.3172183132193093,0.32264393980860007,0.24402020122217072,0.08005838987861312,0.08421414000344969,0.07498600230438006,-477.78209719114176,-77.65017529682494,118.81178385908342,-0.17998103725735437,-0.0169591395735231,0.2792983478900795,0.2623392083165564,-5.319525619189354,1.426591791927645,1.1918856675597844,-2.240801298917112,-5.876265640702717
2021-01-11,0.1524404653298088,0.1463469928329015,-351.9094987043697,0.1361017426513515,0.144478146455584,0.2920635769361216,0.3135311611309955,0.2437049187497507,0.08919577037024842,0.08553114831879648,0.07523089010238816,-415.1504126575229,-70.82153002082843,117.54296468106088,-0.04079366339477621,-0.07092724487839619,0.25194060862654,0.18101336374814375,-4.782336596901584,1.435717484660666,1.2605770452083673,-1.8155166888107663,-2.073271166333424
2021-01-12,0.194147126332326,0.2813230879137367,-376.0023661712167,0.2504285762779754,0.2407455562585743,0.26756960503004423,0.30751518171070225,0.24401394615717098,0.08696995981393997,0.08538951438211295,0.07522608618338203,-378.3013492404983,-55.664061613807505,116.95213528441305,0.3708875331040319,-0.1391447192365462,0.2312990774030757,0.09215435816652945,-4.637381440875682,1.4249366062011493,0.8819988617654361,-3.382244360509999,-2.0998903239212083
2021-01-13,0.2783224116117009,0.2632591570634002,-270.2666725815945,0.2459404671481571,0.2658572439965856,0.24947639729906967,0.2954860348851769,0.2441933035336366,0.07406683902486394,0.08521189968635531,0.07521827201527088,-351.84377318789507,-48.86276688069913,115.41750951553607,-0.055641260619008065,-0.16925726574459524,0.19066143721414464,0.021404171469549302,-3.9161928447152583,1.3922591137581017,0.748382850788488,-2.146332359198232,-2.4027807621872856
2021-01-14,0.2130106923859798,0.2925893335522689,-293.6532968002137,0.2806889332437099,0.2438050040997632,0.24617410672345902,0.29092002163142694,0.24435273825040155,0.07108361678617027,0.08520756206334354,0.07527865922919696,-335.9549206333404,-36.58154198068159,114.85424136530564,0.3174276704517968,-0.16700935313840956,0.17443555972505148,0.0074262065866419445,-3.2999793473583097,1.3552719836788931,0.7892679894350986,-4.485944135220575,-4.103701025039778
2021-01-15,0.297679903456892,0.2531553569231883,-213.34942342682243,0.2451565265992967,0.3130828434777895,0.2473347856570991,0.28265721199987776,0.24478222359007454,0.06481200777348055,0.08541037407711262,0.07501988590878511,-298.81084978684174,-29.322962900113318,114.376472447286,-0.16201540046451102,-0.1334920720397496,0.14386596650287217,0.010373894463122438,-2.6893317366144793,1.3905955370316962,0.8863047476974296,-4.594843674393643,-5.149312245022982
2021-01-19,0.22636124222791,0.2171184098354719,-212.38169647805572,0.2083406646998966,0.2378532251421532,0.26148906905761315,0.27557828600284673,0.2449150896968062,0.06379341771241973,0.08546191333728913,0.07494100208410527,-277.6139601559577,-24.97104160086739,113.34880021599133,-0.0416892679385559,-0.05247926624280955,0.11796017013875057,0.06548090389594108,-3.522939328550354,1.3089987070558555,0.7246618203996195,-2.5840078132373128,-2.6483000744501237
2021-01-20,0.3378629131778097,0.2938758857652277,-187.77516443525724,0.3191755587436224,0.3078179733990778,0.26399962862791143,0.2747453561725918,0.24551040572347552,0.06342064821314489,0.0854635828951373,0.07473533473740336,-269.7073131085034,-18.673574074729594,113.22833801460018,-0.13948270995400536,-0.03989699469743532,0.11250535895498016,0.07260836425754487,-4.477869445981258,1.273646223442581,0.6697284230108609,-3.201022919544257,-4.377811701877181
2021-01-21,0.240547202380092,0.265243956385981,-46.66491891961758,0.2426466262624442,0.2684332528858837,0.2643965884924276,0.2736973792495976,0.24594514567085327,0.06339451093586827,0.08548046499191977,0.07453165683136555,-240.70967951471462,-15.110692988505287,113.38330114939535,0.09773365465826123,-0.034572835667572084,0.10691451474476979,0.07234167907719762,-3.6578992693719963,1.2513671079930406,0.6470116706340328,-3.033942129544983,-6.22223746689026
2021-01-22,0.1182319061760579,0.0748295957346898,13.6919965105223,0.1010488668367513,0.089353511686538,0.22084464092891176,0.25920906419050393,0.24550075223359524,0.07378704980522272,0.09016886074313514,0.07521898676491437,-232.0294104552372,-10.76171354940621,113.89754989224232,-0.45743453072603374,-0.1601754616496895,0.05433492241961395,-0.10584053923007541,-4.448563511710351,1.2527708610622867,0.7420254030307101,-1.5184722014986716,-1.5243629440768627
2021-01-25,0.1537375686620872,0.2232483018452247,-226.35912492647168,0.1979979135568008,0.1541655178441496,0.21486322991331902,0.252722345959657,0.24570347490661784,0.07074944051760637,0.09063741942116733,0.07508981915248189,-232.37086696441497,-4.096953538171668,113.38311846649526,0.37303756402390736,-0.16228975352530822,0.028166016980857526,-0.13412373654445067,-3.1273821068471137,1.2547852457618942,0.5955038223543044,-3.170189129366794,-3.5096608706339487
2021-01-26,0.1483228288198161,0.0128495628214824,-257.98530742211847,0.1567714073709125,0.0648662135224373,0.1740094605105211,0.243721001742122,0.24497987461257054,0.08809119672602878,0.0971882142725778,0.07645174864456751,-228.29700184224467,-3.498013190032755,113.01704850660767,-2.446081384957475,-0.3369144671023746,-0.005151927143210924,-0.34206639424558555,-2.3869977349119846,1.2522936889069387,0.892588997876151,-2.7809429955931924,-1.5883182752567322
2021-01-27,0.0362607398217718,0.1001055229828402,-154.2158806353789,0.0152555822056306,0.1026787536164683,0.13525538795404363,0.236121429879399,0.24449865062731263,0.0937076357840438,0.09994303741053424,0.0769837952326823,-207.97786368566568,-0.7120374323430231,112.10136457644741,1.0154892510863152,-0.557181452154387,-0.03486358390702096,-0.5920450360614079,-2.436994912341374,1.2826119270609226,0.8683801518931589,-2.094410793062252,-1.6410815180394354
2021-01-28,0.1048775051976034,0.1661000409648991,-159.2920621220581,0.147050479106249,0.128166768097302,0.11542660486982723,0.23524429102221847,0.2443620236617761,0.09430490913188413,0.09970745000576964,0.077092861381864,-196.7124053861058,-0.6086614909994249,111.97719790665947,0.4597972112828297,-0.7119896381634303,-0.03802631875924851,-0.7500159569226788,-3.9694555799024336,1.2010549148032794,0.9181646332227897,-1.8756815841483885,-2.311182793311574
2021-01-29,0.1995613239555971,0.2193032338046707,-76.9347724555476,0.2224895439608594,0.2144466323295013,0.14432133248382342,0.2322798604148232,0.24451610906873217,0.0938010918047044,0.10009435505272768,0.07700371823026801,-200.27441599964362,1.9619734382846767,109.98560802415744,0.0943338240020143,-0.4759006504545418,-0.05133825293755086,-0.5272389033920928,-4.822964118145542,0.9570305346949133,1.0444916450190989,-2.1269717290501413,-1.9346582235748928
2021-02-01,0.3235985676872537,0.3009104585648443,-141.83269051439763,0.2784865962574088,0.33457164772729,0.15985376382774735,0.2348175231543687,0.2449497660110017,0.0949892006616912,0.09978441939979324,0.07701485858366108,-194.7243024073669,7.741869252835378,110.73209860971316,-0.07269101834981302,-0.3845492940721488,-0.0422444375334518,-0.4267937316056006,-2.8808859641733062,0.920250681470962,1.063202298624602,-2.0038858015913195,-2.5553871837582878
2021-02-02,0.2414556884891139,0.233997154646115,-154.9598465808213,0.2222926791446293,0.2493417290159341,0.20408328219267385,0.23291134717423248,0.24511060773008786,0.09458287771778198,0.0989856373314349,0.07694953902869411,-196.64798818537707,0.6373864956763597,-18.78408573703045,-0.03137701608837191,-0.13212974035545502,-0.051051671857626754,-0.1831814122130818,-3.6101033992120932,0.8976326883446905,0.9335833895982296,-4.220321418933154,-1.5089249640572617
2021-02-03,0.2503391029387978,0.2214950993716171,124.0944594778606,0.2426859206301177,0.2208959580107752,0.22836119747042924,0.2237964547706071,0.24522427764722815,0.08560640609411484,0.09907233977359356,0.07689333580841833,-214.91047695119565,15.223167291127304,12.291983148156893,-0.12241594601470429,0.020191620174320364,-0.09143625608097335,-0.0712446359066529,-3.8263058455230636,0.8265109913311705,0.6989790118030803,-2.5330634887155457,-2.1087502657500115
2021-02-04,0.2097169423590745,0.2055330393412906,32169.483172707955,0.1937651004964999,0.2247171821674043,0.23624779714570754,0.21638684695175803,0.24516752008600676,0.07999825898795504,0.0993513130536565,0.07691746822548554,1421.6725410650631,549.5728116383191,169.0523078783719,-0.020151931566930605,0.08781347813844477,-0.1248739684025953,-0.03706049026415047,-3.475315022956481,0.8233081373487151,0.7077857431119693,-3.5591110971666238,-3.233152290960862
2021-02-05,0.2087828824295741,0.2157120935603789,-7512.798017601321,0.2054465571330235,0.1522093382098468,0.23552956909684916,0.21171741230826086,0.24521926744014863,0.07696999268398491,0.09912214909582061,0.07689318155920859,1049.33039927028,435.15956414709046,149.7335948114172,0.03264974645253218,0.10658403969287733,-0.14690035476268432,-0.04031631506980699,-2.9329975234241,0.840168121642619,0.4195428880041464,-5.152831694923594,-5.6292855101171115
2021-02-08,0.22356742460265,0.2399271727938212,-7061.267667758892,0.2681973450613819,0.2538944483379253,0.22333291194264454,0.2113461728352025,0.24533560841999222,0.07680680779979589,0.09929701391921048,0.07686295638993951,730.4810610581096,323.4811448259628,130.5115707604152,0.07062238596727335,0.055166118226814734,-0.14912968480449615,-0.09396356657768132,-4.247293194156531,0.7627750922342983,0.4819362482089262,-3.3698692683168647,-2.797155456108433
2021-02-09,0.2447968956169566,0.1776804866104298,-3012.348382839816,0.2234830115478967,0.2039486687325786,0.2120695783355075,0.21291284752407896,0.24512385381331622,0.07572311904490871,0.09982804443128242,0.07697650069612573,597.4591168513373,275.0928799178416,123.60817362536787,-0.320441950982112,-0.00396849490226662,-0.14088069315393026,-0.14484918805619684,-3.9355811924375526,0.7193141598667157,0.5020946511556187,-3.2693377031371726,-2.8767647301806516
2021-02-10,0.1818684926069447,0.2440496479717033,-2392.3967681264457,0.2125100369930064,0.2205530985703885,0.2165804880555248,0.21104917552697727,0.24517734298561414,0.07439789834524109,0.09996079242459435,0.0769710677013955,496.63939675357585,239.8173787284305,118.51898240276854,0.2940878220838383,0.02587108197152998,-0.14989063192181323,-0.1240195499502832,-4.822945475067869,0.7342359420476308,0.7224408980449021,-5.491301524680942,-3.7918185216190445
2021-02-11,0.2434224473566355,0.2069054755687949,-767.3821926955789,0.3225123739928182,0.2325902635561436,0.21685497530102565,0.208231491452247,0.2450473040020244,0.07337660587034885,0.0999825664976309,0.07700829446712082,471.7836207478766,228.26832665038324,117.617478066067,-0.16253635123557822,0.040578413014896376,-0.16280086894958867,-0.12222245593469232,-2.4088114229534283,0.778725279962021,0.9832156710403182,-3.532731149438786,-6.591167850137839
2021-02-12,0.210834676558294,0.288606070942401,-1180.2126652387874,0.2365122150632377,0.234511240888545,0.23143377077743005,0.2080323283217536,0.2452734412364409,0.07314061211745124,0.09952075945951445,0.07705303273992747,427.455652325948,211.24445030282354,116.48581070198226,0.31398837901422355,0.1066002529930031,-0.16468018261439182,-0.05807992962138871,-6.214121129664379,0.9770502560974957,1.3825872070798955,-3.110998961031018,-2.6187492581673912
2021-02-16,0.279219172349558,0.1986103659696523,-913.1137179551768,0.2048066079135138,0.2143145888942927,0.22317040941259628,0.2053050787740768,0.24496304664419755,0.07238252243968046,0.09996819934424493,0.07708420369800688,392.46743759953034,196.66800024634503,115.20721335040565,-0.34065209194067897,0.08343858537788469,-0.17661030712085682,-0.09317172174297209,-4.655623729824968,0.9694562145656936,1.3888397665288732,-4.792089142751598,-3.1864859168996365
2021-02-17,0.2113646034704155,0.3013166082224403,-773.3889779818995,0.2775088245767678,0.2613864255119198,0.24789763373499835,0.2095149886934252,0.24498903713983677,0.07548773121143712,0.09979151711143869,0.07710217445155863,364.4170735243381,187.78113291508134,113.51626963590036,0.3545769457255148,0.16822061187658513,-0.15641818129658447,0.011802430580000644,-4.127545727614273,0.9700165175450418,1.3751211373037622,-4.365323922444535,-2.090412530602241
2021-02-18,0.2940861652149338,0.2354184441281432,-575.6153321044388,0.2294185270868842,0.256067939210586,0.24617139296628632,0.206592116611571,0.24501373023963416,0.07314474407498818,0.09925396166144329,0.07709810043080052,345.025065140879,181.88497323203742,110.31441914451038,-0.22250825931891582,0.17528161449055737,-0.1705678525481858,0.004713761942371656,-3.6249881877617396,0.9584026080198453,1.3971693090318975,-3.3020379427208,-4.752371288417192
2021-02-19,0.2537248993566323,0.2334703409573033,-539.0593631910295,0.2288510711941525,0.2229877000097793,0.251484366043988,0.20500343584013708,0.24521721016554024,0.07214198012592611,0.09943371180515763,0.07699978160366443,320.4053429273084,175.2775024975047,108.07999583189425,-0.08319555708511991,0.20435408556688955,-0.17911765068230706,0.02523643488458248,-5.139030553371898,1.004533183868245,0.9946076679857874,-2.6905109087299115,-3.6281657863418943
2021-02-22,0.2124963843389737,0.2001278720436934,-157.44020708944117,0.2055814750631923,0.2343040049152955,0.2337887262642465,0.2112683496555873,0.24515591559457187,0.0653647258025205,0.09960559875458837,0.07702966460135494,311.84873274731024,177.67390050628399,110.18635555018706,-0.05996845088146202,0.10128870356419357,-0.14876527357634753,-0.04747657001215381,-3.5500734519091304,0.9966365082052391,0.6792959813896428,-3.344139430475666,-2.4249990974425644
2021-02-23,0.1954756042933723,0.2756012921375519,-540.3316569161334,0.2621964586714975,0.2300445797886081,0.2491869114978264,0.21388599917020365,0.24541706379693481,0.06689999081890799,0.09960559459751282,0.07702173758329672,296.15010614782716,173.08485549968185,109.642425354843,0.34351964216535613,0.1527601045332916,-0.13751590556290189,0.015244198970389781,-3.437284388858711,0.9878390045301114,0.7018623742832537,-3.166972625979314,-2.564067706047694
2021-02-24,0.3013751050633635,0.2520657978065017,-417.2530934173346,0.247936641469713,0.2851385756578168,0.2393367494146387,0.22584681091945463,0.24555465146612857,0.04769276376201274,0.09927382632646072,0.07700269067493169,288.18671684806634,169.91777809387378,108.67810959898392,-0.17866552927779966,0.05801461194532564,-0.08366259370351169,-0.025647981758186104,-3.2913945247508276,0.937976508553284,0.7543161650185616,-2.9577060088008733,-3.0108294563534623
2021-02-25,0.2193547284968571,0.1258577664413471,10.390727033500925,0.2015511257141571,0.121728911925131,0.21742461387727946,0.22713442309237997,0.24504977112430582,0.04434978977666489,0.10109820996042274,0.07737265076526594,296.4170472315103,172.88043885642813,109.85756783409752,-0.5555377526709772,-0.04368982684475283,-0.07591932292947169,-0.11960914977422454,-2.527953444980101,0.9308536550100768,0.9541378728423184,-1.898831277003303,-2.21127674907521
2021-02-26,0.1391795351006375,0.2480416510903129,-224.2578987188413,0.191956376068386,0.2156864706194143,0.2203388759038814,0.23123150359865066,0.24526303385510254,0.042144718229871495,0.10053556879956518,0.07730683507296422,293.1687554016712,165.59160937666556,109.65521887315035,0.5778319608711852,-0.048252682499889725,-0.0589118534567836,-0.10716453595667327,-3.7410112240911477,0.9310356203969041,0.46678399415385136,-5.515442386563876,-4.228700742913004
2021-03-01,0.2423814087606985,0.2397584391990133,-400.9042923103781,0.2313267495809063,0.268020572185756,0.22826498933494538,0.23225426386836778,0.24534599699061574,0.04208817339692227,0.09854793218300933,0.07728968354523384,276.9702794089297,164.31858280679464,108.4522604405254,-0.010880641582131438,-0.017325548476381136,-0.054836710411838206,-0.07216225888821937,-3.30514685948299,0.9103514641412273,0.44769297759270926,-2.172428501982211,-3.228154560620026
2021-03-02,0.2838319263612834,0.2998683962746895,-283.35156014796195,0.2782453617547924,0.2997768670408689,0.2331184101623729,0.23220216075386002,0.24587455534675506,0.04199925813509392,0.08452044505284498,0.0772085404488712,269.89433592725146,158.42490963292755,107.17867372861839,0.05496144493766212,0.003938147805866662,-0.05721309346246898,-0.053274945656602284,-3.8382380543008328,0.8849749552550472,0.5176980775703393,-2.9598489466613924,-3.718633584980807
2021-03-03,0.2937902547724613,0.3249232943263846,-208.94407527774376,0.3619903654018759,0.3056122764935023,0.24768990946634947,0.2367484677378735,0.2464084402379391,0.04684544827527046,0.0848610481889617,0.07729212720299088,267.19512449240534,-641.4834768177369,107.67599211341185,0.10072304342309862,0.04517933877420284,-0.039992225307990216,0.005187113466212665,-2.8756746904940584,0.9097152260303628,0.5593162572959391,-2.4631664287528103,-2.6192498481363886
2021-03-04,0.3470617859183131,0.4700058605256951,-41.828101530849096,0.4487534085991052,0.3565617882935465,0.3165195282832191,0.2491740057955774,0.247455723474779,0.06988106082604562,0.08887441317103258,0.07853591860616849,258.89899644196987,-399.0701785565212,108.15015597281777,0.3032423423319707,0.23923346955676758,0.006919799907201607,0.2461532694639692,-2.3838860386068244,0.9630391289661586,0.6079023377703563,-1.7711485554422208,-1.0666832081907336
2021-03-05,0.4038405085324705,0.324521038302632,-185.2647880723284,0.3670074528510381,0.4117925957376234,0.3318154057256829,0.25512340574364445,0.247953963671727,0.07102580136860942,0.08908537497402279,0.07862845345393436,-1358.8384015970444,-242.72675960256473,108.30189925267386,-0.21866965212995498,0.26283143524903424,0.0285042736103778,0.29133570885941207,-3.1058788265591124,0.9716203806108739,0.5362463741859772,-7.818421797057604,-2.5707340226623154
2021-03-08,0.3718744777420495,0.2502499003191167,136.18978472571786,0.3017931136610365,0.284275539081825,0.3339136979497036,0.2568502960815814,0.24817090204436415,0.07043454642183425,0.08804439139764081,0.07855936468549268,-976.3890114806921,-168.12349403513724,107.62240996210818,-0.396096352037738,0.2623891605624415,0.03437577967716542,0.29676494023960687,-4.044550640316832,0.95661486512649,0.6870913048545834,-1.515237620115365,-4.557193579323657
2021-03-09,0.2298846434897759,0.3149127984575459,83.70422106404601,0.2606049275062982,0.2832282613408039,0.3369225783862749,0.26059957736476763,0.24883385762716304,0.07147439775003654,0.08785045954181117,0.07841978657037804,-619.1404170395454,-122.14715105752632,108.55811238400213,0.31471813714710123,0.25686812332055164,0.04619960759493024,0.30306773091548195,-3.788773434781683,0.949889781488778,0.6767765962706463,-4.6451342314554385,-4.196749304960023
2021-03-10,0.3245085119040665,0.2561430323674454,-463.4487755592614,0.2774752587997562,0.2807835578342645,0.32316652599448703,0.2645227046526184,0.2489801378704855,0.06878634647581698,0.08745655809774347,0.07839909083803444,-491.6954366755176,-103.1289108272349,107.41407066951953,-0.23657575799040784,0.2002406632107285,0.06055396181610615,0.26079462502683476,-5.711321108533768,1.047061708664392,1.2449925277037561,-5.133967665719391,-2.676838465335383
2021-03-11,0.266371733372412,0.2211219237040165,228.0318300669827,0.2493734390328712,0.224748944720607,0.2733897386301513,0.26337631843923404,0.24914048734733812,0.06933437875838608,0.08571690344377392,0.07830049709332605,-360.67400676584623,-80.77865308425672,109.1868511334434,-0.18617858671654483,0.03731451309172339,0.05556693447657969,0.09288144756830306,-3.7040136276774116,1.0207611860275443,0.9794312860000339,-2.366687711779873,-1.3907686083658257
2021-03-12,0.2065586940055621,0.1972422740917139,-189.5053387207149,0.1863658522576687,0.2029431397716266,0.24793398578796771,0.26289315836538,0.24909793003703493,0.06978084201440136,0.07991577981105592,0.07832589906269391,-331.78016406710304,-70.61343883570765,107.72899794860423,-0.046151813631097556,-0.0585851832901457,0.05390159521582952,-0.004683588074316172,-4.099721742540821,0.9705479098783658,0.8229744365494355,-2.8319013144561658,-2.061375604216286
2021-03-15,0.1491691278734492,0.1741951190918649,-405.5739119985228,0.1353678095040127,0.198152743788567,0.23272302954251733,0.2571726107728532,0.2490313086168061,0.07220936203157825,0.07878411939050016,0.0783827040408857,-293.04822640508985,-67.18249823749457,107.15989377747024,0.155095296414465,-0.09989846462179036,0.03216887071900606,-0.06772959390278427,-2.768040134216054,0.825335053754224,1.0709202826369668,-3.0591662398776585,-2.576301392729677
2021-03-16,0.204275193870949,0.2244206513739661,-190.02170980964985,0.2066164200471112,0.2265718972326427,0.21462460012580137,0.2584631250430689,0.24962668808318772,0.071332982377161,0.07576346781713988,0.07762148067855745,-256.89362599781344,-54.41234606170881,105.81180567300629,0.09405412437112608,-0.18586257795009944,0.0347864798467857,-0.15107609810331385,-3.9142516276863453,0.7956076531117434,1.065769783265634,-3.605333574681141,-2.4024922045983423
2021-03-17,0.2326533205586134,0.2272583204236,-164.42759848732118,0.2169153146490305,0.2393636276641975,0.20884765773703226,0.2547602106531269,0.2497366292745951,0.07091231814629159,0.07442059595274754,0.07757003327633977,-226.44555702308452,-46.54748121823524,106.39203010491534,-0.023462105040576296,-0.19871767654037498,0.019915872714267265,-0.17880180382610764,-3.796539811707889,0.7885390393012282,0.5181966423392625,-2.9362715979098573,-3.5444428223156708
2021-03-18,0.1750115488692536,0.1724324873095861,-127.75784129506889,0.1933003884213509,0.1434937278552479,0.1991097704581462,0.251610912812199,0.24965648177138366,0.07317893318994231,0.07454578138967038,0.07763976101810885,-204.05268248261604,-42.91164348341397,106.70768236830945,-0.014846183336982247,-0.2340276145571898,0.0077979974991474275,-0.22622961705804237,-2.9996065575874806,0.8011467365028431,0.5924828032525853,-2.9567392004552793,-3.0222931842410414
2021-03-19,0.2263031718182411,0.268737859206952,-244.68457080132447,0.2422739866653045,0.2589416191151805,0.21340888748119383,0.25337428872468143,0.24993806373149283,0.07314370536177554,0.07441342634329337,0.07758054058169381,-189.33394286313077,-36.546093150179495,106.18710700609316,0.1718608348475887,-0.1716578125103735,0.013654655469866649,-0.15800315704050683,-4.094286616908404,0.7261417418114671,0.5911467496602577,-3.1825550146953567,-2.638119577828604
2021-03-22,0.2639928167482948,0.2581202919888699,-27.916512918262868,0.2479796941176091,0.2775913470540296,0.2301939220605948,0.2562739097219403,0.25054893313130394,0.07206328310516859,0.07274013599893692,0.07703724614375237,-182.85775815457185,-34.34614528750012,106.12370944969346,-0.022496169208715597,-0.10732473925709216,0.022592589042105454,-0.08473215021498669,-3.519587314839397,0.7261711072960918,0.4265000796069165,-2.4570447659631243,-2.477829675981074
2021-03-23,0.2693663633759233,0.2408146068708423,192.6300365948054,0.2493353845029213,0.2534728163503548,0.23347271315997004,0.25453457545860475,0.25072910124280745,0.07199201539280085,0.07127260355939323,0.07696125815799257,-146.20967347902493,-27.476811431871408,107.90951011293421,-0.11204502727294359,-0.08637147303014192,0.015063604806939917,-0.07130786822320193,-5.48768001033402,0.8448510339229997,0.9344742064286863,-3.5782955201891173,-4.110842579353238
2021-03-24,0.2412395804492022,0.2735184207266217,-37.74285945910435,0.2696121110524996,0.2486917730325832,0.24272473322057442,0.2556072066046108,0.25094177379566285,0.07211300929885021,0.07112179598541432,0.07695043395316319,-127.23416178111343,-22.44814892509775,108.0123719824915,0.12557842198956545,-0.05171390080558524,0.018420981648363286,-0.033292919157222,-3.8670334821761596,0.841795400363222,0.9315501780989474,-4.173509287481153,-3.073475453936022
2021-03-25,0.2405384806193571,0.1931007087518401,-102.46992306572622,0.2167591510712312,0.2182767712007831,0.24685837750902517,0.25896935372013546,0.2506351729679299,0.0671414455417166,0.07138330735773674,0.07702785330682418,-132.8771942860748,-14.812670246743876,108.043185099028,-0.21966821950675378,-0.04789492751415253,0.032711341660856125,-0.01518358585329632,-6.490611875361923,1.0068603360603257,1.2530456672640176,-3.0425325583481886,-3.8791579543580643
2021-03-26,0.214073813298143,0.0997705282780443,23.013660463441624,0.2007243158733613,0.11378293261602,0.21306491132324368,0.251555797579522,0.24993439615894336,0.07601147265330882,0.07331547456330645,0.07760042586963016,-120.51361632696064,-8.019088770465583,107.70462023943173,-0.7634480456336429,-0.16606795681616304,0.006466356034715181,-0.1596016007814479,-2.442521143065645,1.0567074338374336,1.615332222226402,-1.7501499244031622,-1.7780498908584572
2021-03-29,0.0542331732313585,0.0830529625328027,-70.24408490114712,0.0444483770272827,0.0907495302520295,0.17805144543203022,0.2437205237462115,0.24950833693535548,0.08485384740113718,0.07584367889308197,0.0782231028030518,-103.98060595649909,-9.094914182404858,107.57564166800725,0.426185733643313,-0.3139496465297519,-0.02347015485900311,-0.33741980138875505,-3.0725884105382213,1.0638323305516746,1.684465451757231,-2.206840950828305,-1.7425846393030267
2021-03-30,0.0192438685931106,0.0657453529070113,379.4849496029004,0.0406825500831935,0.0158334254624672,0.14303759463926402,0.23201437157782756,0.24919179157155302,0.09250468859545927,0.0789372507414884,0.07880614334087875,-70.83878046895597,1.4437510169756886,109.85199636144561,1.2285964949860655,-0.4836918209207182,-0.071423531047964,-0.5551153519686822,-3.694932753590097,1.064045515952288,1.546152279726095,-3.380654576276171,-1.742573646405655
2021-03-31,0.1424581332798746,0.2203830488314881,-268.5675322362973,0.1920217080881849,0.1848288129590773,0.1324105202602373,0.22678735930308275,0.24935004136633665,0.08989526579269327,0.07878522678646412,0.07870795778182037,-73.81995331688366,-1.0909390032856436,108.92592478167384,0.4363190083972136,-0.5381057367999509,-0.09484486258367723,-0.6329505993836283,-4.934661527779513,1.0702013953226535,1.6105055996288002,-1.9853678620364055,-2.934912435120457
2021-04-01,0.3300575363985905,0.2932961817700379,-111.80585146385611,0.2909914774658801,0.3291623974830959,0.15244961486387684,0.2179518753652999,0.2497639486840538,0.07154273144422556,0.07594528129993325,0.07866571137612469,-77.31884081353401,-11.110107107587114,108.81237957127223,-0.11808403425957999,-0.3574401360940266,-0.13624198334185325,-0.4936821194358798,-3.2656813093659913,1.0216905871969493,0.9287752367623477,-1.4803816419727183,-2.3006322708110987
2021-04-05,0.2330194801023841,0.2641495988181672,116.66400217826111,0.2500084742242343,0.2564339679646421,0.18532542897190143,0.21493330339107666,0.24996246720132687,0.06799531472067284,0.0743415252026008,0.07863903092171355,-62.22240130100454,0.20391272233760488,109.67452659759195,0.12539354918337223,-0.14821440797401908,-0.15098301218194574,-0.2991974201559648,-5.0474818043973375,1.0304573615916215,0.9304764134327804,-3.1288854523005925,-1.8055801126145319
2021-04-06,0.2743245522867563,0.2539567098831536,-235.18088738733215,0.2561687844106899,0.2780393927907414,0.21950617844197162,0.21511864386927848,0.2501598297630998,0.0681016155883462,0.0736699745239773,0.07858666510328001,-80.79093490665703,-2.6165157056903428,-71.41230943893325,-0.07714808385922041,0.02019067204396344,-0.15091032476274535,-0.13071965271878191,-3.8226116266624732,1.031568398250215,0.7933172368907255,-3.2355268904406573,-1.7666547619485546
2021-04-07,0.2247051664135546,0.2237877079674461,0.8169296002859028,0.2077943123096881,0.2388208825202324,0.25111464945405854,0.2105623893447735,0.25014521392020794,0.06399829814580364,0.07362729168582798,0.07859124693593879,-84.93529947984503,8.801781512905883,-32.13941804486367,-0.0040913012369841505,0.17612760993245752,-0.17225960926708267,0.0038680006653749213,-3.472911338034558,1.037792127316256,0.8307042207963734,-3.209869234972704,-1.8448922118767617
2021-04-08,0.3015142991523283,0.2997333326175564,22586.51937994045,0.2907029582860785,0.3105432301716129,0.2669847062112723,0.21274190435727905,0.2503233833688479,0.06633198701969042,0.07342430616312687,0.07865319703136132,1067.5631082951406,391.10892949031955,101.49004943556919,-0.00592425366691482,0.22711166229733012,-0.16267390108921506,0.06443776120811509,-3.9200414733113247,0.9574497969331915,0.6905984695219524,-3.083981738817186,-2.5338832556321407
2021-04-09,0.2706763778153136,0.3093120111886227,-6198.15174119184,0.3391547410431581,0.2725242993251204,0.27018787209498923,0.21715140873150934,0.2507816304806131,0.06976102205698415,0.07384323335425705,0.07866184582100832,746.2539297321995,294.0731065733092,93.622343765686,0.13342658291727785,0.21852269327441462,-0.14398771605289284,0.07453497722152169,-2.7085937230129207,0.9944656807389555,0.8469247146586325,-2.458954695229392,-4.134177707153753
2021-04-12,0.3020697603269902,0.2772803505591334,-3715.462852935343,0.2671725029775453,0.2681367728954145,0.2728140224431824,0.22115331255488035,0.2511119593156278,0.07084609527153307,0.07397065463009403,0.07859875624119582,569.9560540214682,236.65317023408005,88.98761770765506,-0.08562889491502547,0.20993414359441823,-0.12704270975832516,0.08289143383609303,-6.944139304756181,1.2091273263737368,1.6202299820391874,-3.796331842504989,-4.332798338615103
2021-04-13,0.2619249516372455,0.1708705240756827,-2175.4676054794927,0.2440970638477511,0.1797047021555649,0.25619678528168827,0.2209870828040712,0.25118959035159855,0.07096587368386535,0.07391527445359251,0.07850947236628243,481.4613693474195,205.28959842275873,86.5762486773012,-0.427151918038222,0.14784159073419326,-0.12810374309307374,0.019737847641119514,-2.7427602601704164,1.2105099082821382,1.7458238022807364,-1.9773075183415982,-2.4878768267099383
2021-04-14,0.1762467042126294,0.2410776938328611,-1272.9062900287477,0.1903333760743715,0.2150045730188394,0.2596547824547713,0.22181993492701596,0.2511081601633989,0.07110589572557273,0.07386405890205874,0.07850936032328032,427.31714033646466,187.63031731272662,86.42177990997276,0.3132345205715381,0.15748704015497966,-0.1240178144822323,0.0334692256727473,-3.702118831398633,1.2123387738126086,1.7328735101118524,-3.3186227726148254,-4.057627796787851
2021-04-15,0.2302238360592206,0.2717835369215269,-1127.42396879004,0.2619177295635677,0.2509756979786899,0.2540648233155654,0.22404619575191229,0.2514452178697188,0.07197681661627016,0.07405780609199311,0.07841608967621118,379.16732182132876,172.37961277419353,85.66226124575796,0.16595389339327066,0.12573718273416365,-0.11537288259398422,0.010364300140179493,-4.515143796772033,1.2165914833413063,1.746092103876041,-2.2934963921894953,-3.5773453890310174
2021-04-16,0.2869879423431634,0.2063311069310534,-714.5234574852892,0.2500513407109705,0.2258056900688956,0.23346864246405152,0.22574112673298571,0.2513804554785953,0.07109111060210765,0.07362794054768246,0.07844675276329718,349.8290410118177,163.600474556693,86.38673017011878,-0.3299580084951961,0.03365888877353489,-0.10757866460627707,-0.0739197758327422,-3.7195180326506527,1.194728299100192,1.5932762605781987,-3.3596739304481193,-2.273211703497961
2021-04-19,0.1907011517710497,0.1807045637357944,-347.0177220869101,0.1994915034172839,0.1858906421116173,0.21415348509938367,0.22133946195942783,0.25148295495576806,0.07101410314851382,0.07371162634505449,0.07833708391395039,344.7123834475384,158.5945945039048,88.09559145713708,-0.05384409913976502,-0.03300457196768854,-0.12767766370664743,-0.160682235674336,-4.297622156946458,1.1957814767432362,0.6878895430688523,-2.396028311612417,-2.3374272231853315
2021-04-20,0.1802494608500371,0.2589695149096367,-608.807737771011,0.2332232299362049,0.2258769465377774,0.23177328326617447,0.22138192310546617,0.25162306626571046,0.07103750286113511,0.07107281996705529,0.07831894936775259,315.667822204901,148.21959893254592,89.12998180609783,0.362368566683043,0.045870297749747525,-0.12804283012798068,-0.08217253237823317,-4.913560753724455,1.2017983020676928,0.5225860174948749,-2.9443092359903673,-2.4292942008847924
2021-04-21,0.2529546126863908,0.4051820080400792,-152.95957782391065,0.3921373743084912,0.275716760931683,0.2645941461076181,0.229600293163928,0.25229708822627206,0.0820571749765335,0.07458942641932703,0.07891263972992416,298.3883414839652,149.4429247175886,91.18742142884533,0.4711262925859809,0.1418571865911781,-0.0942673733709808,0.04758981322019734,-2.150545668497486,1.2378766214760883,1.0787859667549826,-1.493980047652325,-1.8072529911206525
2021-04-22,0.3760837376693224,0.2358862325162585,-476.0351232921428,0.3184215943448407,0.3112563778685859,0.25741468522656447,0.22771868375340984,0.25239182759418427,0.0814261439209637,0.06877992215647442,0.0788785192737531,276.47372829231324,145.80876111975485,91.48937095205524,-0.46646220197626037,0.12257732174043325,-0.10287172739950974,0.01970559434092344,-4.938517005143083,1.255506180160851,1.1514186582434216,-3.7686466293702936,-3.327093072511237
2021-04-23,0.246772662402936,0.2113371932296197,-443.22197074942056,0.1922680915576728,0.2239393089363597,0.2584159024862777,0.22863050797729884,0.25242808737852274,0.0811196134155829,0.06650573568794013,0.07885746793084397,259.43612590812853,140.9919929511875,91.57060303952147,-0.15501258757869815,0.1224631139693597,-0.09901920751518986,0.023443906454169782,-3.4523469796791484,1.1198416268655238,1.173898359643549,-1.6406973636858833,-5.297100847094716
2021-04-26,0.2116012032829251,0.3196396333747935,-204.28083701876017,0.2875281769820601,0.2486387862607904,0.2862029164140775,0.23962396323213628,0.2528673862103357,0.07755747861794983,0.06663651942543668,0.0789250019264867,248.0714010340185,140.24218003624247,92.40206971038072,0.4124908289512163,0.17763018246649268,-0.05379431139839593,0.1238358710680967,-3.247033797656935,1.0788898672692033,1.19014831634723,-2.479878501835324,-1.9737485798875565
2021-04-27,0.3234939724060779,0.1564139082318845,-245.63706162416213,0.2545530799060742,0.2139040096357951,0.2656917950785271,0.24329201051709037,0.25249044207990046,0.07124030160304452,0.06746983928310098,0.0791603187725736,239.3017521978677,137.43047521676553,93.28905096205649,-0.72667472985741,0.08807456063146192,-0.03711098358952272,0.05096357704193916,-3.2027793148297263,1.0738370833164124,0.9991484071018615,-2.9018178856370955,-2.277350123332671
2021-04-28,0.1647161917649349,0.1770165535102097,11.95453163682498,0.1956560163881944,0.2020070491421566,0.22005870417255316,0.2488555705472503,0.25263696664248153,0.060122238396426754,0.06746235815546926,0.07898568992182829,220.925231299564,139.99359558595262,94.38036625080481,0.07201930785064889,-0.12297834230912928,-0.015080853580535913,-0.1380591958896652,-5.0591378408824905,1.1007975845221956,0.9358181552805731,-1.947549933715526,-1.477684235441905
2021-04-29,0.1621499539033535,0.0761341252393967,-108.87474424349624,0.1154011652223911,0.0859039858600572,0.1881082827171808,0.2416431243676457,0.25212553691882716,0.07132601689080627,0.07061360069445295,0.0797125244215775,228.90987069920396,140.76168062490802,94.14513183691068,-0.7560249578414044,-0.25044417610984004,-0.04246518081450203,-0.292909356924342,-3.5234606350438913,1.0830110877937327,0.7733230512452274,-2.5222374581905904,-1.8341319947200279
2021-04-30,0.1035707061809225,0.1604361408675956,-273.0826795449982,0.1121407862735384,0.0793224534770957,0.177928072244776,0.2350001223225236,0.25224868298766495,0.07244037814549237,0.07124951264906564,0.07954616137654567,220.8460292951469,134.1420616411937,94.04341431227832,0.43764145621181927,-0.27820665455157356,-0.07082940349488608,-0.34903605804645965,-3.416767993012586,1.0786345812187468,0.7762944729478464,-4.099533241610377,-2.9778716805505048
2021-05-03,0.1681396215359112,0.3003813653774472,-209.10897733296247,0.2659041428722299,0.2575351012328783,0.17407641864530674,0.2368117106504876,0.2529053641158159,0.07365064663646287,0.07165729453002641,0.07926151566979664,204.55738031958575,-405.50114085948826,94.66010665009972,0.5802581704497042,-0.3077709651309773,-0.06575000832578703,-0.37352097345676427,-4.783215900516415,1.0658954002449277,0.8570250022526048,-1.4950060851956621,-3.949814804104143
2021-05-04,0.237900490892196,0.2264421913638621,-204.323618537,0.2273440352135884,0.2727553308892561,0.18808207527170226,0.235435984724523,0.25317289728957226,0.073570467739402,0.07162014109152655,0.07905779041154172,206.10024376210237,-283.6932342084163,94.41074487830596,-0.04936279416518991,-0.22456061127781313,-0.07263359438755733,-0.29719420566537047,-3.0919944014524714,1.0820460713133433,0.8837105610510747,-2.718008866971677,-2.6588560737943374
2021-05-05,0.2388773989134911,0.2846977179317056,-65.02150435719432,0.2482129285461485,0.2612743762983132,0.20961830815600146,0.23848148522273602,0.25359055002085723,0.0743197909768346,0.07189653955154968,0.07894690693378302,202.80832206422832,-167.08913148505462,94.80577115639002,0.17547753349978815,-0.12900338051688182,-0.061429281322406284,-0.19043266183928803,-4.338090307360029,1.0817834789589926,0.7028785740939402,-4.1551366733980695,-2.2285805994230143
2021-05-06,0.314801521654517,0.2621283731048596,-11.30487788003984,0.2548361099456424,0.2884438839106411,0.24681715772909402,0.2366012372471012,0.2539639370462572,0.0731551613944099,0.07155035874492993,0.07876472003133551,-927.0828908267962,-117.07173973572502,93.60723197614229,-0.18310799280399592,0.04227162958886311,-0.07081609599725508,-0.028544466408391905,-3.392997870768514,1.0885236121261714,0.7193639039839366,-3.3329917312044555,-1.682039531201638
2021-05-07,0.2355993616853768,0.203739581640836,88.8480226932005,0.2131404336485269,0.2448909490464235,0.2554778458837421,0.23132261576971183,0.2539131462461175,0.07142078055336247,0.07168129410219372,0.0787931048694814,-612.7329026325442,-75.71765988873092,95.36063961567537,-0.14529012469620095,0.09932235577472599,-0.09317892338975495,0.00614343238497114,-3.4498463207705723,1.0577558916065046,0.7150444912769047,-2.5138230938306068,-3.139523183545528
2021-05-10,0.2026190718812444,0.1791452300622236,5.253016536026962,0.1980171457517525,0.1873335184712967,0.2312306188206974,0.2264158597448663,0.25451063961601283,0.0714682377374827,0.07196970346908384,0.07764458409143757,-426.69710915897565,-62.8404064015375,95.05983385858238,-0.12313090501576467,0.021042166623018013,-0.11696924532143353,-0.09592707869841553,-4.539042870110841,0.8053277482505228,0.6360394798217038,-2.489117787684154,-2.1100151036184474
2021-05-11,0.176341984589246,0.0956366109186253,79.73026311413287,0.1733809459811244,0.095469741225532,0.20506950273165003,0.2226541640870135,0.25400471013899045,0.0763583627327275,0.07390205229371903,0.07826608472375626,-313.93721572929434,-41.841357595655495,97.139247996935,-0.611869497782519,-0.0822707745888098,-0.1317330767186097,-0.21400385130741947,-2.5521855013319943,0.8197898633164002,0.8023520923880211,-2.2246710734730346,-2.0340431769147096
2021-05-12,0.1664866916873659,0.2615577480026561,125.5609339578698,0.2041334694879006,0.2429045323753729,0.20044150874584013,0.22367816679550323,0.2543740952851111,0.07675472980025003,0.07384363079838495,0.0780819893073367,-244.01385452996345,-24.530113397104717,98.77709929891637,0.45173971636664717,-0.10968578612251077,-0.12859773621667334,-0.23828352233918407,-3.2500811124707476,0.8292225613051064,0.7131680950539867,-2.496017936852071,-3.7661938567399424
2021-05-13,0.2823692640304571,0.2804728191469152,-455.210486038574,0.2936358542252479,0.2615260875723377,0.20411039795425126,0.22411263090677264,0.2548127961967856,0.0770653219530968,0.07357323525518754,0.07791846379976611,-210.4031803923902,-19.227138531382625,97.81290897241558,-0.006738842446214222,-0.09348772812437749,-0.128380400956282,-0.22186812908065956,-3.4385950380229655,0.814601722624738,0.7127588827313144,-1.6882852069954495,-3.998428418302633
2021-05-14,0.2340072563271555,0.2059605600403715,-367.2922478664996,0.1900297882834332,0.2223714323321846,0.20455459363415832,0.22409410356223852,0.2546793346098994,0.07706986622660351,0.07366392073126847,0.07797365194496386,-193.0416199114507,-15.75508712741697,97.19858573423856,-0.12766743047719395,-0.09123116743293404,-0.12793917366971977,-0.2191703411026537,-3.431399589738431,0.8174858223870292,0.7127814150589439,-2.8896226552225235,-6.109807459675222
2021-05-17,0.1707201798380766,0.1762678210072783,-136.64783909616574,0.1615433386957914,0.1933036383657591,0.20397911182316925,0.22387226642581273,0.25453550737273006,0.07720759378588524,0.0740376778763214,0.07808535904475172,-182.5231257619135,-9.048228392502574,96.98265725582199,0.03197870771649927,-0.09305805445835731,-0.12836469438642237,-0.2214227488447797,-3.449538207195333,0.8080772748019811,0.3846905901233636,-2.261395184022099,-5.8508650234470965
2021-05-18,0.2614835353660982,0.2954505549726884,120.52916518867396,0.2758529229768141,0.2922585686157593,0.24394190063398188,0.22569631842896531,0.2547679589229389,0.07850052948258557,0.0743454431069792,0.07812044731743822,-146.05628061392923,-4.415405521200655,98.3323770561308,0.12213017693628139,0.07773971288387874,-0.12116279398054158,-0.04342308109666294,-4.1101297571139925,0.7622525961454066,0.331390701880722,-2.4136284484158566,-1.6103686251425209
2021-05-19,0.3061690180645637,0.2874226721853894,-293.39415437931234,0.2793261849704955,0.3147713651133847,0.24911488547052857,0.2198083516362308,0.25513823736305347,0.06805028959516035,0.07447190106567807,0.07805467466153578,-153.07800944169935,-0.29978047892030396,97.91674172132956,-0.0631834383335673,0.12515813971726236,-0.14904946780460168,-0.023891328087339205,-3.3397679973664682,0.6820402171484652,0.3140211079114131,-2.1968309941972257,-3.654867506799722
2021-05-20,0.3261451047296901,0.3549104979416917,-261.265861161111,0.3502894081435155,0.3434431249435214,0.2640024212294839,0.22575956490750246,0.25584686733657347,0.07443533020098554,0.07604651087636205,0.07815341255254428,-142.33954633514776,2.300006725350089,97.69801780192098,0.08452325034513104,0.15648771356007887,-0.12510853016734588,0.031379183392732976,-4.984049372508872,0.6864524175908013,0.6980018099246615,-2.8224524205615973,-2.597793029924562
2021-05-21,0.3031009864025127,0.2562971832990346,72.95949348547794,0.2960454470904112,0.2741064699394724,0.2740697458812165,0.22800756441097322,0.2561129951784576,0.07465542619871542,0.07468622912295968,0.07804068371971971,-116.53047312340281,3.342819499549706,98.2193187948161,-0.16772839498801456,0.1840038153630165,-0.1162399288674427,0.06776388649557372,-3.819490445507191,0.6843130123399032,0.6584708109228555,-3.4697282171285,-2.9890223702164778
2021-05-24,0.3738410992594816,0.455297533041199,-156.03799906126258,0.4228292930964392,0.3934742945765968,0.3298756882880006,0.2347904593942935,0.2570417310419708,0.08832933620311299,0.07975420969047305,0.07902179585565844,-114.11833122552794,4.479817827176019,98.20824601656908,0.19712028516882707,0.34002242710781777,-0.09054499508356922,0.24947743202424855,-3.528292439888663,0.6769105410073686,0.6445834686581193,-2.298722212537851,-1.2764370080856988
2021-05-25,0.476627073258979,0.4681912836824895,-180.61558499058984,0.4498866134538746,0.4947612989767016,0.36442383402996087,0.25037932816682373,0.258169437594562,0.10044955934034522,0.08493024240648835,0.08001313692522995,-110.86725739384933,8.151296282505822,97.94196457108004,-0.017857429813574154,0.3753404889024623,-0.030639023654533682,0.3447014652479287,-3.103881440046115,0.6813500917713218,0.735270467950276,-1.5516686556081845,-1.755963486603518
2021-05-26,0.3829036745011813,0.488961046956764,-57.49421597108898,0.4776072600112777,0.3937947139151641,0.40473150898423577,0.26597655283915145,0.25930177456280173,0.1120117091970358,0.09030875604766582,0.08126344482739145,-114.339694774245,11.915585352120372,98.30825621952965,0.24449937278615497,0.4198157488091994,0.025415621487266477,0.4452313702964658,-2.4791725679494756,0.6603897892667699,0.931376613380641,-3.3913407012663814,-1.6017754702123377
2021-05-27,0.5331005061964831,0.4065362923628766,170.1046330367422,0.4581890789798497,0.4541940068144865,0.41505666786847273,0.28249666119532546,0.2598896746770113,0.10678173764706356,0.09206991550736347,0.08179523478867513,-100.3907259102331,18.23306382402847,99.45966450610878,-0.2710367682539801,0.38474832825033395,0.08340951894152916,0.4681578471918632,-5.52269363600636,0.7871610030348541,1.1414156361218748,-2.7862010904493224,-2.9637338395155157
2021-05-28,0.3882420917447056,0.36314615558465,213.2360488444805,0.3614665401758823,0.3762988389110946,0.43642646232559584,0.2926321619311782,0.26023706223386367,0.10417481593401902,0.0887207099451644,0.08204923354782684,-76.07478949075916,22.48413299695063,100.70591009554443,-0.06682370714966118,0.3997034896097986,0.11732340686588962,0.5170268964756883,-4.210948129098505,0.7920809269309815,1.1656261354434243,-2.0729435683341397,-2.2363389155541546
2021-06-01,0.2751248376936352,0.3967383914243068,-71.93071988883503,0.377191142440898,0.3239830745257017,0.4247146340022174,0.29745001323352116,0.2610378385511246,0.10674841950380409,0.0902458925449871,0.08240127695464818,-69.21587661855278,24.373034133342188,100.78859342941874,0.36605214989882945,0.35617130587094437,0.1305808160173584,0.48675212188830286,-2.933545241591338,0.7716799297687615,1.225156523089483,-4.62558710618941,-2.837718067617998
2021-06-02,0.2477391468499048,0.196647735614917,15.924378458935337,0.1763339050351349,0.2623482362712468,0.3704059243887029,0.2959602904460739,0.2610942868509272,0.10799217300863174,0.0905056132507109,0.08235210273309308,-58.203476768756026,22.368610695562477,100.97969128773754,-0.23096238137517236,0.2243742057878225,0.12534369703702805,0.3497179028248506,-2.453241354331541,0.8082658785099447,1.3279134026764616,-1.7927694592779388,-1.3036327544315958
2021-06-03,0.2450744442965224,0.2078923354753965,-53.56750143416616,0.2294868617257384,0.2184240966218871,0.31419218209242933,0.2921200213232585,0.26129981407502745,0.10976483115368957,0.09023552422786112,0.08215392210213358,-57.630776622604614,20.080748653925607,100.81173340426808,-0.1645416908777114,0.0728400938187563,0.11149628875880915,0.18433638257756524,-4.504170304745278,0.8168784535708874,1.2368190597078204,-1.6668231146119963,-1.2691561146949943
2021-06-04,0.2709007098006708,0.275880562944272,-91.07073247170922,0.2507510712241929,0.3018826752050136,0.2880610362087085,0.2928076308152291,0.26169277117290896,0.10961002881389603,0.090305168364558,0.08198693959527775,-61.61906935218808,26.287049372051477,101.45576128960171,0.01821565985622748,-0.01634345431306013,0.11234465669238751,0.09600120237932741,-2.973352499742326,0.8284494479083676,0.8904572217527319,-2.535364579555795,-2.035189434792158
2021-06-07,0.2500638004553317,0.2094287302067843,-296.4879998546642,0.2371625798450369,0.2245194161291661,0.2573175511331353,0.2930920882435265,0.2619375651878898,0.10937384351928742,0.09037539413193246,0.08173778988888668,-80.88587047958133,17.54505220669069,96.79713140586836,-0.17733259558441125,-0.13017592430105016,0.11238067943008591,-0.017795244870964164,-4.370638627604616,0.8448738710301069,0.9282040934476777,-6.478316690691465,-1.8726392622036268
2021-06-08,0.1319979986609354,0.1440955778660968,343.5807979314416,0.1218546597832346,0.1556341605512474,0.20678898842149335,0.2913396056337202,0.26186913566525355,0.11155474582057243,0.09113051458646391,0.08182957139777117,-63.96948140981059,26.429821150893304,97.59222581659824,0.08769005377060145,-0.3427907226525569,0.1066447196062374,-0.2361460030463196,-3.387901146633753,0.8199422866907029,0.8866834031562099,-2.0265835854202163,-1.3757785919067902
2021-06-09,0.1963191637777908,0.253251742403827,262.56321216172466,0.2553484099787115,0.1792569116390159,0.21810978977927534,0.2992203622079802,0.26224237778610743,0.10217468573298887,0.09064047577239212,0.08157519852276524,-54.827833957431004,37.56543988689743,99.0695855701991,0.2546423018102337,-0.31618174043822483,0.13191111712454429,-0.1842706233136804,-2.5758187373106805,0.8183801938249223,0.8501397500574132,-3.127596206943574,-2.8716755049550895
2021-06-10,0.2705351777163871,0.1826869076914947,-25.525406876314378,0.2294452827817363,0.2005989523984603,0.21306870422249496,0.2952768201924222,0.26218487381853295,0.10518259930342265,0.09098101572259776,0.08162638025081877,-62.38215099914021,40.30704493578636,99.90771758312698,-0.39262833617065523,-0.3262986211413219,0.11886340969002498,-0.20743521145129704,-3.545772490538422,0.8145145068867483,0.6746378237702637,-3.2547276436636206,-3.6806959194074067
2021-06-11,0.1687584122966448,0.242469944762921,-247.6305094295996,0.2043177521712929,0.2285921203432299,0.20638658058622475,0.29337667647322246,0.2623619423560161,0.1058055320041299,0.09094647164333153,0.08153499157494812,-52.003152168691486,38.920329753415054,98.2885661535593,0.362409584417554,-0.3517063536386402,0.11173235879467273,-0.23997399484396761,-3.718334293076045,0.8138517762081656,0.6466286957486066,-4.529895970362325,-3.398881519900751
2021-06-14,0.2129319381383494,0.2111448977641674,-234.78570802639743,0.199606798975453,0.2325484705892786,0.20672981409770136,0.2936358933594122,0.262393799550374,0.10558621959538034,0.09054363664170481,0.08151332851040259,-45.37782517668638,37.136531974559574,98.43996420639006,-0.008427958335558974,-0.3509278470695283,0.11249411482622328,-0.238433732243305,-3.413016808288133,0.8140888368551015,0.4405616394719185,-3.559326311700054,-6.3676616385206
2021-06-15,0.2393259940993561,0.1793512855402381,-148.06648168980257,0.214043633400522,0.2053860936669433,0.21378095563252963,0.2937900665860602,0.2623230284555033,0.10540792374826578,0.09092824167810945,0.08157794894898858,-45.94875730636822,38.74683345975159,98.78311702849837,-0.2884802428604565,-0.31791353404199774,0.1132887756862815,-0.20462475835571614,-4.749324692200257,0.8507219576859577,0.7781066476953756,-2.7627388443893457,-3.345127842997665
2021-06-16,0.2361739973177985,0.2087800470255087,-40.464711268564656,0.223517020627221,0.2023788809855582,0.20488661655686596,0.28945654118870123,0.26221157289503755,0.1071040160301869,0.09104288099173052,0.08163219024267995,-53.99845112923016,38.5376968205799,99.09136541289641,-0.1232875189212845,-0.34554843279112213,0.09885346093455073,-0.24669497185657122,-3.856676304225923,0.845948590156029,0.5266532476640914,-6.047040371647816,-3.112902351095428
2021-06-17,0.1975248918290626,0.2410575429032149,-106.35964548752258,0.204763295925892,0.23829172703892,0.21656074359921001,0.2871382847245926,0.2623172139323415,0.10765074495484885,0.09104267396475633,0.08158746625505102,-44.646725684640664,33.55453545254111,98.8159823673908,0.19917106124653397,-0.282092849039385,0.09040941642029407,-0.1916834326190908,-3.3953615101436574,0.8448849274625696,0.5525089547156279,-2.78536993728149,-2.840942337322307
2021-06-18,0.2569072940134784,0.2907820545633592,-183.7297819135885,0.2826197540532034,0.2786680102762595,0.2262231655592976,0.28393186255567593,0.2626588670890837,0.10647449811034118,0.0911598768516011,0.08152684746331508,-40.76992172226454,31.121420078299707,98.20941516701494,0.1238587370394495,-0.2272123185139517,0.0778781818714402,-0.14933413664251155,-5.53359833496757,0.8969846042938591,0.9306392527425604,-2.5010115498486587,-3.0300730292427764
2021-06-21,0.2945142902075646,0.23841636988314,59.09875926987536,0.2652414973291774,0.2499773641969827,0.2316774599830922,0.2830378218848812,0.2628917544095631,0.10679334559653479,0.09090319285355666,0.08137334904420485,-41.46295843304467,33.81423145055973,98.79554868763768,-0.2113089270883984,-0.20023438928322126,0.07383816768608982,-0.1263962215971315,-4.182249442341319,0.9030947962043279,0.8280992331786629,-5.936532134721433,-3.6019141004877033
2021-06-22,0.2283913532027988,0.1930491794563873,-42.85414113019101,0.2174834249046426,0.1893974865666403,0.23441703876632197,0.2699254042056406,0.2628546997034445,0.10044044906020191,0.08913059708805682,0.08140314916527303,-35.80376553649109,32.716434757332514,97.6707367461033,-0.16811564665281614,-0.14104389406237758,0.02654423320791435,-0.1144996608544633,-3.57248624290953,0.9026501035911838,0.8508283854593648,-2.325517286185864,-4.290513186713767
2021-06-23,0.2592268137109204,0.2962616050195645,-77.47218166223476,0.286384654503701,0.3131474330254882,0.2519133503651332,0.2613289202724943,0.2631256522475707,0.08932013332573409,0.08665412051030458,0.0814011518945952,-30.64659537007334,32.59596647798106,98.37921695902584,0.1335394576573714,-0.036694664202501406,-0.0068518384568765425,-0.04354650265937789,-3.6207432179542236,0.8912856396667573,0.8744703460665293,-2.849984194570062,-2.4363272736150168
2021-06-24,0.2654722023641085,0.3158622781834856,-91.3079338833742,0.2916175455433905,0.2855844451988751,0.2668742974211873,0.2526739818338304,0.263369898056623,0.07299710915974503,0.08351787758074382,0.0814676536665645,-32.337281265687594,24.74941841987648,98.52224967634194,0.17379615404569432,0.05467770296150732,-0.041459452129201976,0.013218250832305418,-5.110494247055273,0.8880318990680669,0.8844781098806319,-2.097091601798851,-2.5928740901194667
2021-06-25,0.3275461323763364,0.235827149474002,21.65228311834187,0.2922176217759471,0.268646700430069,0.25588331640331585,0.2441385246893867,0.26349856173605973,0.0634101542399064,0.08343051540908596,0.08139834642096225,-39.759898761607616,29.5864153424538,98.99834987337175,-0.32852978817913103,0.04698575693810962,-0.07631212132369328,-0.029326364385583756,-3.7477414730281153,0.7996818328541367,0.6414292460217635,-2.806195880637209,-2.901242337523865
2021-06-28,0.1507512204737868,0.2026960823594268,-124.2985607309169,0.1562332155480223,0.1932310370040664,0.24873925889857323,0.2361160210281255,0.263476300862934,0.05742892819042343,0.08356553394049022,0.08141427284297656,-56.63662924037749,29.37820352133612,97.65960488559232,0.29607679440028,0.052081896050427255,-0.1096401253887436,-0.05755822933831617,-3.2968962476377577,0.8006436328842433,0.7128926773079081,-2.178897781272297,-3.3320364736301653
2021-06-29,0.1695247288405466,0.1429670145324855,97.11866582069828,0.1504780293401988,0.0964630184374537,0.23872282591379287,0.2234274521835345,0.26320412173413876,0.047195422403958624,0.08478592263339828,0.08170360074607576,-48.184159954900814,29.052447915376742,98.09197938873318,-0.17038487299671054,0.06621639209227406,-0.1638430967839953,-0.09762670469172118,-2.9184932913665906,0.8014552473569079,0.8312256698029215,-2.3766608432197986,-2.9940903238135155
2021-06-30,0.1207865490119926,0.2289811060376814,-80.79924775078916,0.2170945148111704,0.1782128496529269,0.22526672611741624,0.22504412070467267,0.26293547966277603,0.046781782065561946,0.08484025645560822,0.08170527918330163,-53.020341265387046,31.625475242652456,97.95826540877243,0.6396145637022739,0.0009886745231528795,-0.15561220260299574,-0.15462352807984284,-3.247232472162875,0.7521828474511373,0.8607552909805067,-3.638755943883488,-2.698884846848468
2021-07-01,0.269066984046785,0.3226391236000441,45.262690721420284,0.3052836530943352,0.2899881337049259,0.22662209520072799,0.23078146011090506,0.2633672007720538,0.051378075969238074,0.08523908028177123,0.08173457213183238,-48.07883165760772,32.3662379280047,98.31229465687711,0.18157407429136385,-0.0181873512527321,-0.13207805645160983,-0.15026540770434188,-4.180195343838193,0.7392807626405559,0.49115646151488673,-1.7166217055438622,-4.994243563098866
2021-07-02,0.3349075161804333,0.2628637237575497,71.70566147973943,0.2673628300669719,0.3338080646967318,0.23202941005743752,0.23013061815156893,0.26338205101622486,0.05085650492726039,0.08503494325248298,0.08173414031319733,-39.94001196003529,-342.88065737967383,98.64508904475439,-0.24221868533876204,0.008217078387950424,-0.13495859080794034,-0.12674151241999004,-2.7113772100173037,0.756261305472296,0.5624300403678796,-3.384853147724106,-3.6105647265305185
2021-07-06,0.294728214315854,0.2872683820235631,-109.72078953410303,0.2743018845379632,0.3121517697634108,0.24894386999026477,0.23402260074240785,0.2635388944442951,0.05215084553029961,0.08483569980556989,0.08174223663413897,-30.601651444007228,-241.40680818537825,-89.67997696087134,-0.025636716470571308,0.06180975426457128,-0.11878326902480241,-0.056973514760231075,-3.274127331456049,0.7491247378242318,0.5622584693741319,-3.3418703097283586,-2.4701484931237974
2021-07-07,0.2478273524369831,0.3049869612541074,-4.022609589515184,0.2972636998211988,0.2579648477156233,0.28134785933458917,0.24206716991180843,0.2634713862978032,0.04991006240597117,0.08504628547970372,0.08170083305755463,-47.981821820055075,-179.5494707962811,-69.01408432455713,0.20753668150194868,0.15037658803818119,-0.08472952192219112,0.0656470661159901,-3.2365599690430265,0.7532165422788967,0.5301484427883143,-3.1671557310292493,-1.8200358234181258
2021-07-08,0.2874399913564707,0.1061161427768189,50808.77237365262,0.2431498224214996,0.1509613546556343,0.25677486668241667,0.23471038993045804,0.26272435325660576,0.05831151152096824,0.08650801998530164,0.08228264845923444,2479.3286362544895,703.5211955225874,184.44797062855727,-0.9964799318751332,0.08984732499095466,-0.11275302521351227,-0.022905700222557612,-2.383920234703883,0.769265923586157,0.6824970747264542,-1.7084175004326363,-2.0966693863668744
2021-07-09,0.1498176369816466,0.242755985716911,-19780.86463608732,0.2026928087377579,0.2053625669337986,0.24079823910579004,0.23771384383172883,0.2624363658251773,0.057023674373428965,0.0865046356579361,0.08222579263981823,1491.5616747939393,395.0552230882778,127.11512665930768,0.48263796380276913,0.012891787281167497,-0.09894102329694282,-0.08604923601577535,-5.925767373951725,0.9166113630630819,1.4028653510586528,-2.7769024042070516,-2.5271904887432006
2021-07-12,0.2575190706546326,0.1741208844329653,-7521.317365824954,0.2145331229293878,0.1853025784666262,0.2230496712408731,0.23429639081523104,0.2619858199261869,0.05874572935363315,0.08704746569030902,0.08240039693802123,1127.8773319741715,288.4903331376959,107.08427412482597,-0.39134398203990783,-0.04919245362995038,-0.11170343859985186,-0.16089589222980225,-3.532541073184646,0.9184619983171499,1.3328509194763658,-2.6881778459996233,-2.422012537548369
2021-07-13,0.1904960240508102,0.1745916655852522,-3697.529335155079,0.2125771643950083,0.168304761300722,0.20051432795321095,0.2324687292062853,0.2615879873835647,0.060057870895571484,0.08741667754044215,0.08258181192042706,954.7401506177373,238.7735685098661,102.33916895256753,-0.08718141529259245,-0.14787001263758454,-0.11801498079684487,-0.26588499343442945,-3.1173937510303746,0.927260106883964,1.3462814082492691,-2.68583401625634,-2.1832324769886307
2021-07-14,0.1535445422228392,0.250237869520562,-2599.6115667461813,0.188585350835742,0.2257456617759365,0.18956450960650187,0.2360130584053015,0.26139749912821925,0.05883744037607093,0.08694117053592598,0.08255272768042417,832.1628963649184,201.2303377655449,98.79458227193814,0.488421241294712,-0.21915774904090185,-0.10215509820185412,-0.32131284724275605,-3.292513997466704,0.9040074116168175,1.3423241465370717,-2.5754838447006843,-2.9049944997647676
2021-07-15,0.2239165692036326,0.2006743301345839,-1558.9790137014006,0.2179079776240455,0.2306609116435716,0.2084761470780549,0.23560777256075527,0.26112870013317835,0.059062387659513424,0.08717856504842796,0.08264091173885588,756.2371812432767,185.39414983337173,96.80020393714435,-0.10959017761169156,-0.1223438095377661,-0.10284494801660288,-0.22518875755436896,-4.361993914672541,0.9154058294752537,1.1540221311373997,-3.6464843788399137,-2.358539894736454
2021-07-16,0.2419098073088559,0.2861384947799532,-1307.4250258703478,0.2494180720598806,0.2316890724581073,0.2171526488906633,0.23786182015459217,0.2612872835130156,0.06013186665676519,0.08491818010878309,0.08265075168213211,696.1839122241354,166.1530590325978,96.03222329062207,0.16791098147520325,-0.09108936013574442,-0.09393058762868187,-0.18501994776442632,-4.032553584527776,0.9141572951027048,0.5189005602073001,-3.3270005669434393,-3.1376989360895426
2021-07-19,0.2484685621736377,0.2562889570533513,-773.0308862976261,0.2799784418754765,0.2795837318403058,0.23358626341474048,0.23613716527909173,0.2612643286612746,0.05901850996020244,0.08490860196613736,0.08265134213969418,666.7188570049335,161.20312964917306,96.56527823767571,0.030989219256961617,-0.010861399649095299,-0.10111980332644012,-0.11198120297553545,-7.837359150813346,1.2370094830420133,1.9197081909577751,-2.8893090382449675,-2.498988463315281
2021-07-20,0.2685636883801949,0.3026204476540117,-594.4086050605741,0.2689094194530668,0.2802798711571332,0.2591920198284924,0.23934736916763533,0.26121554070346875,0.06086621641899882,0.08504713003900782,0.0826231985836374,634.0434887884111,158.68335241065384,96.97822197745417,0.11939128579108378,0.07965325209769666,-0.08742996875796671,-0.007776716660270127,-4.47673724429849,1.2425477321162104,1.759501813820423,-4.105489261881866,-2.0555001804275372
2021-07-21,0.2872133121181299,0.2125237833877871,-807.5808260943568,0.2410977536111009,0.2333233914485584,0.25164920260193746,0.24032109936420537,0.2611357024149604,0.060239106504067594,0.08468680589018171,0.08266070870963262,595.8071545402028,148.62835259272725,96.35050680812012,-0.30117128355955103,0.04606012138833059,-0.08306426167887948,-0.03700414029054899,-4.856923861254083,1.258158715266472,1.5511215779384115,-3.128916899667503,-3.277721616839136
2021-07-22,0.2054942996569764,0.1881007147236211,-697.3713208518186,0.2078071030991104,0.2183713262399305,0.2491344795197449,0.2349130548494082,0.2609183491742968,0.059806239150545365,0.08420120404556448,0.08278142049950575,564.8121975807236,141.0994482722663,95.6597719001047,-0.08844075865602946,0.058777362746724605,-0.10499205364520592,-0.04621469089848119,-4.5502821620119,1.2622038396002138,1.530475462860994,-2.167008130833264,-4.376154675542569
2021-07-23,0.239143437353146,0.2122061165112696,-557.7232534380724,0.2138955176030852,0.2262408914082652,0.23434800386600818,0.22973024676579734,0.2607334539284793,0.056839819661082425,0.08381387187341642,0.08283860231172337,541.4914316029887,131.604818521018,95.88527466641412,-0.1195054781590511,0.01990142612627498,-0.12659285571689055,-0.10669142959061559,-4.394473876758447,1.2391277334590187,1.4718014739819645,-8.054507282377692,-2.6046044107342308
2021-07-26,0.1863396934611398,0.1949271717568645,-377.324881386101,0.1959558647731061,0.2059191158123825,0.22207564680671082,0.2276852478799405,0.2604546719360823,0.057342451566542434,0.08100615734388547,0.0829426710883408,521.5425733777665,127.13064956864126,95.7687671384975,0.04505469366385892,-0.024946108231888926,-0.13446465852563586,-0.1594107667575248,-4.608851851079737,1.245985471690338,0.1756794862539022,-4.986949475971429,-2.7909680269017003
2021-07-27,0.2032929951560724,0.1374954200991012,66.47232025270057,0.1898079385083457,0.0996391744946691,0.1890506412957287,0.2244252147669242,0.25982212794946513,0.060598839925204484,0.08149563307398144,0.08327565227976635,531.0811174269473,132.78989956526956,97.61597440766732,-0.3910576561583944,-0.171527610074661,-0.14645474101759576,-0.3179823510922567,-2.406072208854091,1.2880979323890198,0.9963278295479018,-2.5941320054990102,-1.801052349266623
2021-07-28,0.2063834636710875,0.301509360290467,-420.5271388585655,0.2533703631697648,0.2665087437701596,0.20684775667626468,0.23235233205482325,0.25982533655479584,0.05974591461085734,0.0815073334568282,0.0832772493438202,505.1988271929842,129.26626353984287,97.91168314676736,0.37906514889969545,-0.11627184462225124,-0.11175473048770286,-0.22802657510995425,-4.332217515499677,1.2661183310341335,0.930464146460388,-2.2388388681377744,-2.4192809796559556
2021-07-29,0.2683304188873814,0.244199370363519,-418.77376288006303,0.2439561565623975,0.2735389269125949,0.21806748780424426,0.23311324527111518,0.25991951596998847,0.05979760570565196,0.08144858687849915,0.08324608037494438,488.30010143652044,125.69209446745847,95.96668343429494,-0.09423414409289532,-0.06671977473361353,-0.10884766243493366,-0.1755674371685472,-3.5205631698916644,1.2585867973390585,0.9080567292193789,-2.2376970992002407,-2.880643430378803
2021-07-30,0.2121957105633729,0.237836762115279,-364.39030580385867,0.2144957378154637,0.2117161625688814,0.22319361692504613,0.2288731271968769,0.2601347446924549,0.05600149246581926,0.08134822800246985,0.08311854285849955,467.81745161025657,120.7026144433474,95.58233463653947,0.11407555303358624,-0.02512818822295064,-0.12803192527301308,-0.1531601134959637,-5.885457151952196,1.3238262081480203,1.2935448035113823,-2.7540009788879023,-3.663966549535602
2021-08-02,0.2648094047864466,0.2876424554318038,-18.622280655022223,0.2728534837601355,0.2962049421892669,0.241736673660034,0.23011206378058963,0.26029931277103274,0.0570571966119363,0.08147614190520912,0.08313216744280284,463.30105450351846,120.58065773043103,93.05884536323592,0.08270789467604073,0.049282584254724135,-0.12326574776303072,-0.07398316350830648,-3.7570958373260352,1.2846316927121193,1.2740526774026728,-3.1363035868108624,-2.3782219475629773
2021-08-03,0.2844767173872808,0.3138179460572989,153.27068422699256,0.2978144400408187,0.3036800493932197,0.2770011788516735,0.23143954198227643,0.26058097145512094,0.058740972907449736,0.08163272868426721,0.08319395477789189,476.4506281915732,121.65436875599423,97.32458449814261,0.09816161487281812,0.1797030802857771,-0.11859496214254771,0.0611081181432294,-5.138648905870999,1.2823842355500004,0.9827420490245754,-2.577269549058986,-1.7354404271322401
2021-08-04,0.3178650292981464,0.2792309124645262,-137.40812520277427,0.2818562771112414,0.2807928187413617,0.27254548928648537,0.23015173954279736,0.26070907776745417,0.0573085644250416,0.08112206390513847,0.0831979320115428,469.7813524109103,119.27668306034754,98.05193844760429,-0.12958777375671363,0.169066704798009,-0.12466631254037056,0.04440039225763854,-6.846229068538007,1.3779018414074682,1.4089875176625644,-4.778150353659325,-3.8041355330491373
2021-08-05,0.2599206064861277,0.3489569659645384,-550.0526360006501,0.3333947570087936,0.2936524691204565,0.29349700840668924,0.2422937807021833,0.2612138466848581,0.05533744751994379,0.0792840533510292,0.08334946741057443,-2098.1598980717527,108.78030140843448,95.30802127315745,0.29457238319263374,0.19171648665918328,-0.07518844807269173,0.11652803858649152,-3.225339472092962,1.32282970389268,1.4917871076786258,-3.3484430876981057,-2.256106211104494
2021-08-06,0.3443208024853641,0.2602133669352025,-188.99748326374328,0.2990039919808129,0.3224100636195408,0.29797232937067397,0.2431666497630979,0.26138180538644473,0.05548261405813966,0.07928343393303093,0.08330478444336786,-1118.5665404305742,103.53766112140761,93.44415117105098,-0.2800718516374916,0.20325361795294178,-0.07223518449772205,0.13101843345521974,-3.754759818534944,1.2887385302185346,1.4692556754065058,-3.962393277020557,-3.7997392935977836
2021-08-09,0.2551447012266803,0.2518934676444719,-33.66053064422664,0.2319462949709647,0.2751583128024562,0.2908225318132076,0.24705527892367324,0.26161248092348577,0.053061285171565865,0.07923636204214182,0.08319785108735914,-744.1836986715377,110.5634937113134,93.15377595943707,-0.012824589321214601,0.16310111192287127,-0.05725221549850506,0.10584889642436632,-3.1416366318761026,1.3053862472214184,1.573769850640314,-2.3323898927938234,-3.3312333238840255
2021-08-10,0.2600545852071536,0.2419614559948533,47.16192574538729,0.2607873505354923,0.2496331412234438,0.27645123380071845,0.2504237684441533,0.26158709719557555,0.05028473506892357,0.07896960505971226,0.0832028947056372,-556.9491356265144,117.47106327151151,94.23297874000576,-0.07211311136209993,0.09887987916706922,-0.0436127390970438,0.05526714007002537,-4.495938335541888,1.2713347801515449,1.5260571340199975,-4.003485495375019,-2.6330843425970296
2021-08-11,0.2457618792165519,0.3216124724101261,-483.0607169817911,0.2929607822574058,0.2594064799189852,0.2849275457898385,0.2539924985886315,0.26159465611885957,0.052743479195435705,0.07862214225383404,0.08320828316424628,-451.1215931382949,111.69751530675109,94.15963202025024,0.2689842224407922,0.11493018918230756,-0.029491458227393866,0.08543873095491362,-3.394590187171435,1.2666575665340754,0.5521065791174335,-2.663282333164643,-3.1610419182870775
2021-08-12,0.303835635394889,0.2475502200348494,-95.75813450891792,0.2651606771185775,0.2321817768354264,0.26464619660390065,0.25633629308364475,0.26145726633589517,0.05127040069860822,0.07851225275580802,0.08320298142523307,-377.9605491786707,108.09272697845789,93.51507690786462,-0.20487341148955196,0.0319035995204605,-0.01978062543629925,0.012122974084161424,-3.411887307368705,1.2878069517319164,0.5259342619388754,-5.1869971182302725,-2.288615662131734
2021-08-13,0.2247086698927218,0.3109135020116245,-171.96412862175316,0.2871098936993697,0.2693752171726586,0.27478622361918503,0.2575750434452283,0.2614617601875071,0.05231696727256571,0.0787072786039781,0.08320563269347647,-321.18750431624096,110.11656074108387,93.74958080556787,0.3247099821651158,0.06468231820004415,-0.01497693175807787,0.04970538644196638,-4.032233430183613,1.2878118057786954,0.5549410199796905,-4.537607766583248,-2.9818267041593174
2021-08-16,0.309527306630482,0.2243504118189188,83.17914663363916,0.2574912989367393,0.2570979459890972,0.26927761245407444,0.25597811618350674,0.2613311637233993,0.05284309187649568,0.07786322637288942,0.08323828058831978,-278.3770026696778,115.85731087099637,94.16694145115306,-0.3218371484116295,0.05065090682930176,-0.020696472401557024,0.029954434427744748,-7.840803263529318,1.2882953055263848,1.850301419387316,-3.7636112668987565,-3.592004832303663
2021-08-17,0.201837064352186,0.1917984094189129,-216.70571907937745,0.1838533179471073,0.2061046854793895,0.2592450031388863,0.25043701427175175,0.26150765239310847,0.0535010606337281,0.07834048685033013,0.08304287862990979,-259.49185837061793,111.02955732824879,93.96714443532052,-0.0510158902967169,0.034566123752717295,-0.04325609765473334,-0.00868997390201615,-3.8053518101335637,1.2950171814221012,1.8886623835199248,-2.1276650886283517,-2.992476647342002
2021-08-18,0.2428524555457132,0.2789351505909669,-36.73494290816393,0.255941045551594,0.266112746330613,0.25070953877505453,0.2537575826319107,0.26166501030693906,0.05308340681500604,0.07398485540789379,0.08303846293996635,-220.94956421130823,113.0179415974671,94.58120592828287,0.1385252395376919,-0.012084359198116824,-0.030685686854313946,-0.04277004605243076,-4.588145847995414,1.2910865247573247,1.7871997312930223,-2.9080009449708344,-3.1540876047714663
2021-08-19,0.2572518162346351,0.2012127696936354,104.61117332966478,0.2556110782434397,0.2230249725796556,0.2414420487068117,0.25441318538041147,0.26150414140387307,0.05230510202877772,0.06876995506845562,0.08311674045444045,-180.8504395022341,117.77172090280467,95.49077657558122,-0.24569253100837984,-0.05233017909866751,-0.027490461039682425,-0.07982064013834982,-3.4238692880937265,1.3066642379529136,1.7849876016070054,-4.66551906663535,-3.071804782181847
2021-08-20,0.2573378675772351,0.303506340528116,-213.06812287292604,0.2626879851077319,0.283639949645901,0.23996061641011002,0.25897819658125376,0.26157691423226803,0.052411612283585006,0.06165753154783579,0.08314562963343144,-163.61768297397677,115.17882245444072,94.86715568516084,0.16501262032228128,-0.07626906348679549,-0.009984492269349042,-0.08625355575614453,-3.8655228643054063,1.310004682604681,1.8029351961914855,-3.70618066313137,-4.905307978715904
2021-08-23,0.2799255447886959,0.4151783802675144,522.9424809309448,0.4174243074239006,0.310251290847483,0.27812621009982913,0.26999075700678626,0.26246719843002037,0.06072500516832938,0.06204510545488202,0.08359455102971448,-118.60431485812448,121.05945325267744,96.67401047385334,0.39418460350973106,0.029687278727570633,0.028261609242297998,0.05794888796986862,-2.233310773070857,1.3836474137596297,0.8640834705842473,-1.541939975126535,-1.6563829455501513
2021-08-24,0.4113693890316257,0.306947594569479,24.80410721274461,0.318724163793362,0.3973856277411336,0.3011560471299423,0.27846336573030517,0.26269390961393013,0.0525347455799725,0.060675264434393306,0.08363818306868566,-120.68772551012225,117.91892089214849,97.19605720559437,-0.2928145363362302,0.07834205006246028,0.058296996735802104,0.13663904679826241,-2.542601901068876,1.3748736746846062,0.9619313646904744,-5.671919327120053,-2.1615267291576226
2021-08-25,0.1807244745163712,0.1785975729769853,301.98841144999653,0.1794354769179462,0.2074687182519801,0.281088531607146,0.27231777636463106,0.2624122658940388,0.05671943122619982,0.05798623533009275,0.08380284147962348,-84.56194799469418,124.15090641446236,99.11309272668474,-0.011838552044528935,0.031699998985076354,0.03705287882770339,0.06875287781277986,-3.5743642824591113,1.3803624938586305,0.7024740936118481,-1.4414654495340375,-2.2992150019955857
2021-08-26,0.2479347362872781,0.1974042450493454,-63.447954709546366,0.2230646306709789,0.2176679016432205,0.280326826678288,0.2699780200989224,0.2622093308603483,0.058865004760791914,0.057976133580406555,0.08389891930136116,-66.79565758616835,122.82803419498767,98.58905577422411,-0.22791191982293219,0.03761561196958057,0.02919739114191461,0.06681300311149517,-5.221962244544132,1.3935856753916709,1.185815013801378,-2.211434922039162,-5.5705133973071925
2021-08-27,0.3084197825721966,0.3120497378434077,189.707633849795,0.2896274855310872,0.3265867642182969,0.28203550614134637,0.27368866888532883,0.2625742802785693,0.0590709999225519,0.058473119214753747,0.08391655824573427,-39.090760603485656,126.8826197830537,99.97989330973505,0.011700805812681977,0.03004175588664794,0.04145720093602483,0.0714989568226727,-3.2979385484377923,1.3491563898683718,1.1676140578525167,-2.0140121809595315,-4.7625965381928586
2021-08-30,0.3245004456757918,0.3912721678707931,388.8381689312212,0.3702595440185749,0.3448853927933872,0.2772542636620021,0.2788701545072783,0.26320878892405275,0.06464172223426404,0.061351267260509726,0.08428823022213922,-18.717738124173486,134.88110147310255,100.90264732631017,0.1871164897776872,-0.005811272945358048,0.05779868599752772,0.05198741305216958,-3.6740242914333106,1.3503289249897563,0.978123138018558,-1.640578161974035,-3.7336169209041703
2021-08-31,0.2964207438322823,0.2636673108174214,-152.75329905068827,0.2813464203897515,0.2859087323405567,0.2685982069115906,0.2763626227452844,0.2633916234261942,0.06418579807915763,0.06119711251975736,0.08423924177829259,-34.01893728805753,137.27667981983546,100.54329714726957,-0.11709175476570571,-0.02849724551316674,0.04807186681656847,0.01957462130340186,-5.389925777184815,1.3618615275202834,0.9921074963909254,-3.0286186091638068,-3.140058088271835
2021-09-01,0.2551159508760037,0.1689985437493311,479.06353090883,0.2281298832596658,0.1764263757031363,0.2666784010660598,0.27085100430952463,0.2634011831974703,0.0685134548611543,0.06056667241633969,0.0842283492896357,-3.1953544824773132,139.5347253694586,104.22748040655233,-0.41182805310904913,-0.015525428059238141,0.027890588771810092,0.012365160712571776,-2.9622296553487826,1.2170736537561138,1.1226711828891205,-1.5038461149773923,-4.646093307740886
2021-09-02,0.2138894056482696,0.2628392621805577,-800.3559991857867,0.2114251648079101,0.2732281150924045,0.2797654044923022,0.26654511912032564,0.2636248393813033,0.06600662257996,0.0605942356653234,0.08415198448212015,-15.710522641734144,121.8194051803334,99.51818803736676,0.20608358952023317,0.04840787909416454,0.011016502261979642,0.05942438135614422,-2.7838041764266714,1.2337281990571334,1.045365030505554,-7.096438665130602,-2.726697733669695
2021-09-03,0.3162854672995623,0.316316995861865,84.48240834793262,0.3019547106738285,0.2638583710584408,0.28061885609599363,0.26935030056665876,0.2640956487928544,0.06690935660852028,0.06061436450527714,0.08411605792285125,-2.0365280611503493,123.6528687674042,100.83828582646113,9.967891105342497e-05,0.040984599590099015,0.019701421459311193,0.06068602104941028,-3.267637074551733,1.2409465097154408,1.047795379541043,-1.915158694434854,-5.456783808252575
2021-09-07,0.1955667562038607,0.1943314658955879,327.53987876826056,0.2317222401392342,0.2400272476514207,0.2412307157009526,0.26647220047921455,0.2640986233863101,0.06890794521870691,0.061033894260833554,0.08411356765510357,16.02349240947401,133.2390419040352,102.58202940188157,-0.006336496918692181,-0.09951612266026025,0.008947317947931037,-0.09056880471232918,-4.79089663137948,1.2463659650622156,1.1747444368611846,-2.680807725811201,-1.6248526007573112
2021-09-08,0.2386575269870765,0.1227847434066498,417.9838082334165,0.2145390488335286,0.131560700788059,0.2130542022187983,0.26051336484980436,0.26387555106040034,0.07593381732405559,0.06300372966540684,0.08441475970534391,34.56458653387547,144.1185338416988,105.02449826045434,-0.664596814177223,-0.2011075606350736,-0.012823430021941942,-0.21393099065701554,-2.4891755721392865,1.2787509075163714,0.9018446277312874,-1.6423111010466436,-1.9598285908633408
2021-09-09,0.1295640710941747,0.2005957189272145,-338.701276275213,0.1395918949972765,0.1770025372581321,0.219373637254375,0.25446252717565876,0.26374928611809656,0.07562988767040298,0.06267134339109884,0.08448596427265306,41.782558569204376,140.94128726527526,104.64891773384565,0.43711601768876,-0.1483772019345125,-0.03584539393588831,-0.18422259587040088,-3.2858000626097215,1.280927872758872,0.8867304623524589,-5.072895926533067,-3.454687555490028
2021-09-10,0.236145195726297,0.3212662698146959,-116.50773714428055,0.2910259354361586,0.2767308750546795,0.23105903878120265,0.2581483296646511,0.2642175484361499,0.07705806952945984,0.06315408831639358,0.08447900840379208,40.74507843743625,139.67390350067998,104.54794411424369,0.3078234282907426,-0.11086108389215557,-0.02323847001396645,-0.13409955390612197,-4.247841229258818,1.2804088067280621,0.9055008401864416,-1.6170592491402243,-2.83997703656072
2021-09-13,0.3083217588390678,0.3347249835867569,-494.1188751758512,0.3163745056781382,0.3255938645657652,0.23474063632618097,0.25933890374340773,0.2644331664814729,0.07809321241914567,0.06407943330465622,0.08459027237426867,24.63734110973134,133.2112496725412,102.90661461095183,0.08216534090904112,-0.09965448557152336,-0.01945282565076362,-0.11910731122228693,-4.686449778795832,1.2931755982874888,0.9875298358974611,-2.008951282379875,-3.9949705930848074
2021-09-14,0.3044585624999953,0.2699362895338297,-174.2971858242817,0.2611351121642715,0.3164654356026002,0.2498616010538294,0.2616181976291533,0.26437344756712067,0.07768243488344183,0.06391966084404709,0.08458105881978423,11.763524486835298,133.36845960736298,102.87584999447022,-0.12034902768105359,-0.04597901117939681,-0.010476497730522595,-0.05645550890991947,-2.8944341764660573,0.9181687406914981,0.9218373519188345,-2.9694802865739147,-2.582235193093437
2021-09-15,0.3045199974419019,0.2877449955340658,-201.74792518815357,0.2994903208560022,0.3015553595939799,0.2828536514793126,0.26641552693491094,0.26428258828679696,0.07609003409143089,0.06406892874751206,0.08454354488242097,12.511414181396491,129.0210148663958,102.58005658189407,-0.05666210230163192,0.05987241004415651,0.0080382804148839,0.0679106904590403,-6.182606293433861,1.0789621055171936,1.2934697619093842,-3.0580335540576797,-1.8020507302991848
2021-09-16,0.2633867943665953,0.2545516974689739,94.22531899094145,0.2457931188983577,0.2460418512636764,0.2936448471876644,0.2651963542788113,0.26399781458552446,0.07607422078970921,0.06359896902674382,0.08445554205611047,19.059427276351762,131.30567253508136,103.43796641403621,-0.03411970393474563,0.10190052319825392,0.004529686126991748,0.10643020932524584,-8.299133077629795,1.4738634337981729,2.063785189508949,-4.174388785681158,-2.9195867770736603
2021-09-17,0.2497985606452095,0.2593823581483971,-289.598170474365,0.2536393513008219,0.2488494414088613,0.2812680648544047,0.26810483370154936,0.263876871560349,0.07459687192187839,0.06335241289367305,0.08444035354236193,-0.6510399138497291,127.7702393882125,102.58544159358384,0.03764842370138964,0.04793010749759202,0.015895475806462542,0.06382558330405455,-5.34124367943551,1.4995851482428726,1.9859059532181398,-3.562682584968343,-2.7824950415340837
2021-09-20,0.2683329745044185,0.4015540603182534,-131.85245887698403,0.4225568332742462,0.2944475173231757,0.29463388020070397,0.27300721969105624,0.2643246278242215,0.08006705556208438,0.06572697153655746,0.08487305874790216,3.40974328594737,127.0944973049857,101.59250938669723,0.4031135186975366,0.07623526090171587,0.032320241995837405,0.1085555028975532,-2.0548713486716417,1.564651223748756,2.524683330117229,-1.9173066185279604,-2.7056170127349493
2021-09-21,0.4117485357603989,0.3878149948450353,-121.82525875355851,0.396057782636686,0.4240529619431794,0.31820962126294516,0.2716390504199323,0.26459558022179325,0.07770886386287461,0.06791096591840451,0.08515940146486914,-28.828643698277794,124.70320494045401,101.59497841730891,-0.05988440441396093,0.15823618746415177,0.0262716165895816,0.1845078040537333,-3.575722951254717,1.5146291324215615,2.401066708768676,-2.0523507401441496,-2.138099104281156
2021-09-22,0.3288733881028154,0.1887506666382941,-27.74850393238546,0.2608314190066139,0.2128178126158171,0.2984107554837908,0.2657292040233731,0.26424056190491474,0.07935925910946799,0.06812155239973865,0.08529026914637372,-31.4562742555343,126.31237255376286,101.26019014588256,-0.5552459181213215,0.11599315127663279,0.005617852675089464,0.12161100395172215,-3.036270841768343,1.4930140668923064,2.455051789965639,-1.547386573897642,-2.312692714369425
2021-09-23,0.1797101887543597,0.2511354020374945,-121.48993478970284,0.1896165452027181,0.249514419904091,0.2977274963974949,0.26935609547639855,0.2638331587850209,0.07678333125614553,0.06648561207736,0.08510771673599964,-52.630191567519276,122.66889587692285,101.1347720127784,0.33464675315842984,0.10014434734006965,0.020717350122171053,0.12086169746224061,-2.8151142552686066,1.5153060572449268,1.2325600275407318,-1.990115830905852,-5.679198522170286
2021-09-24,0.2739428805374619,0.2834635032799601,-197.02406253468263,0.2628012129412473,0.2748478167144039,0.3025437254238075,0.27365905838792925,0.26304375472616437,0.07492788097326353,0.06645448678484608,0.08399503210219911,-59.308996958776085,120.73181563052462,100.41571303484083,0.03416375919026041,0.10034279474484589,0.03956263301544925,0.1399054277602951,-4.418972503322434,1.492099517874362,0.8819528752419545,-2.3569057373778826,-3.726326104374767
2021-09-27,0.299485092653879,0.283233115537981,136.4080429000668,0.2704515734389225,0.3188573743357494,0.278879536467753,0.27221822727265793,0.2624079530907548,0.07442617607257468,0.06600726669446351,0.0832317054522314,-61.97397650626249,122.25090483350206,100.35859059212453,-0.05579435382593082,0.024175868879595847,0.03670368512442637,0.060879554004022195,-3.028135619201152,1.4997403164229,0.647821842104925,-3.4389704818976212,-2.1343544756531183
2021-09-28,0.26053469344241,0.2612478598692509,-36.69657088522143,0.251802903524478,0.2752962682956203,0.25356610947259617,0.2657170118725808,0.26179020910608686,0.06895729043033932,0.06600568615392213,0.08266067772419897,-83.25071349708462,120.44420096075272,100.6772763594383,0.0027335788305163284,-0.04680730142842351,0.014888422930830817,-0.03191887849759256,-3.751037247864492,1.4990628482446873,0.6659044246586154,-3.806958580118827,-2.0669824003209603
2021-09-29,0.2680860913646037,0.2611821073083589,104.33933271792296,0.2535968470542662,0.2779445603360937,0.2680523976066091,0.2655927516971277,0.26088722768828676,0.06896341724328471,0.0658970167195368,0.08141504222958172,-70.39608190865407,124.01186966495314,-206.88659951375053,-0.02609027218689376,0.009218347925155284,0.017875890805415177,0.027094238730570243,-3.7153173442606238,1.4615876254527247,0.6393681864515207,-3.8143969534352102,-2.6251148104568416
2021-09-30,0.2678757556852655,0.2548549471875225,210.1172389148045,0.2579694476401344,0.266241520683685,0.2687963066366147,0.2698855718690373,0.26040532665949545,0.06520389025188343,0.06560573030505873,0.08109083118217697,-83.84339650835534,127.58086714002515,-119.21712396323458,-0.04982872607475009,-0.004044192910541848,0.03575869546714767,0.031714502556605795,-4.794870131038585,1.458376779411216,0.6851805563265506,-5.052565295709654,-5.5941538896707055
2021-10-01,0.2538932223338044,0.2315552738419488,266.0121313851939,0.2602849203404926,0.2407783896695763,0.2584146607490124,0.26832137245210685,0.2605560149669129,0.0657547379305194,0.06264930436765724,0.08100167229227807,-30.52498997980631,-714.7984702310986,-53.865981588300926,-0.09209518519678142,-0.037619906100557286,0.02936754630248129,-0.008252359798076016,-3.937005963280163,1.4314344247246145,0.6331729614344244,-3.519074792280375,-2.9582779380273143
2021-10-04,0.2325775102586122,0.2194599385098485,49755.17459140748,0.2183753544960036,0.2273241913580381,0.2456600253433859,0.26347851958450597,0.2602658799863092,0.06560039354357729,0.06282396409788095,0.08101851574613003,2453.009619173171,444.1355168938147,173.21264542814313,-0.05805384355170096,-0.07002327577969869,0.012268121222502273,-0.057755154557196306,-4.716231714690063,1.4274390985518446,0.5302247195339922,-3.341184466589352,-2.7524225997903624
2021-10-05,0.2689754016568852,0.2551683252596159,-11190.960725441602,0.2810471370377931,0.238562781996491,0.2444441184214589,0.2665203625527074,0.2596753156093714,0.0636054901434441,0.06183893693757473,0.08051181924185728,1877.084588962678,382.97479423353724,145.15441958761585,-0.05269650531972297,-0.08646391973533732,0.026018583499654205,-0.060445336235682906,-3.1586193874985864,1.4326950359255641,0.6922784221922222,-3.7459556936408553,-5.102827130401665
2021-10-06,0.2179852669784439,0.2239726956365073,-12006.192406856266,0.2610933215554496,0.2373866295274851,0.23700223608708862,0.27157976016420027,0.2595004454204878,0.05501479935639109,0.06100574574485619,0.08054181232183,1255.8757782081939,244.49707637185082,108.6949623996775,0.02709667210783667,-0.13618629610012398,0.045497453096294334,-0.09068884300382969,-3.741997906649141,1.3888930656359577,0.6890100178444071,-5.400846975969473,-3.291193547771133
2021-10-07,0.2795335139519861,0.3802360548457417,-4302.794693590258,0.3332361245302722,0.2855113539053162,0.2620784576187324,0.28056177696012663,0.26050449493400846,0.057427234766403754,0.06290185831482462,0.08047579200194381,1057.6711073424417,216.11069092444953,98.53977893096781,0.30767006460807617,-0.06815002393781648,0.07417382336125415,0.006023799423437737,-3.042304715564044,1.3973007292628854,0.6735111852059128,-2.078899851731325,-2.076397318766188
2021-10-08,0.3309192113225534,0.3822845692250185,-2727.723550781528,0.3985258420901703,0.3396805220252541,0.2922243166953463,0.2836126919306427,0.2608059905110337,0.061200433284443904,0.0642076297416607,0.08079092083717276,927.1103166605792,196.63161530644746,95.42656548634974,0.14429100585574414,0.02991216862291519,0.08383274704592017,0.11374491566883542,-2.832842971549007,1.4235012196669736,0.7597522551239535,-1.8431883080317903,-1.8922697968666402
2021-10-11,0.4321281677969999,0.4482370910338065,-2110.8975201938347,0.4306796123133036,0.4450997441955908,0.337979747200138,0.2892882973029952,0.26142313961021996,0.07071396949191058,0.06834495167130887,0.08163004839758468,846.27138440968,183.24040706772263,92.42601106132787,0.036600084527331884,0.1555622147674645,0.10128344027703565,0.25684565504450024,-4.239130001377476,1.415659801677705,0.5763972082651233,-2.688232335862352,-1.4750068823124551
2021-10-12,0.4223221807598536,0.5316947921998851,-1226.6569372315923,0.5134647276972446,0.4305584940336207,0.39328504058819186,0.30237622243629797,0.2627595094821557,0.0888432614576912,0.07628228434647583,0.08329870607850448,793.6533968393144,175.6799728854899,90.56589617345813,0.23030114157732404,0.26286263138381155,0.14043281047218495,0.40329544185599653,-2.490045024690519,1.434722068083855,0.7094493374216314,-1.9010595817511613,-1.2854487412977764
2021-10-13,0.5084931454694983,0.2226116937736111,-1219.466137443708,0.5002939729484068,0.266284293176072,0.39301284021561256,0.2991195573482753,0.26261767470878844,0.09058452490835023,0.07646058274969814,0.08333690187015824,742.7674862265367,165.26234734577096,90.82983350605319,-0.8260227653577488,0.27299893281876003,0.13014408463406862,0.40314301745282866,-1.4523927979315683,1.4386762210020643,1.005280971268141,-1.4888791891865345,-6.599534186543576
2021-10-14,0.2374884141093773,0.2719156948437886,-668.6924435784545,0.3386376012575498,0.2405153534065411,0.371348768215222,0.299987757217016,0.26228238993141784,0.09021735376454358,0.07606107310563182,0.08312911342526534,704.621598098067,167.57715372103604,90.86844115801176,0.1353732332383155,0.21340003251762177,0.13431991705548468,0.34771994957310653,-2.3215411506511545,0.9881217294571115,1.0155075069146335,-1.347923634656443,-2.2226621463196965
2021-10-15,0.2851030442032116,0.1535422547617142,-863.7329531531383,0.15690918945619,0.2145249681883143,0.3256003053225611,0.2946957520476819,0.26166420309624555,0.09566433308486778,0.07684156491763333,0.08336142244563165,675.9148589641283,164.80445984934735,91.53561650860428,-0.6188748690632815,0.09972709670821703,0.11888146099141063,0.21860855769962786,-2.853958812472393,0.8851713624420897,1.0164121305532752,-2.6726429179368703,-1.475159173365557
2021-10-18,0.1602930527438171,0.304468223406614,-512.6706621744688,0.1821855705598301,0.2760107177047701,0.2968465317971226,0.2898414602020999,0.2617010458200827,0.09236288501296591,0.07653904382418306,0.08337836278141021,656.8739487992541,165.55533637040742,92.08039053295008,0.6415630054899014,0.023881192763635532,0.10213127874966448,0.12601247151330017,-2.366322365670889,0.8646365990556859,0.5162941446299735,-3.42490023092301,-1.939548354858876
2021-10-19,0.2587909748109638,0.254538722880639,-559.5541569217734,0.273957794347166,0.2815661594942922,0.24141531793327337,0.28317764660388006,0.2618376255953575,0.08969142702944005,0.07588005389565564,0.08333838310935468,634.9875038908433,162.51818177814621,91.73616180299423,-0.016567711610652458,-0.15955566600024962,0.07834986521996916,-0.08120580078028047,-4.878506959737492,0.9318242654692767,1.27993233549377,-2.292669731871868,-1.283174504314985
2021-10-20,0.253071274615158,0.1627386820336545,-673.9881940939331,0.1838480445151269,0.1853693699068053,0.22944071558528206,0.28187704737364805,0.2612945893653649,0.09130681304006759,0.075171767841595,0.0835406053614579,602.675519382766,150.17717320570233,91.30270189063259,-0.4415254302643713,-0.20582629739997055,0.07582250792843089,-0.1300037894715398,-6.488173355857906,1.157303621482468,1.838752631338834,-1.9538346757292564,-2.8155294306507415
2021-10-21,0.1523754090835307,0.206361530365732,-449.9499878549649,0.1547152628832742,0.1957400521060326,0.21632988268967074,0.2796383537900599,0.26104819559992604,0.09263938505810078,0.07561301364872422,0.08361167626307257,586.2525167295029,149.68679238909564,90.54465307558505,0.3032823598354414,-0.25669269741465317,0.06879212698980114,-0.18790057042485203,-3.1935787797947226,1.1476724682318453,1.7018942985401944,-3.0328695542506483,-2.7248785394699904
2021-10-22,0.2103460667311614,0.3125882819585102,-518.019715816997,0.2901964628063429,0.2559507225414204,0.2481390881290299,0.28109459272398746,0.2611975919869762,0.09293113210611238,0.07567512262047241,0.08367048118399398,570.2027340653871,148.0326931734801,89.46156129165874,0.3961328203728635,-0.12470181341453557,0.07341406327729504,-0.05128775013724054,-3.3741930938357987,1.1306982022902416,1.632141242481872,-1.8981231550604951,-1.8385616394278004
2021-10-25,0.3854461452046123,0.3803164614146279,-132.14982674677378,0.3441477414282179,0.3795744516035424,0.2633087357306327,0.28594876001781977,0.26153468781290373,0.09554741400016431,0.07672030692149027,0.08398061869220051,556.774840583045,151.90336782443148,91.43794088707382,-0.013397782751945317,-0.0824853901795392,0.08924570990383404,0.006760319724294744,-3.3402892186264044,1.1257120841052377,1.424338072491084,-1.7489590302786628,-2.5790208034110886
2021-10-26,0.3612291023560097,0.3632909277735177,-468.7995581267695,0.3419775926786972,0.3784371077515911,0.28505917670920844,0.29105091341303313,0.26210784550266253,0.09687427967267474,0.07751092384475407,0.08418473982317966,535.1696912209676,144.40041319990237,90.73842956780855,0.005691577589769616,-0.020801415758866734,0.10474216892686972,0.08394075316800298,-3.311552810069825,1.1255504816718507,1.4252242199114544,-2.9817771840462806,-2.2186833343418306
2021-10-27,0.3215753670805412,0.299424051176663,-466.05343554427975,0.2882046177027169,0.29541697096279,0.3123962505378101,0.29296301060644836,0.26238955442659995,0.09663080491836229,0.07742212994834405,0.08419133052088533,506.65005280785755,134.07834453704785,90.1597135300185,-0.07137113946193231,0.06422605839015254,0.11021610893154256,0.17444216732169504,-4.931959992578715,1.169126340708894,0.730811352394013,-2.514635275907557,-1.9900735699267758
2021-10-28,0.2906162957483076,0.2890078318243096,-421.3051647583004,0.3097438941473687,0.3306658976528602,0.32892551082952565,0.2946706548382877,0.26292481376765503,0.09622283203433481,0.07743439697240165,0.08393204984051161,475.0789326242023,129.3467272111224,89.13647134539599,-0.005550038296420516,0.10997300588104103,0.11399019630094265,0.2239632021819835,-3.866953874510085,1.1360405476027835,0.6911790390453708,-2.5998718639207454,-2.493185205158887
2021-10-29,0.2965653068497271,0.3652916767220624,-337.65749050005087,0.3356594176794565,0.3124861103748193,0.33946618978223614,0.30135747498229337,0.26320444166675605,0.09625277599011951,0.07771462773982855,0.08415677760427547,444.89545152994003,132.88664630279905,88.71053285624615,0.2084286953937503,0.11907716916259281,0.13536610966428375,0.2544432788268767,-3.764754209911354,1.1334175545496334,0.6572070165785029,-2.7201082245669466,-2.9430754087437943
2021-11-01,0.3762261519690741,0.2936301779549164,105.93004584097918,0.3497314188571963,0.3275979120969534,0.32212893309029383,0.3050659869545468,0.2634775746342515,0.09434114586196023,0.07769933577715211,0.08414422322570728,-2037.566775748385,137.80210512121113,91.08875879715983,-0.24786935317513448,0.054423774846654706,0.14655984527027485,0.20098362011692966,-3.8106626756454136,1.1006563961075382,0.5982611489792053,-5.376852882308009,-2.4454596146354195
2021-11-02,0.2555124449886978,0.2565875813541156,-291.7622766356675,0.2264015471791283,0.2884139891707216,0.30078826380641344,0.30513694975927175,0.263794407809478,0.09430216347938224,0.0776736332663631,0.08396766891699219,-1492.6068533080881,133.5004093546871,88.83647321522228,0.00419893727694649,-0.014354116720742565,0.14559064997512122,0.13123653325437856,-2.7804202367862754,1.1095546061405899,0.7618932871948935,-2.2191258096866155,-2.23770275828524
2021-11-03,0.2393851639964213,0.3042095307991723,-402.35452873986026,0.2777403101764522,0.2436705732127331,0.30174535973091526,0.30914879151740504,0.26409326726858606,0.09235412086486719,0.07758108038327313,0.08397806098684779,-912.414959402268,126.00846844659964,90.23126465325961,0.2396428904422112,-0.024239204947660284,0.15752036108351805,0.13328115613585786,-3.3793457678051912,1.1075632100588115,0.45594060231493805,-4.548851022262522,-5.342169024511175
2021-11-04,0.3296366157688903,0.2959905871041197,-417.9584620643717,0.2813631097485332,0.350982737302747,0.30314191078687724,0.3049365181303239,0.2643639115846282,0.09085015527833284,0.07742081697174158,0.0839713674548347,-718.1731478259737,127.09350602855663,88.12541275749635,-0.10766322990243742,-0.005902569367675932,0.14277701074194177,0.13687444137426596,-2.6647087463084453,1.1177975021151512,0.5372667785337847,-3.2339131775168655,-4.964311700869085
2021-11-05,0.3668089719617056,0.3150616105401393,503.5421893083827,0.3460264816422795,0.3243795954449213,0.29309589755049265,0.30157537019607994,0.2641233466175543,0.08906387824338242,0.07743199527155939,0.08373838025318221,-556.6098608214782,137.08184475884497,92.73159418724029,-0.1520729914581471,-0.028520118131243225,0.13260375292475282,0.10408363479350977,-3.83289365947978,1.1126436891431335,0.5532633813442347,-4.5233985361690445,-2.9911415036434468
2021-11-08,0.2766499540100353,0.3050535904315334,-298.92931123979224,0.2764288928585503,0.2842917705267203,0.295380580045816,0.2944161951659663,0.2642191276853338,0.08213995619223256,0.07739745748285112,0.08377157379496902,-466.01145037377603,134.96575838187763,92.97812697624606,0.09773446440045581,0.003270230628045524,0.10821560812188331,0.11148583874992885,-4.845602624001713,1.1426522631937623,0.8876270053772558,-4.703554720766922,-4.472090303574978
2021-11-09,0.2856128446052346,0.2384425921143349,214.6207204642011,0.2710604978635738,0.2713412954673542,0.2917515821978599,0.27975358516168874,0.2643230180205974,0.061011019128739755,0.07724382029637174,0.08372322991382704,-393.94756748898635,137.1564512790537,94.27281981151303,-0.18050862613065574,0.04199353157957526,0.05673725437773445,0.0987307859573098,-8.177876419394563,1.5231897915470065,2.1612113792043406,-2.56890995073134,-4.009360831330194
2021-11-10,0.2716105256594097,0.3595786244086185,-549.4409450149574,0.3310390519679829,0.3073027897029483,0.3028254009197492,0.28660193169343917,0.2646514672695595,0.061939439345562584,0.07698719881728723,0.08393579354845722,-360.4463078675488,131.61086418012735,93.17852281850034,0.2805637089380915,0.05506214942983337,0.07968051292688906,0.13474266235672233,-3.7407513468031164,1.4215600218065954,2.116596422388265,-2.909095343747732,-2.893733717986029
2021-11-11,0.3808367517213495,0.3324324859619016,-377.3796103387964,0.3338598860099182,0.3788761389488022,0.3101137806913056,0.2896277712493448,0.26514682730415856,0.06265823289199354,0.07723639313486261,0.0839690479636055,-345.8806662055659,125.93345305628347,91.9667606491961,-0.13593402039365293,0.06834271351466921,0.08831281326449468,0.15665552677916403,-3.100731678000676,1.3863751275194915,2.0210570059428474,-2.364568014751919,-3.312036098788247
2021-11-12,0.2856986714042504,0.2579979937682841,-266.1225694153928,0.277854002299287,0.2403827665888402,0.2987010573369345,0.2948505581996733,0.26533612887281327,0.054546288304919546,0.07653783292344174,0.08389906344157635,-316.0001470186786,119.75455734386584,91.53739070907537,-0.10198585010881395,0.012974619401731726,0.1054712125360453,0.11844583193777702,-3.284181688058815,1.3719790638780092,2.0961013291812143,-2.286902405316295,-2.8635885497892337
2021-11-15,0.2447853640224178,0.2415129633046362,-275.4494746219608,0.2275615422399615,0.2622135224298545,0.285992931911555,0.2917027951945744,0.26534909715209043,0.05576496027522617,0.07671414095221307,0.08389511363711877,-304.1390876410532,118.71486814804861,90.5896996688534,-0.013458611428637248,-0.01976836233837983,0.09468915246817232,0.07492079012979244,-3.362400406641668,1.3286031591212015,2.1618511517808243,-2.3977805301516404,-2.7560757803925386
2021-11-16,0.2818167943457244,0.2888012244484974,-225.20801778462467,0.2928170409929662,0.2954243455179917,0.2960646583783876,0.2934159202729673,0.2651724526059744,0.05508531181941823,0.07478586030870325,0.08379861547580432,-287.42178068419577,106.24569316945578,90.6495753501392,0.024481452416416406,0.008986745374428416,0.10121074668087363,0.11019749205530209,-5.949438340332644,1.3859418005437993,1.175994456568221,-3.480135702288695,-2.9885852279554994
2021-11-17,0.2403292544213404,0.1902205528175979,-174.9296543211771,0.2444158428782845,0.2032983772401584,0.26219304406018346,0.2947900138121645,0.2644320446606029,0.05190498434432791,0.07565872358826306,0.08363905708608968,-262.4688536955579,102.91679714389042,90.8372397373417,-0.23382567332700763,-0.11718224345117975,0.10867898700047575,-0.008503256450704018,-3.191322293048692,1.2734356177543107,1.2180523781132842,-2.970212481472615,-1.7757400386692161
2021-11-18,0.244398951062764,0.3106471316230639,-178.75027648725256,0.2619598430561156,0.2850592048095741,0.25783597319241586,0.3000042938750311,0.26460376542287256,0.047614956609223366,0.07454784957601086,0.08368988335472316,-248.90886812717235,94.90448567826961,90.69268310786896,0.23985570759773372,-0.1514731675518985,0.12556330526784043,-0.025909862284058085,-3.767950291556508,1.2632159074458431,1.160548661318452,-3.8237416896512686,-3.8265173542781876
2021-11-19,0.2986752811225339,0.2869290168409204,-26.57634608978765,0.2674925588634154,0.3162520953672616,0.2636221778069431,0.29872133061915157,0.2643685748536453,0.04760372828398893,0.07369667926535749,0.08354348149364048,-224.33669964081187,95.51901248859892,91.7912740739746,-0.04012210984649567,-0.12499420077613117,0.1221668878349591,-0.0028273129411719826,-3.020854480077776,1.2737355937256631,1.201365187185988,-2.336054351673646,-3.542840796891883
2021-11-22,0.2925615240018029,0.2913658466804381,417.8965274500424,0.2790646558486251,0.3042278966131055,0.2735927544821036,0.2942737998824421,0.2644076446875242,0.0435629678351641,0.07361391586991291,0.08355385479979195,-196.8343819309711,99.3221607152697,94.52281600985478,-0.00409530038324606,-0.07286992283069542,0.10701860517120997,0.03414868234051452,-3.6823710492252943,1.2680199238479861,1.176606559147133,-3.9486203456187563,-2.9986789432078633
2021-11-23,0.3177651280027365,0.3634876247634904,-324.8926146591922,0.367099482048121,0.3268794697521828,0.2885300345451022,0.29428363473194075,0.2644805967127127,0.043579388442479224,0.07301355467720909,0.08363264729147717,-189.6390347575922,87.42664765542948,94.13215934749341,0.13443273302592545,-0.019744859853400035,0.10677615601502205,0.08703129616162208,-3.2133905889206664,1.2706997277913368,0.3294544303234534,-2.5696987148322936,-2.594457260780697
2021-11-24,0.3463696455171892,0.2397429767875216,-71.07268626788147,0.3089946367548188,0.2534914790529075,0.2984345193390868,0.29129958101248365,0.2642225257205892,0.04522124954578564,0.07318983558266828,0.08360894210166156,-169.8899972937723,88.78799120180958,94.51734427730094,-0.36793912499943815,0.024198317442748852,0.09756057706553338,0.12175889450828221,-2.8913153643183036,1.2669561954664768,0.3925812109449177,-2.963790489706365,-3.005329702491907
2021-11-26,0.1426804802205681,0.2050833813699664,208.4458998251833,0.1550332594712715,0.1995486797530148,0.2773217692884674,0.28710335848976654,0.2636082132336574,0.04916678494590246,0.07237856677951891,0.08347636843358373,-138.40244406459811,84.2776973504155,94.49884039633402,0.3628089086303591,-0.0346638310309998,0.08537832495207404,0.05071449392107423,-3.1119196266499927,1.2765828045998495,0.302784511594676,-1.8426050108601029,-2.248440240760418
2021-11-29,0.3015388511068488,0.2956965469079855,-161.12467417972573,0.2785797228311981,0.3199460578541648,0.2790752753018804,0.28362360199906267,0.2630849954994947,0.045681009396926736,0.07234091307695302,0.08285892801448502,-129.57580324858185,94.93155276718316,95.15243249208761,-0.019565118154761977,-0.016166464660703997,0.07517085726936946,0.05900439260866554,-3.185287892644263,1.283471846454894,0.28926681604492893,-2.8832330371363453,-4.736700146578564
2021-11-30,0.1571194119697669,0.1570631795938348,-20.38969512466406,0.1545626718585908,0.1626750768389744,0.2522147418845598,0.2767952520810086,0.2610860622314966,0.053623060375120025,0.07405259313665385,0.07927299767101839,-135.89179029686403,93.18368437597321,94.78979839045269,-0.0003579598490970807,-0.09299719573685741,0.05842797738901882,-0.03456921834783859,-4.8143609097621445,1.3054173203457138,0.7768102378979738,-3.0361334862792493,-2.007659316479598
2021-12-01,0.1126101233303509,0.0817527245600446,-197.68727045711893,0.1000955658067868,0.0553287683636831,0.19586776184387059,0.26805350924130505,0.26028193480475004,0.0691063618458916,0.07764497869419687,0.08006763699058808,-131.1880399879366,84.42989855555022,-97.14318713842427,-0.32023247973364416,-0.3137468748708573,0.02942121377881309,-0.2843256610920441,-3.1062885428348443,1.2940074462584301,0.7861537910084595,-1.5420418108154945,-1.2667887203876802
2021-12-02,0.1747569510743076,0.1538283955082371,-247.14542699235864,0.1668294231805362,0.1746511349024979,0.17868484558801367,0.26053445247675827,0.2597251329839275,0.07303477546736516,0.07667766343350545,0.08032259969155324,-123.42758490056151,73.3444113017873,-39.78526485757853,-0.1275584913504582,-0.37711149271671324,0.0031112166629001054,-0.3740002760538132,-4.850851858101467,1.3096040955931934,0.9307033178175582,-5.733793096503159,-2.454401717257826
2021-12-03,0.165998057358776,0.1966443387976055,23776.86097935505,0.167996354757975,0.1988938372716746,0.1769970370735415,0.25556714006143255,0.2593113402466397,0.07387001934920726,0.07674904883848362,0.08038024941685468,1086.3133871704097,475.270448895625,93.58565876108052,0.16942062461877272,-0.3673521614925753,-0.014544271438349734,-0.38189643293092507,-3.477080570446022,1.2819148555212834,0.874493082523057,-2.1637660799278065,-4.774886416102728
2021-12-06,0.1925401676682465,0.1622566664836062,-8091.211541707683,0.2061207122636132,0.1300810193181898,0.15030906098866564,0.24792689285860595,0.2584736840017052,0.07528143698281844,0.07804678116581117,0.0802957560215484,656.5757006196063,342.3587188195683,78.58083719152953,-0.17112535270586077,-0.5004403348854689,-0.041659970218568286,-0.5421003051040372,-2.576499799436561,1.3172395020693866,1.0258610631805354,-4.776163631757206,-2.014104236472377
2021-12-07,0.1806403561439609,0.1712601125085759,-4317.4506529488,0.2247449988167642,0.1712295590522154,0.15314844757161386,0.24123721896245803,0.257830274130353,0.0758800650704012,0.0788713377877827,0.0803477563648882,455.64963353415595,278.6365225233524,72.01054001010478,-0.05332454542309782,-0.4543730638471903,-0.06652075581223885,-0.5208938196594293,-2.927785072985452,1.3120864791682878,0.8799946249752091,-3.673627310108547,-4.254729329624178
2021-12-08,0.1567369208426532,0.0514605727500807,-1815.6502784665831,0.1226414132075284,0.0145258979444582,0.1470900172096211,0.23188811799424536,0.2567217061558133,0.08695345184177529,0.0839855521111604,0.08127392404833085,354.1360835876168,251.2806376459808,71.1661116537454,-1.1137527996343397,-0.45521024398969995,-0.10173763743728191,-0.5569478814269818,-2.224555037688061,0.8558225948784078,1.0266191140486844,-2.2000637604030153,-3.4968666161901045
2021-12-09,0.0824804607639628,0.1457260429282683,-1193.7484455849751,0.1331670428629747,0.1776260828901752,0.14546954669362733,0.2211954889202278,0.25569803962224796,0.08350529273418732,0.08550291841477564,0.08105264311912275,321.9207085591159,234.7472956393671,70.84305240945234,0.5691670146655236,-0.41908011214007557,-0.1449503397873621,-0.5640304519274376,-3.1131869625100417,0.8570300695040769,0.4831088204270898,-3.6677416565815184,-4.815600817502391
2021-12-10,0.15791179145896,0.218956350778944,-582.6237323265634,0.1887884403589574,0.1542954968924785,0.149931949089895,0.21552168216107992,0.25455849665106817,0.07929858528763539,0.08572786273457637,0.07953840346549372,311.6585024597275,223.46647811740868,71.71023025468074,0.3268358032153689,-0.36287999933748705,-0.16646914113674538,-0.5293491404742325,-3.3670005130689202,0.8535009233714161,0.4495151373683564,-1.7867971338325186,-3.802630091666305
2021-12-13,0.2795210918706194,0.1580002600268142,-751.0445393358166,0.2483744272692516,0.2086618099743762,0.14908066779853663,0.21052179547400646,0.2536548592966663,0.07963123777523749,0.08689931402526493,0.07934598868537708,287.41240396370637,215.77570530305118,71.15177348890269,-0.5704810738475025,-0.34510163514128517,-0.18638533210994468,-0.5314869672512298,-3.226086325789973,0.854214669501186,0.4475342366427098,-4.400254387494788,-5.459330029437034
2021-12-14,0.1294589205047769,0.1571095309856689,-71.8031617931158,0.1052534753830389,0.1493893519625202,0.14625055149395522,0.2063016238580581,0.2526096512223923,0.0801373055605573,0.08619659497844424,0.07888667619643502,297.59471960514855,216.77652692111562,74.6894842031574,0.19357959705763814,-0.34401803438551853,-0.20250612532853235,-0.5465241597140509,-3.1204822993843853,0.8572724046114429,0.45108757443502,-2.783094599520968,-4.257999558712121
2021-12-15,0.1126314779153934,0.1083214415050672,-362.8204757490423,0.0944891046001319,0.0715730188971686,0.15762272524495252,0.19727763471088658,0.25160814926930825,0.08051905676408935,0.08686547259064227,0.0791234011024041,290.7140967069277,212.7599399711909,75.78348025654418,-0.0390181149222675,-0.2244076870960747,-0.24326086424301765,-0.4676685513390925,-3.775916182568331,0.6302326593819216,0.2745295562754786,-3.0021766234080824,-2.8671478940334696
2021-12-16,0.0994000669445767,0.1123330688815356,-360.5943605595786,0.1654348741674791,0.1353877529263174,0.15094413043560598,0.19338326051408344,0.25081534361535307,0.08273149511420029,0.08844326965558082,0.07952256475464503,281.4308613950076,207.21250902740437,75.72473523584326,0.12231550036218612,-0.24776425433755506,-0.2600429600055656,-0.5078072143431206,-3.5049884215529397,0.6304444973903457,0.255829295744582,-3.1060726770931684,-3.3994097590100596
2021-12-17,0.1236770922610959,0.2037599214847651,-441.1606043408522,0.1661064841955153,0.1771553985088387,0.1479048445767702,0.18803890000716852,0.25048556932190863,0.0780792853564373,0.08870472975428007,0.07954616354929135,268.3103450023276,201.8846645348852,76.4665631816614,0.49926837095517,-0.24007973141836345,-0.28675245501041846,-0.5268321864287819,-4.505423108033364,0.676210670339451,0.5536201499130713,-2.3492734277684035,-4.186694793583375
2021-12-20,0.1911460589209377,0.0806620713156363,-240.3774844887489,0.1291694433948493,0.0759485010301248,0.1324372068345346,0.17772555273090432,0.24934983401950495,0.077952194096702,0.09145748593227594,0.07993639091808677,257.62028808237955,201.1621075023174,76.1447067824225,-0.8627693734956629,-0.2941318994329787,-0.33861634449389383,-0.6327482439268726,-2.9333033066234737,0.6789683774390187,0.6182785908970028,-3.452353920162293,-2.5595674128965014
2021-12-21,0.0928642278750278,0.211247874508325,136.07323291803516,0.1425059067339202,0.1416036553342055,0.14326487553906583,0.17371965412229867,0.2487828948516896,0.07375030130196149,0.09151981091252182,0.07970070676403003,243.5291233557792,201.15652733595022,77.56711969306633,0.8218936935713478,-0.1927476232496743,-0.3591377912476521,-0.5518854144973263,-7.010617363082426,1.0586078845003233,1.5932364378940342,-4.894459813389573,-2.9162125914469863
2021-12-22,0.2416465477170057,0.2056475724525168,-567.444221417569,0.1959725566396462,0.2340404414448524,0.16273010172855576,0.16582765150675,0.24883397935281093,0.05942924456529008,0.09169883437748773,0.07966881585595345,231.40154301786038,192.3107331604111,76.65519324685815,-0.16131222155495387,-0.01885599426331866,-0.4058369194285268,-0.42469291369184553,-3.268384270803565,1.057767331112878,1.6536627668182138,-2.079557539312257,-2.32968776523513
2021-12-23,0.2359756046807524,0.2406822045367649,-103.41060904736554,0.2531391311179112,0.2638150575922715,0.1883999288596016,0.16587461289421215,0.24878832033000878,0.05949106601346163,0.09169612290135881,0.07967020924273148,229.78464687888618,188.84823413098962,78.48394538573652,0.019748980242053907,0.12733482560947562,-0.40537025682214917,-0.2780354312126736,-4.539763934466172,1.0679515441073566,1.6019101043891262,-3.5255935978127617,-2.0530011059671387
2021-12-27,0.2173366386966844,0.1617093173477695,-229.73635931294632,0.1862120818240327,0.1660680066943425,0.1799898080322025,0.1637059096931023,0.24870058632696584,0.05877275974062559,0.09239911132807727,0.07975426893539077,207.8755339219797,181.5173408271938,79.10340486093774,-0.2956470957486164,0.09482864276633023,-0.41817812389632064,-0.32334948112999035,-3.9048450720559345,1.062331871454841,1.6192781661476745,-3.1249699236756334,-3.168881525555908
2021-12-28,0.1537954440117892,0.289406213858661,-274.7905353585022,0.2411038943986314,0.2208821567625061,0.22173863654080744,0.16339139304063607,0.2487438437985902,0.05804153150228595,0.09252112362809886,0.0797734770582739,202.19224086304087,172.5039630481322,78.02702096024291,0.6322078516669783,0.305350868547145,-0.4202751203154148,-0.11492425176826973,-3.9009971325774293,1.0571284853822454,1.4604422637268226,-3.0215833658240236,-1.5666459753189854
2021-12-29,0.2571396009573408,0.2400194316326591,-209.60795397512956,0.2582653174831995,0.2845012018239168,0.22749294796567426,0.1675392056425773,0.24870329271002503,0.060478483006638994,0.09244618404254883,0.07977533235746599,192.7313279205176,-660.2424127082446,78.19992899378211,-0.06889924660452111,0.30590185254317853,-0.395043202993885,-0.08914135045070642,-3.6406271739794334,1.0245192601906996,0.46462149838835637,-2.547078510829606,-3.5483679796878027
2021-12-30,0.2764592109443731,0.2992005693206092,-174.6161175042609,0.2661751142475754,0.2800840656047243,0.24620354733929273,0.1784115978806055,0.24881161229031212,0.06370429520278455,0.09266403595439364,0.07982562515555652,193.88488556816048,-476.6366692426222,77.96740904784754,0.07905085801619476,0.322065393436536,-0.33260280439411155,-0.010537410957575653,-4.27522266358456,1.0252875040587133,0.3540570681776836,-4.625949032512529,-2.3692271918409675
2021-12-31,0.2664337543887498,0.2406660966893694,238.72796833260327,0.2397644361723463,0.2239305425450712,0.24620032576981363,0.18275348293966215,0.2481591048872931,0.06488887536806587,0.09260797797581057,0.07921809585819077,218.17855533440857,-272.5546629894744,76.96494398200103,-0.10171515440803258,0.2980073799996067,-0.30593193548174763,-0.007924555482140971,-4.145602470249959,0.9955806601340298,0.24567778733541318,-7.343682084201366,-11.036203988852678
2022-01-03,0.1939814614508157,0.1932874141076848,-407.3916660934448,0.1895318678874664,0.2321119766903003,0.2525159451217967,0.1825856367051661,0.24751735376085077,0.06485538616042257,0.09131562915393783,0.079009046122473,-991.0340769380161,-207.63127919786083,77.58408606809616,-0.0035843215398409125,0.32425509053588303,-0.30426139057324414,0.01999369996263873,-3.1563680642632836,1.001449573023309,0.4450607584104836,-2.245135811116021,-3.455291539231226
2022-01-04,0.2035474282904679,0.1933695089479923,128.43292242239352,0.1756195612744528,0.2243282726482491,0.23330860413966295,0.1841412788283854,0.24705442865092148,0.06471509446810647,0.08984136077861783,0.07898581052810782,-580.0518537315124,-160.02867131112882,78.36163848460833,-0.051296127963427564,0.23665877579447875,-0.2939053885574193,-0.05724661276294062,-3.021897386578372,0.9809253050487781,0.5645301749052297,-3.051317126860789,-2.343024817769225
2022-01-05,0.224828414707364,0.2579043792486457,636.3973048592474,0.2620187776949825,0.2267250638090199,0.23688559366286027,0.1884734921653889,0.24709663831889608,0.06667775399487,0.08579657153387886,0.07898878969361989,-332.35945584111,-114.24042422691079,83.64435131810728,0.13725138318112284,0.22861992554181232,-0.2708221364828502,-0.042202210941037877,-3.3440504077853697,0.9685035555106759,0.5808363003933904,-2.7392782843905974,-4.023795835211057
2022-01-06,0.2942133262084629,0.2291632191149695,-851.4223781761734,0.2651508585241604,0.2609994405386286,0.22287812362173232,0.19735862448363334,0.24742790322402436,0.05883819782584819,0.0768710738075624,0.07873782631137725,-284.14806082658953,-107.98651490932048,81.64629980022006,-0.24987060666975427,0.1216025885969289,-0.22609673685115564,-0.1044941482542267,-5.484305319839284,0.9815196174735945,1.0221652075851722,-3.3299830946712756,-2.658726604866683
2022-01-07,0.1975388687062742,0.2651238006131695,202.7525363377846,0.24399863893606,0.2350896602866599,0.22776966440649232,0.20332851236787838,0.2473631060748221,0.05937842126886178,0.07693834581179743,0.07871648300160967,-214.32301173045153,-84.2828703462956,83.96131941025607,0.29426152046650245,0.11351191593102773,-0.1960343636683771,-0.08252244773734944,-4.720695673766864,0.9827945459474555,1.0961709207256314,-4.930980472706813,-3.710810023783362
2022-01-10,0.3285741613352377,0.4714449983213211,-518.7598969378071,0.4486095676949939,0.344453876962858,0.2834011812492196,0.2159529447449972,0.24819584943985376,0.08443148458178429,0.08257673389666348,0.07997644065641686,-211.1298199610137,-81.78399456895146,82.96734651283123,0.3610398727816165,0.2718029598330844,-0.13915761443809863,0.13264534539498576,-2.2618684729969862,1.045886574895621,1.3094041796271985,-1.417653853300715,-1.2795674762007587
2022-01-11,0.4387578423391458,0.2785382256285511,-236.022432753416,0.3562127332647318,0.3726002147160372,0.3004349245853314,0.2219798430250841,0.24813964500815888,0.08437908503784558,0.08192328900201945,0.07995005023428915,-185.37871463189367,-71.32215256228943,83.19786996901841,-0.45439234355016245,0.30264459283736206,-0.11140509183693129,0.19123950100043074,-4.111237561773636,1.0351167968280934,1.2434928137687629,-4.311424657343913,-2.4631210876829654
2022-01-12,0.2136818354778142,0.2487082379856344,-338.556814208942,0.197409037646735,0.2616570376983547,0.29859569633272914,0.2265597783750824,0.24812185653240867,0.08314967588680335,0.08152313378035322,0.07994942451044705,-198.716397252685,-68.42025509619732,82.69704040588994,0.15179231584051125,0.27608163989629086,-0.09091115018663636,0.18517048970965447,-2.7450046832925317,1.0538329371854636,1.3453082575178155,-1.5017646517234475,-4.688971310845199
2022-01-13,0.2299481090728643,0.2621228000002382,-148.17810703574642,0.2416592248726488,0.2350683627481049,0.3051876125097829,0.23424984629984094,0.24830187409306773,0.07862810020968622,0.08154953444293359,0.07993000001102193,-187.9842788170202,-61.56398759809687,82.95385476365917,0.13095942550333467,0.26453844549868,-0.058256975201213965,0.20628147029746605,-5.022071115876537,1.0817972799431732,1.2158330328291882,-4.1095337991345895,-3.41247328988128
2022-01-14,0.2864444006542173,0.2812002035697438,-203.39357146356,0.2685089936807809,0.2815583815635993,0.3084028931010977,0.24269320303425132,0.24825117136428582,0.073763496421412,0.08103913321242906,0.07990499095724604,-180.12423936221927,-53.72074388759065,82.89138113554596,-0.018477569419307036,0.2396089159343568,-0.02264291468762051,0.2169660012467363,-4.339014051844691,1.078802077840481,1.1516812827083618,-3.4267624330052002,-4.130402736985616
2022-01-18,0.2732965105966425,0.2009648582347796,-64.14725611792466,0.2423022318721619,0.241223323757024,0.2543068650837894,0.24255344987175204,0.24799405497168098,0.07384374627353177,0.08108417169411998,0.07995349554073164,-161.2735719510729,-47.29069835863998,82.82145178675273,-0.3074272670647594,0.0473195701348862,-0.02218267605657579,0.025136894078310334,-6.83180575375771,1.2466472965801438,1.4921987256155296,-2.7942955517665236,-1.3075566026643417
2022-01-19,0.1661712454233965,0.1440081528422934,-87.28090817934509,0.1495377011685525,0.1579794994835954,0.22740085052653786,0.24572075394808487,0.24827076920011143,0.06763166465809317,0.08157003595250761,0.07947002658056057,-153.6187431356027,-40.11171823134579,82.41756016799326,-0.14314894062645078,-0.0774814230813485,-0.01032421725025201,-0.08780564033160056,-4.774559922567852,1.2211233539725457,1.466046966367724,-1.986373504673196,-2.0059675154437433
2022-01-20,0.1124495245885643,0.1098309853881667,240.1648755747376,0.1225818981915374,0.1021109999410079,0.19962540000704435,0.240649909492077,0.2478170999342832,0.0738669428722419,0.08119795242805462,0.079935812401627,-148.41416100276757,-33.90647319265393,84.2836561699981,-0.02356176293798049,-0.18690060932579872,-0.02934775416159024,-0.216248363487389,-3.8887509989561364,1.0310308611573558,1.126328534016279,-2.3954257233346192,-1.9741648108300913
2022-01-21,0.1335916071113065,0.110699222816033,-187.73329065930815,0.1292927026079464,0.1120713409455369,0.1693406845702033,0.23590249201025282,0.2482084985742614,0.07910068123032875,0.08104566701783997,0.07901494603362405,-129.42861446485455,-29.222035401529574,84.56466423704934,-0.18797061904816226,-0.3315059794152902,-0.050850562815817464,-0.38235654223110754,-4.061604708636677,1.0137296834856444,1.1952842748985644,-3.4019297489898377,-1.8876742223342404
2022-01-24,0.1081015382035612,0.1616031460731375,139.5903004280708,0.1447428415718024,0.1508870412185974,0.14542127307088204,0.23194853908707147,0.2484544890666226,0.0808072136994203,0.08105553777347883,0.07864688839116968,-117.27856899108274,-19.127973135323728,85.73988896130314,0.4020726601777815,-0.466880671156935,-0.06874415339296797,-0.5356248245499029,-5.092246789069164,1.0334357792562376,1.1732071870054188,-2.9609027127026204,-2.123627040639446
2022-01-25,0.1917591261020037,0.1194497784891392,-83.362361051003,0.1525012575301669,0.09114654706707,0.12911825712175395,0.22983556214413992,0.24826788801671956,0.08325592735836088,0.08190435809261304,0.07889801219088907,-109.95986907798556,-13.49559307353544,86.04360776558737,-0.4733440135203009,-0.5766353997243163,-0.07714425076427837,-0.6537796504885947,-2.7910833306080836,1.0756994001260067,0.8939525347206831,-4.738638075131153,-2.5069672482969367
2022-01-26,0.1124547873755381,0.0615739759394844,49.48617815821035,0.0967878598987992,0.1043725636961445,0.11263142174119216,0.2184439502481811,0.24763697098525878,0.08999045615489727,0.08258770054643375,0.07975654061957,-93.74603340214993,-7.043198595897754,86.54929156804238,-0.6023119381101846,-0.6624087279326051,-0.12543438602635182,-0.7878431139589569,-4.881621718052225,1.0893514489873326,0.91454605118979,-2.3022934341940777,-2.4957551598213064
2022-01-27,0.0200905132508975,0.1474888160970637,-195.0867487650245,0.1092567788863121,0.0888004511575575,0.12016298788297156,0.21381741947140132,0.24702328441538768,0.09119337340457666,0.08258896940085104,0.07993503317832566,-93.01997314164467,-12.060145172664482,86.33627533503987,1.9935046237531349,-0.5762734172394899,-0.14436013025672081,-0.7206335474962108,-3.8894630199662013,1.0848861002029322,0.9144966068436138,-3.5741575395187266,-3.279214359406427
2022-01-28,0.027685676027513,0.0631582775531001,-111.95642749939464,0.0310616250459507,0.0540128811369529,0.11065479883038498,0.20201530488302585,0.24633992890701562,0.0947657756053168,0.08485622003055832,0.08077269136161262,-89.88698864140136,-9.063381020393267,86.50828901136559,0.8247287493234778,-0.6019280262653613,-0.19836894563759655,-0.8002969719029579,-3.7743826123392212,1.0874246486446637,0.9297966970008938,-6.447611591079911,-3.0461639337195163
2022-01-31,0.0519179166319139,-0.0755979534556732,4.839435409191708,0.0071044433340117,-0.0252566862984862,0.06321457892462284,0.18620210237577375,0.24515155669570643,0.11267199304617109,0.09203904529732976,0.08328608380643125,-101.58141528757194,-2.276814951242401,86.0312689150909,,-1.0802977019964413,-0.2750439623153988,-1.35534166431184,-3.4307972791039107,1.0981250670420286,0.7618995215924945,-1.500194482068884,-1.4388469764190124
2022-02-01,-0.0260013671594823,0.0403813348982291,-246.07209076435709,-0.0104129629977083,0.0013417315971357,0.047400890206440824,0.17855679841530095,0.2444909498779342,0.11726018381436021,0.0938805805301354,0.08425097531815105,-93.51543652111755,0.5879579037578424,-43.63095213879834,,-1.3262657397590905,-0.31427154440532123,-1.6405372841644117,-4.443502578200093,1.0786189664387036,0.5757221239302946,-3.782006541784579,-2.5374414270324523
2022-02-02,0.1099368723991438,0.0936676656913806,-80.64460640770113,0.0881782847535781,0.1088726104625066,0.053819628156820065,0.17357170625247037,0.24400277216645821,0.11870768809386778,0.09385500684384669,0.08477038072898287,-103.9693129626223,-9.148488691510222,-13.902338494023862,-0.160153267422536,-1.1709525702664978,-0.34058878004007875,-1.5115413503065767,-3.8778957366302804,1.0482429987671538,0.36418257274279353,-1.7762860869747112,-3.4390958491085453
2022-02-03,0.1293899992139349,0.1088683087474473,25935.493023320687,0.1077895248418299,0.1419112359647107,0.04609552668689678,0.16611990272741045,0.24347853671027272,0.11780955448647218,0.09361676906018687,0.08519984425422625,1160.9854729604497,428.09188355116447,118.08470427029445,-0.17269211808625173,-1.2819939229032093,-0.3823189605044208,-1.6643128834076304,-3.377821407473087,1.0468377339954062,0.42823389952823265,-2.681111714582328,-3.2539718651023297
2022-02-04,0.0722155892569946,0.1124938439631395,-8764.006960121667,0.1175226672493212,0.0575431487386013,0.05596263996890466,0.16028643396981895,0.24321779013968356,0.11741143105835615,0.09411918977945335,0.08550123794680861,765.3562438631749,278.4480888747333,95.07806996116705,0.4432425595407966,-1.0522781023414924,-0.41699487063704127,-1.4692729729785334,-2.813752133190662,1.0433671056073823,0.6091528653837323,-3.972506916457617,-3.0091100298421978
2022-02-07,0.1292608436304374,0.058816774346019,-4566.926812624106,0.0935180947908458,0.0776374608616667,0.08284558552924311,0.14997108265646142,0.24247685864518081,0.11677700919303846,0.09329268215282586,0.08629292503090959,526.8722764150805,211.4899910812475,86.37994978317639,-0.7874053142157909,-0.5934640334567822,-0.48046378433557124,-1.0739278177923535,-4.1426549039864335,1.0319423743753244,0.6451311359285993,-2.9947021163196403,-2.006825275038912
2022-02-08,0.0375006312440993,0.0031630657502503,-1958.4974547572303,0.0396585145869163,-0.0116339764107733,0.07540193169964735,0.12655698602790788,0.24166188900590663,0.09356766327433305,0.09453801419966014,0.08758267426417113,454.88539852410923,185.13802700760692,81.6154887349298,-2.472816034596762,-0.5178597951204218,-0.6468469071955321,-1.1647067023159539,-2.9702109118332216,0.9789477064785208,0.5705629973720182,-2.213377329543248,-3.2909555321277204
2022-02-09,0.0127128521726236,-0.128831939461707,-1284.5249445619877,0.0022195588638576,-0.0889346383877742,0.030902010669029818,0.10618847777339498,0.2399921369642902,0.10264166797873199,0.10240815368513582,0.0906109425763593,402.4602729336807,168.16465408849703,81.198239617637,,-1.234394355397485,-0.815390552777142,-2.049784908174627,-2.395202731176195,1.047310507768605,0.6617901535656637,-1.6731836076333584,-1.5028299519702815
2022-02-10,-0.0854376007953505,-0.0175911494479343,-806.9022860829498,-0.0924168082601406,-0.0474917446375622,0.005610119029953497,0.09287350840171654,0.2391273309026199,0.10042925605943794,0.10517713906684532,0.09202813241552994,379.04299933998027,159.30710723081387,81.6230853451259,-1.5803903909538772,-2.806666505861307,-0.9457577327140612,-3.752424238575368,-3.1027594301181156,1.0280356354807383,0.6483674633475209,-3.875005910854803,-2.067833510756059
2022-02-11,0.0213751668258703,0.1872172724240361,-1031.969774533473,0.1247139475629994,0.0853327381352242,0.020554804722132818,0.08912823202290644,0.23867093355942626,0.09503726559414112,0.10413061624848327,0.09200140092221004,334.8534159650939,145.86107795166643,80.58876215891961,2.1700400074981028,-1.4669814219649677,-0.9850096141664458,-2.4519910361314134,-3.2344664945166177,1.0116235628534622,0.6314580042508936,-1.151857343704834,-2.5939616020015515
2022-02-14,0.0950802348177197,0.0776790236617368,-502.3137635237905,0.0590305963645256,0.1064508667067678,0.024327254585276382,0.0789521730275061,0.2380399758775606,0.08359613242289755,0.10483648295325403,0.09256298137218993,319.90740636208244,140.40467613162284,80.88196843324219,-0.2021358569918011,-1.1772449547122865,-1.103596361018413,-2.2808413157306995,-3.0487054973437897,1.0236067312476371,0.32488749353046537,-2.351038496222263,-3.9705927450643403
2022-02-15,0.0075556953362552,0.0031498016009008,-463.5334248825469,0.0185211511550358,0.0206492469180812,0.024324601755406478,0.06906142019581216,0.23711869372013503,0.08002641606505226,0.10544200155381378,0.09374726334558017,299.93809792385133,135.6582903250346,81.18407218647613,-0.8749621610425146,-1.0435080003009927,-1.2335645767364158,-2.277072577037408,-6.152527707084164,0.9257440182521606,1.4706157350976028,-1.6924528993310561,-11.230445699871455
2022-02-16,0.0250313568416595,-0.0828617289384348,-460.2760310143297,-0.0076101630133305,-0.0746766064480648,0.03351864386006091,0.05771792610677573,0.2359867353162065,0.08478159291337123,0.10903271717635617,0.09587993693484864,281.28834178210207,128.4299622429589,79.97272889077658,,-0.5434659858640872,-1.408207794134594,-1.9516737799986812,-2.70207145793814,0.9277534627760005,1.4137619076467123,-1.8292074583603835,-3.07976168959493
2022-02-17,-0.0294204219799865,0.034584056333319,-465.9006950257048,-0.0329740429444971,-0.0209358663352796,0.04395368501631158,0.05395557965403336,0.23502266637298957,0.08401339223069502,0.10884387817209282,0.09668831601724734,245.98506325208,113.7000085350298,80.27045273833829,,-0.20502464277847687,-1.4715208530992423,-1.676545495877719,-4.4196722949874765,0.9408342726064904,1.4094281095879788,-3.4598570656381713,-2.95314788196813
2022-02-18,-0.0156851188489723,-0.0660916721476674,-182.20638592041928,-0.0302049786998686,-0.0219181249780202,-0.006708103898029119,0.04511603490584833,0.23375003649317289,0.08697716034345322,0.10909981998538865,0.09853919903644819,246.2614084890244,116.07811234734267,81.21063956832594,1.4383303313799858,,-1.645014599820824,,-4.793084908791668,0.9682178266305638,1.3945380015231004,-4.0881603167027,-1.3731454104317475
2022-02-22,-0.0871379578282112,0.0289645560746705,-386.1704552706143,-0.0040057646630735,-0.0174529154450127,-0.01645099741544238,0.038484105405924986,0.23336246365170618,0.08257292643772185,0.10951941385070055,0.0991538956539629,219.97337070409017,110.82648286396378,79.62439483910948,,,-1.8023475733547343,,-4.308988033149117,0.9267314011492404,1.2338125464479959,-5.181512540978994,-3.021779217302064
2022-02-23,0.1495450618769185,0.1553020486441587,-146.08128114948448,0.1353965539337731,0.1839797491782451,0.0139794519932092,0.040276718913675964,0.23299150524192158,0.08478275575974936,0.1092481097652696,0.09927216671781833,216.8374246991661,104.917696514386,79.93710130938693,0.03777415694412949,-1.0581850708770872,-1.7552283871387289,-2.813413458015816,-3.024477584733008,0.9157227775074579,0.9251800226622228,-1.5078126204836577,-1.8828736341431649
2022-02-24,0.07337245858495,0.0546691238241003,-265.8710123339667,0.0326651492997456,0.0711330999337422,0.04148562254571622,0.039931476307906756,0.2322511479804219,0.08470549044631809,0.10802274570223479,0.0999096349987124,201.06956517455723,103.17192421181531,80.47723442929257,-0.2942495554203904,0.03818202973825747,-1.760654427755807,-1.7224723980175494,-3.257929835433219,0.8804036218979375,0.7738253982401953,-3.6610865694328316,-1.9839070033182464
2022-02-25,0.0947097306379687,0.1167649918003874,-64.7112033441511,0.129728718132374,0.1247526925791135,0.05792180963912989,0.03839528509307294,0.2315187343625247,0.08291180863604947,0.1080438561260333,0.10008295171562338,207.5883424456009,102.4332324081572,81.35179585650782,0.20934655056812257,0.41115932333834665,-1.7967261282034424,-1.3855668048650955,-5.303123788256899,0.9536628473911605,0.9785628624432399,-3.2561349851867147,-2.4988319324440775
2022-02-28,0.1179472377199752,0.0784901394091877,-214.07059974270828,0.0764205552390877,0.0834857440789678,0.08683817195050092,0.03916187818587732,0.23053300174285593,0.08322310865263997,0.10807444207700027,0.10037246159585068,202.4826338334352,102.16017692006403,81.33128975864796,-0.4072643822267395,0.7963425156533698,-1.7726902484197269,-0.9763477327663571,-4.952575534274321,0.9922424888813245,1.007447710879276,-3.737187080149951,-1.9339097616997496
2022-03-01,0.1065374610868827,0.1400766820769745,-210.30437217694669,0.1346675044318415,0.1413990872549195,0.10906059715096172,0.049945609962509706,0.22921328502906105,0.08152617652849396,0.1080589039255682,0.09937521313212017,191.7254434541283,102.7741945003209,80.65738467606354,0.27369333118613093,0.780969052324429,-1.5237183331721105,-0.7427492808476815,-5.0009449738135,1.0241287195656055,1.0765684687040304,-3.758800315625308,-2.1972154433571984
2022-03-02,0.1065431034447534,0.1255890195193481,-6.680465263133726,0.1502748711024955,0.1262757162218113,0.1031179913259996,0.05420599419356566,0.22841755695392787,0.08320907854811527,0.10781259425543864,0.09940544008398729,203.69502472918947,-293.6181629099821,81.37172196730035,0.16446519555305802,0.6430823831381011,-1.4383838478452249,-0.7953014647071238,-3.72973666255902,1.0153482017832285,0.8977397742401371,-3.055506055096783,-3.516169638299214
2022-03-03,0.1890978754616372,0.1548743629458644,-284.588120525829,0.1862053379481794,0.1787311895150751,0.12315903915035242,0.057266329056289846,0.2280360548044349,0.08582137148388021,0.10778917429505325,0.0995042834187304,193.4978490232831,-163.50777255695127,79.68861034629414,-0.19965051400507172,0.7657636959321279,-1.3817909261031158,-0.616027230170988,-4.896305088187727,1.0430140047266259,0.6059656531606546,-4.213284808538468,-2.3005348050539194
2022-03-04,0.1826655642040089,0.1871278048298488,238.23205177872583,0.1363597665390457,0.2067853949910394,0.1372316017562447,0.061179303860409914,0.2275249148299241,0.08998124348697863,0.10789076472858389,0.09938435192660425,-1091.365199553815,-87.57972747815916,80.30672166915286,0.02413486881594617,0.8078610621597845,-1.313450788020887,-0.5055897258611024,-2.653198041553536,1.0735638909239917,1.0362953241486088,-2.7880876474939504,-2.6540903793909245
2022-03-07,0.2077575202749746,0.2070493196310763,10.459212577690437,0.2188310673958096,0.2133394398789345,0.16294343780062243,0.06590707764380677,0.22732853997897862,0.09515463923359484,0.10763056767840998,0.09937608002770926,-652.6418909188471,-57.14456929408793,82.20235362170068,-0.0034146077830670613,0.9051572977318361,-1.2381504483208035,-0.3329931505889675,-5.204530616232441,1.0857143768761262,1.0842266242211391,-2.9531526562020267,-2.0513659341919985
2022-03-08,0.1979480472364767,0.2875273896191834,-10.57749792630591,0.2749141128654648,0.20799803212598,0.1924335793090642,0.07734260840746499,0.2275941618426393,0.10723401978558109,0.10927624956815304,0.0994481450679298,-424.8244251839572,-37.42505349977677,81.24791630972753,0.3733135153700132,0.9115060395268025,-1.0793190388583294,-0.16781299933152677,-2.7043159709341666,1.1203870942289171,1.1924901426350787,-2.298597207297456,-1.9142613452094153
2022-03-09,0.2660499200553112,0.1933132854760071,-410.08179512090135,0.1987291045215506,0.2312983493971274,0.20597843250039602,0.08685011939375281,0.22757844588817647,0.10873006243758188,0.10902618240765569,0.0994532712102843,-347.40364220214076,-34.54935454634907,80.36561048412678,-0.3193718468730566,0.8635875993101413,-0.9633111286477914,-0.09972352933765005,-3.4243868446242063,1.105204370152478,1.2071251407226045,-4.287732668853273,-2.6923107296572537
2022-03-10,0.1583878571111237,0.1647420137714292,-59.64533809587263,0.1375725682519046,0.1583877386598153,0.207951962665509,0.10152881705540961,0.2275406334668947,0.09729537676923902,0.10904525030010369,0.09947544379487576,-286.159661878835,-23.026034525683347,81.74932477973738,0.03933388058585392,0.7169644342425914,-0.806986161025622,-0.09002172678303061,-3.872073211584625,1.0460383722110205,1.0457129093152848,-2.0973173595484447,-4.618493465460248
2022-03-11,0.1597640833136355,0.1190423281066221,-340.53439170221816,0.151047804023523,0.1516633542467493,0.19433486732086364,0.10836049093313745,0.22711912017382538,0.09320185726714106,0.10907387960699867,0.09971169978123287,-262.84126715979835,-27.504888357501716,81.14727405216709,-0.2942191195888928,0.584119243458666,-0.7400110905369124,-0.1558918470782464,-7.392994018225454,1.2704880218667312,1.8465888834924842,-2.6000352869924006,-2.686991352546779
2022-03-14,0.1205199886028807,0.1605048671666442,-96.1196819904867,0.1531908887634268,0.152989274645813,0.18502597682797722,0.10702487067026785,0.22685210636079753,0.09219832859507769,0.109003961795228,0.09980066398591451,-216.04876253264905,-23.059875128192456,81.42050571815446,0.2865086474402081,0.5474349868838525,-0.7512370477014222,-0.2038020608175697,-8.509154996372683,1.5706846723063124,2.5933798049242456,-5.4638652068541855,-3.0673474560572203
2022-03-15,0.2054350620447294,0.2304121397847893,-212.81945190866244,0.2121800500359056,0.2096409779586796,0.17360292686109838,0.11466152647642047,0.22708402497069835,0.09589110417103104,0.1094971218563758,0.09974104408296477,-201.57404695189265,-20.59695998401052,81.08025927570007,0.11473963325631423,0.41478612142307997,-0.6833355625872318,-0.26854944116415197,-5.975956588625503,1.5678974628583673,2.194450750708893,-2.1948989785351243,-2.862684125571458
2022-03-16,0.2493871438167563,0.2315036431742063,-214.5812999645222,0.2140516909261034,0.2652269170623778,0.1812409984007382,0.12607921855508575,0.22693508810656737,0.09550886289138229,0.10980573856676738,0.09970638901085353,-189.12644070599146,-16.82063824440502,81.20067235904729,-0.07441087281196575,0.3629172004237191,-0.5877535930288216,-0.2248363926051025,-2.972499728562781,1.5648936852025601,2.3240261135559326,-2.6450926414195317,-3.2651722115094657
2022-03-17,0.2250160684895683,0.211830098618782,12.306360634148064,0.209531767705954,0.2239547215594295,0.19065861537020878,0.1408138099329466,0.226749927333087,0.08356266011866731,0.1097906536218667,0.09969122431246362,-165.49732112356753,-12.609240825690069,81.36156385325691,-0.06038728341113236,0.30304595391641737,-0.476409247699335,-0.17336329378291757,-4.238934323895312,1.5111007746966925,2.254894222444568,-3.985559693395364,-3.0557352856035678
2022-03-18,0.2149128205410715,0.2648152430482664,-160.50268405500165,0.2520399299996185,0.2284889612647225,0.2198131983585377,0.15232536926869394,0.2268459298777967,0.0840153244336248,0.11052831034840037,0.09971637609971343,-150.22742057503237,-17.552172775240685,79.94903297065768,0.20879992674719647,0.36675926694630395,-0.398252243691803,-0.03149297674549901,-3.7485883241259965,1.5211377448893357,2.2069798763941244,-3.401849598087251,-1.925705245240526
2022-03-21,0.3082525938908373,0.2838825548274601,-53.4361755388359,0.2755916462936327,0.3166236875155701,0.2444887358907008,0.16982408061745033,0.22688738641420006,0.0716681354606748,0.11166383314847608,0.09973800992799735,-143.7889100559532,-8.985372010595132,79.88625970633876,-0.08235894361197307,0.36440615651985486,-0.2896907179367557,0.07471543858309909,-3.1934020242666685,1.5466585371341195,1.1966318456616805,-2.630360866782094,-2.0925049969809395
2022-03-22,0.2038809489041795,0.2114482775387038,-12.518007465695264,0.2045655206675234,0.210806279343731,0.24069596344148372,0.178948266690652,0.2269607766893475,0.06399681893933905,0.11132596001892724,0.09971979750182043,-125.10628766570726,-7.470495317567293,80.24606736873889,0.03644417824465355,0.2964378234002332,-0.23768046146964444,0.058757361930588836,-5.076653521265804,1.5533166439442243,0.8466524298396234,-2.930563347858835,-3.965220097937984
2022-03-23,0.1376325732820227,0.1692834256592488,-42.38859824053151,0.1677563547592275,0.1397393380800253,0.2282519199384922,0.17964733554140652,0.22723882827887235,0.06380098804375767,0.11134399326825138,0.09946029973855111,-119.92165352025961,-4.348032633027046,79.984458333923,0.20698676319233708,0.23945424893636708,-0.23500588929716823,0.004448359639198716,-3.574943214862278,1.531326648824512,0.7254557181654997,-2.1663150736115973,-2.7770752916178005
2022-03-24,0.1905565811066765,0.1976892737606688,-142.54738690087424,0.1990155322338651,0.1980880657205723,0.22542375496686956,0.18679834303823495,0.2276973735237838,0.05667264047886754,0.11001824822772349,0.09905632046014025,-113.755472248605,-2.1439801587332465,79.69524512592409,0.03674730942378501,0.18795233081215637,-0.1979877826828524,-0.010035451870696014,-6.983053868400997,1.5993686647237688,1.5511655990251314,-4.286061848950044,-4.258689285129337
2022-03-25,0.1975749547187546,0.1589551140196916,-75.86057097801887,0.1639550592516512,0.1881465897960565,0.2042517291611546,0.18890784914920017,0.2280702125682345,0.05467875089726785,0.10936978408125761,0.09861874969732412,-114.31294063029839,0.08514289121859851,77.87386304360041,-0.21749616930327456,0.0780938740902867,-0.18839420588901679,-0.11030033179873001,-3.7217526845798283,1.6055180928413721,1.5545245971839565,-4.572866451652399,-2.2456365936925167
2022-03-28,0.2276415425603266,0.2268577951908712,-9.404709718959792,0.2133959130930494,0.2401021161658829,0.19284677723383684,0.1963262319382843,0.22809611155367204,0.04864102119245516,0.1080547628100847,0.09861757299096041,-104.07964612911094,2.8386663543069504,78.91051433366977,-0.0034488417527323875,-0.017881750979392937,-0.14998935779698952,-0.16787110877638248,-3.6228594157339415,1.61725935360573,1.4733398957108774,-3.534665184415903,-2.86426972587381
2022-03-29,0.2363675181678384,0.2443817424180654,-145.82563004166437,0.2375272701135928,0.2363043178414723,0.19943347020970917,0.20154148495533888,0.22790045379626414,0.047878339711731374,0.1081110831395171,0.09853618588131334,-100.85570902234683,-3.570560285264177,78.77443521935852,0.0333436467224528,-0.01051454281376584,-0.12291368658960708,-0.13342822940337298,-6.706487448287591,1.6871430599715669,1.7589244012021856,-2.4600974188461198,-3.4132659685918023
2022-03-30,0.2485502738756362,0.2091457600367352,14.514288850951004,0.2362607060474446,0.2239952346902409,0.20740593708520644,0.2057193219812082,0.22768043844113842,0.04442280969744975,0.1082482045462429,0.0985163276870624,-99.7959713166426,3.4612056304757535,78.3658363660493,-0.17261370910691665,0.008165196572162388,-0.10143033496170756,-0.09326513838954527,-4.40096717092953,1.6753438523027777,1.635237657761896,-4.03351091825405,-3.2223234014997124
2022-03-31,0.2394779729847305,0.2434420115704116,196.68139633300345,0.2715392530422527,0.2468662326265356,0.216556484647155,0.21014770441243558,0.22763837964788747,0.04349223429671973,0.10880989076126121,0.09850730878081179,-75.73249547370098,4.5986801956525865,80.09328550093062,0.01641732687491707,0.03004077465271763,-0.07994767783840141,-0.04990690318568378,-3.702044923194285,1.687106568950071,1.31017588539383,-6.969917055984323,-3.08450364621521
2022-04-01,0.1694402746584313,0.1809052006742448,44.27801272145126,0.148151682813086,0.1853974209126971,0.22094650197806565,0.20983657420465543,0.22746684961871466,0.04368739830724185,0.10793015491348029,0.09855136649425134,-85.4301974265647,-5.269974673310683,80.2671298334153,0.06547263804894565,0.05159159004051548,-0.0806755021361885,-0.02908391209567309,-3.290217754135544,1.6544343309594804,1.3808691066319638,-3.5669960590996337,-3.8189841916531138
2022-04-04,0.2399277370848151,0.2475075793892447,211.75762518058275,0.2450106212927121,0.2414282432606764,0.22507645881774035,0.21185948719256378,0.2272579466058014,0.044481030226782514,0.10819621301519132,0.09845286854378982,-75.36527679642009,12.44969204930192,-9.231917185624182,0.031103422811065026,0.06051690278347094,-0.07016244234460942,-0.009645539561138575,-5.631728444330503,1.6651583764205204,1.4103383722404081,-5.505201860907588,-3.8800504100716635
2022-04-05,0.3033669468627624,0.2260973055600015,-133.18128407607526,0.2869412640544344,0.2256274028104128,0.22141957144612756,0.20878798298960471,0.2269250877832869,0.040962807394748904,0.10758362164067936,0.098314911676363,-81.49546610390856,6.850795042404256,15.027964642838876,-0.29397765635161066,0.0587401133294573,-0.08330065163045774,-0.024560538301000457,-2.791749340165655,1.6599234257517284,1.1032940327890026,-3.096832878069749,-4.001705025882739
2022-04-06,0.1388614157209069,0.1352247926815275,22080.608891662618,0.1296342395583369,0.1497113588089629,0.20663537797508602,0.20588355834988073,0.2263568655517765,0.044060032765675085,0.09870105441624386,0.09843315092655712,1043.0390682352675,383.506941519078,118.21225162123072,-0.026537901965154695,0.003645022768188577,-0.09480204674955456,-0.09115702398136605,-3.9081744580647393,1.6447083813872625,1.0761028250600067,-2.1867347085257216,-2.6047587652190805
2022-04-07,0.1264018896367487,0.0933737032687034,-3625.096053660196,0.1481830132735035,0.0873582206014123,0.17662171631474438,0.20231514282474444,0.2260468782685486,0.05005029695049452,0.09717136424644655,0.09873017018047914,864.7665324570513,327.02238117063166,112.41373782850792,-0.30285667525217946,-0.1358163451335185,-0.11091580904654341,-0.2467321541800618,-2.799757798915299,1.6888282544304194,1.1807793737475951,-2.0194864914301753,-1.8966646998657821
2022-04-08,0.1154991885101184,0.1164643822410265,-5375.126221071266,0.1196716287993697,0.0570071083732357,0.16373355262810071,0.20218624553146464,0.22554842502218125,0.05027883901608412,0.09608086038123984,0.09896825712298013,613.0369409885989,243.07955772292627,96.00485810433784,0.008321990372821034,-0.21094885268987568,-0.10934560080294597,-0.3202944534928217,-2.76995985392593,1.6023358961327718,1.245348318966704,-3.976006457151864,-2.742008020052305
2022-04-11,0.1117003395529252,0.0399921923853976,-2398.839671865569,0.0917784884857173,0.0806205322080462,0.12223047522733128,0.19616061179240235,0.2246212596440367,0.06150510451118842,0.0953557426123239,0.0996169931262742,497.90094149484474,205.5685316424292,90.91919529203572,-1.027135501238819,-0.47302536782897975,-0.1354819218214123,-0.608507289650392,-4.495602468040119,1.2762551893093592,0.8023051344593273,-2.930290831110593,-1.5725497878252659
2022-04-12,0.0482354056098497,0.1098094993348079,-1400.3793476377523,0.0773558843963382,0.0925497833163992,0.09897291398229258,0.19013047976990324,0.22423517321365175,0.06383810829639684,0.09331841631622985,0.09987487612764565,438.5229467083903,185.6187687061927,88.17577173142587,0.8226537325990692,-0.6528643555346634,-0.16498480943757865,-0.817849164972242,-4.186861318545258,1.2044482676538462,0.8008890226316091,-5.012404422148065,-2.15168707254518
2022-04-13,0.077783478478064,0.1733144029995807,-892.7502770956776,0.1279054015882939,0.1123346051248672,0.10659083604590322,0.18722101776117198,0.2242056125707069,0.06317582805182795,0.09301934818024361,0.09988890459259456,404.6144978518325,171.80871835656345,85.99284151139081,0.8011782537399569,-0.5632922898682398,-0.18027371198593714,-0.7435660018541771,-4.162358140724133,1.175337030036788,0.8303225695764571,-2.014986444415566,-3.2678137291017624
2022-04-14,0.1798042994687083,0.1287014435795543,-744.3913086494765,0.1315985162442356,0.1630093121027238,0.1136563841080734,0.18306458500921058,0.22368454028538656,0.06419785813280621,0.09299416390730801,0.10004647835992744,366.77961438765124,160.85687834872795,85.45050722787694,-0.33437370309481207,-0.4766592919950314,-0.20039774284180428,-0.6770570348368357,-3.460603628010196,1.1850931157842262,0.6963949855035313,-3.9690196782152514,-3.3430867791569785
2022-04-18,0.1489792206720368,0.2432858087985172,-470.047966395423,0.2374208995708704,0.1883945962046183,0.13902066941957153,0.18198811329672313,0.2230369554884203,0.0629227532546918,0.09416040046084077,0.09938875837687021,351.3023502706302,149.01999764922527,84.18215367359089,0.49043008244882946,-0.2693187504513948,-0.20339610402170807,-0.47271485447310296,-3.015398321506011,1.2080249209991558,0.6072544760449019,-2.6596686089735897,-2.0649752720943604
2022-04-19,0.2811074946195515,0.2454805572440164,-456.16923546459134,0.271728335135593,0.2793755595383986,0.18011834239129532,0.18006801341755094,0.22307533278733135,0.06017573484495886,0.09530688027617967,0.09939559194381804,331.1656972743424,144.54606523580384,84.26161722490109,-0.13551939177654337,0.00027946074725082045,-0.21417489776151413,-0.21389543701426336,-4.873412520142612,1.2019106949744334,0.718740453540087,-2.1474710459443638,-1.5823658653415988
2022-04-20,0.1968647142572335,0.2594756330284498,-541.2028256389294,0.2262227436197177,0.2173463665550263,0.21005156913002368,0.18246938119203823,0.22326788654652666,0.062410685636471175,0.09665590221432985,0.09941938611362812,304.7314563656807,133.1995131346872,83.86969380534306,0.2761460353269477,0.1407706831999209,-0.20178995080000983,-0.06101926760008885,-4.7243617934383195,1.1902752188178463,0.8004915090227039,-4.123372368057359,-1.8993482409813136
2022-04-21,0.2672467875006519,0.1842875682629223,-145.11928940401828,0.2811898824492442,0.2058158375604413,0.212246202182692,0.1832195883222219,0.2227264782860792,0.06233397321425031,0.09686065516185242,0.09926088380468479,299.59492180750635,132.17023099547026,84.10633999580203,-0.37167512066412645,0.14706156221878972,-0.19525909417482287,-0.048197531956033185,-2.585292295473739,1.2347897678902708,1.0234398874222337,-2.7937226551587044,-4.512302508179061
2022-04-22,0.1614728684117161,0.1615908118022817,-368.1459586759871,0.1175280026395326,0.1789332781998687,0.2188240758272375,0.18141466522430255,0.22274718590036077,0.062415516519741546,0.0964461692344854,0.09924753334589721,288.3149932187507,125.20969538156699,83.61630440759473,0.0007301557125044702,0.18748272117811365,-0.20525205373746766,-0.017769332559354076,-2.790259526341941,1.0618673931025093,1.108243423647115,-2.323963785121258,-3.4146058277608162
2022-04-25,0.19990205578187,0.1580075751876126,-192.90169653701616,0.1691608438993319,0.1665080940171766,0.20176842910505655,0.1813672882826986,0.22267114998707035,0.0624338188038796,0.09647687289745825,0.09928998192239855,282.4629369408009,125.24611291870045,82.79687949489936,-0.23518454940177425,0.10659645700642975,-0.20517182712086024,-0.09857537011443053,-5.932158485634172,1.1552373664459774,1.4423657021375433,-3.6389473488623487,-2.461836031596839
2022-04-26,0.1241391078913443,0.2107368714355266,-228.4012332992579,0.1749734655868908,0.1431607783088662,0.1948196919433586,0.18056124209493135,0.2232095609718549,0.06191753635830134,0.09646376029498392,0.09885617890492433,271.5131107617859,123.3053661553694,82.31877353867631,0.5292075257996136,0.07600446249301643,-0.21204105387384115,-0.1360365913808248,-3.447890097756712,1.1588409276960447,1.4118732065452226,-3.0129586058317606,-3.3597574268342014
2022-04-27,0.2020953805916727,0.1932324321623815,-291.11909963408914,0.1706338248821275,0.2091545271219796,0.18157105177014493,0.17800377658214722,0.22334074613703406,0.06017454220594167,0.0925042298716505,0.09879428357700856,264.2484372821647,118.37272390464804,82.24662785831995,-0.044845991080247664,0.019842280087903612,-0.2268938480037835,-0.20705156791587986,-3.256559461692631,0.9742970184777433,1.347714158831645,-3.3460032815386698,-2.714422447819169
2022-04-28,0.1881547027199168,0.1834327045609076,-113.8935486605606,0.178765419446703,0.2178145886631441,0.181400079029742,0.1767181238083558,0.22287295149376787,0.05974733076117336,0.09164978094381258,0.0987048660156875,257.8280454065891,120.575699606378,82.62748957300956,-0.025416643658630726,0.02614903103869666,-0.23204594255454436,-0.20589691151584766,-3.24293367778982,0.971814509604204,1.2523479227310825,-3.600715955668492,-7.064568514583388
2022-04-29,0.1800631368723131,0.1520635921859465,310.87042221115445,0.1774510056865041,0.1130684439389222,0.17949463510647495,0.17214920283913254,0.2225754370970562,0.05783979466167632,0.09139922944025379,0.0988061078548533,263.5374967004967,127.10095008335891,84.68826573600217,-0.1690087467914178,0.04178376033953202,-0.2569045281210618,-0.21512076778152978,-2.7429124628564896,0.9977984064303334,1.261413650428135,-3.1900736200258755,-4.6536023545304115
2022-05-02,0.1304717838687477,0.1578614645859595,-203.387727021592,0.1662472782580519,0.1834236440055412,0.17946541298614432,0.17099701603471829,0.22206809208367323,0.05788569333347725,0.09127590852674314,0.09881148050317733,251.15420971334453,-308.54706242234573,84.13480084534459,0.19056085416975954,0.048336397787135825,-0.2613379496795686,-0.21300155189243286,-4.064220924530761,0.9958555909308853,0.4765604708750492,-3.6662869975052526,-8.83114667747962
2022-05-03,0.1679948220311886,0.0428843107584873,-265.5163398830279,0.1275556647773186,0.0640410560545774,0.14589490085073648,0.1607658526031804,0.22119111583428772,0.061614156441673174,0.09216435629568256,0.0994255223806823,227.290511460164,-166.90555208503508,83.11795499733263,-1.3654271152273754,-0.09706246946044508,-0.3190781305833585,-0.4161406000438036,-2.756485340917073,0.913114545762103,0.5377633605161838,-2.214763964190217,-1.7846692999260247
2022-05-04,0.0282572121352329,0.0529315874210434,-81.98436024969226,0.0502116656730025,0.0579616338999753,0.11783473190246888,0.15210756669623252,0.2205878838574086,0.06406842268081894,0.09226198621844119,0.099987728791643,229.85035765148314,-92.1565112121282,82.43462546556106,0.6276515545391431,-0.25530488055197853,-0.37170823553216625,-0.6270131160841449,-4.86006653537073,0.9336106809185736,0.9157855288175614,-2.25446298845137,-1.963966270927214
2022-05-05,0.1223260245349204,0.1101012408747323,-190.87008953082767,0.0999223211612378,0.1187782786188287,0.1031684391652338,0.15085138910589274,0.2203117079006586,0.06466042335445694,0.09046985901879545,0.1001977896924348,-883.7235914081891,-62.696055125021495,81.65013304129366,-0.10528949855684612,-0.37993218985492877,-0.37874822356861043,-0.7586804134235392,-3.970926369524436,0.9344388814887944,0.9159458867947978,-2.6998301269299962,-2.612765516811412
2022-05-06,0.1002366781193346,0.1815340887023113,-91.15690526331308,0.1321963270640997,0.1476049833975246,0.10906253846850675,0.15525940837757315,0.22065529781179336,0.06353099849535113,0.08294085531808813,0.09991542564532142,-707.026633988345,-42.806587803376914,80.96658436778387,0.5939092818449522,-0.35317585532672635,-0.35150442500806695,-0.7046802803347932,-4.172825827908299,0.9145103857914637,0.7607107247994815,-2.0510290172801486,-3.52436563417749
2022-05-09,0.2002472457747224,0.2189841454584153,-25.09733108059902,0.2063039920978302,0.1669369667842661,0.12128707464299793,0.16038539653844258,0.2204850034016164,0.06436648384021051,0.08027235522633633,0.09988170735275388,-439.52518948881163,-29.7765052200044,80.36395130762999,0.08944650010887896,-0.27941939393205745,-0.31825003352695863,-0.5976694274590162,-3.234826734067665,0.8932677024530603,0.8216287031874943,-2.217482244068932,-2.7948722726437887
2022-05-10,0.2088531317923934,0.1910108208504581,-365.02292280774975,0.2116022578911947,0.2357147619268453,0.15091237666139207,0.1679363279616956,0.22012715540843056,0.058047576810555966,0.08029806696823175,0.09982616790929431,-337.8343520359207,-18.66072435790901,80.72470156055329,-0.08930120613642233,-0.10688552596391226,-0.27062045117946804,-0.3775059771433803,-3.725024733382731,0.8781209840213726,0.598177657833505,-4.658915732252492,-1.9096885724309804
2022-05-11,0.1435394488189687,0.1999520880568166,125.60412710859578,0.1688234631594634,0.163238638894021,0.18031647678854673,0.17244345739779604,0.22010312152049635,0.05678254859371017,0.07979985034166517,0.0998303155253648,-261.5351782986033,-8.195426180702572,82.69628706045366,0.3314678760509917,0.04464411190144324,-0.24402677117730848,-0.19938265927586515,-5.187702312409484,0.930657201007905,0.7220596435460801,-3.9616304899289307,-1.9171832418197567
2022-05-12,0.2249599416853835,0.2496892312115304,112.25324855184677,0.265435441163655,0.2426695228420574,0.20823407485590634,0.17626219880839353,0.22039680716131335,0.059354152950858975,0.0779609283049193,0.09980883583708193,-211.28500201622705,1.401018376537322,83.69189141104572,0.10429472004946078,0.16669015444818264,-0.22345693821538373,-0.05676678376720116,-3.782490671821752,0.926963221772318,0.7325982737496373,-2.835683416035572,-1.9690601214606116
2022-05-13,0.2619502323246281,0.2313963111997914,-399.7583240175103,0.2540844914737246,0.2483187625249634,0.21820651935540236,0.18139694218940539,0.22014059018622179,0.059465083561805715,0.07143359344162507,0.09969754735740088,-194.05335278462877,2.409646826484313,81.61074145422097,-0.12402265935401385,0.18475427003152511,-0.19357870774001834,-0.00882443770849319,-5.155823689410374,0.9715633659525622,0.8971002023088976,-3.45953999655581,-2.9984916271212234
2022-05-16,0.1872453903313413,0.1580145190042579,-264.5506245115303,0.1464141913720538,0.1920101717990947,0.20601259406457087,0.17713337769969242,0.21962295757349723,0.05782859125213709,0.06925802556850394,0.09968275824624279,-183.77848569043414,5.765481335053887,81.72611557369211,-0.16973308313403587,0.15103430803032739,-0.2150092517292925,-0.06397494369896511,-3.0879357148769118,0.968311272556823,0.9387508378301357,-2.389508704301314,-2.797379465796657
2022-05-17,0.1526379458553499,0.1182597240632779,-124.32249995761389,0.1315337161131791,0.1341347104665926,0.19146237470713484,0.1707723360406555,0.2186763544779836,0.056904484366350545,0.06232736242460188,0.09951638465280316,-167.18614891508525,6.730212767767311,82.27388901850608,-0.255185493078471,0.1143600113301582,-0.24726150204843672,-0.13290149071827836,-5.95186146344705,1.0528940534592968,1.1652279235601173,-2.179159454481322,-2.620711296931736
2022-05-18,0.1873799686747892,0.1943643152031366,-155.11834628928077,0.1981731447430128,0.2069545578779394,0.1903448201363988,0.16751677014938984,0.2184286230056,0.05331170449044545,0.059413524815804634,0.0994994419582083,-147.88192494760284,10.581081250789536,81.36157765940706,0.03659583805832883,0.127753803597898,-0.2653758264531027,-0.13762202285520467,-4.7351179349777945,1.0533218698721665,1.1283770074274395,-3.314566681651649,-5.187174487361356
2022-05-19,0.1874944784201639,0.2076572314366198,-108.3998630142312,0.1770974571816999,0.1664064082912908,0.1819384201814167,0.1686852533080747,0.21743806179918168,0.05395090789099954,0.05948415615940924,0.09835797332038473,-146.04595362811347,11.209104886377089,81.55213020359518,0.1021393980414982,0.07563370714497875,-0.25387946460925315,-0.1782457574642745,-4.538348439917634,1.0113854001543159,1.0489109823265947,-2.414662478921328,-3.1693240513941445
2022-05-20,0.1346466915573945,0.1615442829643565,-16.98016372161547,0.1574484971617575,0.1651601455433629,0.16796801453432975,0.16868292686617845,0.21621147379630914,0.05395123091709445,0.05731386184064007,0.09712264520521922,-128.4876638803949,15.357285696582943,82.20667188867108,0.18212505472733612,-0.004247208717452089,-0.2482361937674442,-0.2524834024848964,-4.865023316384814,0.9833518774568679,1.0246713749495693,-3.416716211029995,-2.661376156686632
2022-05-23,0.1763309191226407,0.1987222640670363,-155.6438687767298,0.1839830762426078,0.1596102259679863,0.17610956354688542,0.17071866131014962,0.21505051866475022,0.054294269050775376,0.05678048039030643,0.09557153869862425,-126.62477249238057,13.841741272706633,81.81407327744853,0.1195457400116916,0.031089375418311905,-0.2308560249728269,-0.19976664955451504,-3.714285459849216,0.8907826502560627,0.8023133390585467,-4.717782782354639,-3.201336908254886
2022-05-24,0.2129099609218134,0.1735094676101889,-3.0257561273382407,0.1770774141405606,0.2183850350523815,0.18715951225626762,0.16885729111888276,0.2141184113657395,0.05348217748479565,0.05519484718488427,0.0948299574081566,-115.35599863378457,17.3591553329628,81.1215517207922,-0.20463719140521358,0.10290733302816765,-0.23747525919251297,-0.13456792616434546,-3.186708270327976,0.9015329416098086,0.7255091037138441,-4.425754125577699,-2.8958915802799163
2022-05-25,0.1783438138572934,0.1858951277950775,-126.8761942496164,0.19159631471125,0.1882439604239989,0.18546567477465578,0.16849042590051758,0.21340940725458118,0.053331126211984485,0.05492247434483966,0.09437277826672412,-107.14385336456094,18.749624965084973,79.76110274841581,0.0414694598488178,0.0959908946824869,-0.23633349202940945,-0.14034259734692253,-5.698092407660232,0.9574793704019532,0.9826890299136226,-4.35619233088373,-4.771320712575845
2022-05-26,0.1688378604050178,0.1363071515676077,-27.122402889084555,0.1507969236990849,0.1401310946270819,0.17119565880085336,0.16613414825085257,0.2123676822951544,0.053676135050734985,0.05475080531823724,0.09377648042276512,-102.80529607598714,18.408926004652457,79.94033601641482,-0.2140280418703756,0.030011521919620376,-0.24552353887695,-0.2155120169573297,-4.5407101924334485,0.9377071680841211,0.9827724238000455,-3.2913842604318884,-2.6401568156624116
2022-05-27,0.1113689993380169,0.1153112123385096,-25.57896949702564,0.0957132234564839,0.1323785455666,0.161949044675684,0.16429652925848073,0.21204233620204876,0.05480053562995145,0.055328713242883965,0.09397212739282443,-119.62776566139617,22.725745188465847,79.77432262459098,0.03478566111848801,-0.014391153688661078,-0.25511305339679735,-0.26950420708545847,-3.305923872254288,0.8993749206645674,1.044146774222846,-2.6509529868335386,-3.074059922555117
2022-05-31,0.1993905169627581,0.235490256926286,42.43731507223458,0.2345047829951903,0.2139624362498979,0.1693026432475339,0.16817796887549705,0.2121527278878523,0.05702478719273118,0.05575240692003884,0.09398344203598182,-107.33651355670482,19.462499576690995,80.15834189061657,0.16640424220069053,0.006665144575372279,-0.2322836726185881,-0.22561852804321586,-3.88526682855953,0.9019631456062671,1.0315243551232884,-2.310787588079806,-3.303127571526818
2022-06-01,0.2213999168733829,0.2715827165242959,-15.243430018038907,0.2535536669802822,0.2338823139331949,0.18891729303035532,0.17961288916378748,0.21213553650217246,0.05339209174889598,0.05683609247118255,0.09397213056819982,-94.82286806345537,19.034122200095503,80.46165110043125,0.20429611307210205,0.050505397031096584,-0.1664214742770904,-0.11591607724599388,-3.928591861601343,0.837816298651759,0.9092220716582017,-1.8561603730462917,-2.32204064160511
2022-06-02,0.2338113681659543,0.1860735675575306,103.25184946230412,0.1897990880298263,0.2287932420971596,0.18895298098284596,0.18626998817061183,0.2120421158515754,0.044290216678693095,0.05519166713941145,0.09398644025775116,-85.56105757785556,20.93127798990567,82.06061049769912,-0.2283725513033329,0.014301035702520143,-0.1295877440807992,-0.11528670837827901,-3.244343539797378,0.8562666962323634,0.5299792410338553,-3.007467070371059,-8.631259478947513
2022-06-03,0.1797237129590527,0.1678583192071707,12.298999162323014,0.1630743912539505,0.1838636472043662,0.19526321451075856,0.18915784208723374,0.2121371668169397,0.040808513082435556,0.05520409954371285,0.09392944682686108,-75.40260314319802,27.970957894626075,80.73548330262264,-0.06830045813502653,0.03176665654208202,-0.11465126889641114,-0.08288461235432922,-3.873318966573444,0.8578912103660495,0.3412291337691852,-2.2660179231717446,-3.4561446815018293
2022-06-06,0.2882966950429724,0.3615345151955456,-129.9794506241971,0.348783288834035,0.300638679772089,0.24450787508216573,0.19815786341189545,0.21257029790810658,0.05604366164420637,0.05981687853506703,0.09436843039311453,-77.34373041124222,26.798722685820668,79.16531265147896,0.2263673737857953,0.21018351433444277,-0.07020874435609568,0.139974769978347,-3.0335461083364423,0.8961138994723137,0.42165462848837426,-1.7403387814187057,-1.40151641960101
2022-06-07,0.27750157599408,0.2713059260394717,330.50369985988635,0.2637454895953395,0.2847670507614825,0.2516710089048029,0.20077395244094828,0.21292477398149848,0.058244934184710336,0.06018939413028995,0.09442215311543399,-59.56367886421795,37.982690878522405,80.58942907842376,-0.02257954987823588,0.22594305387466956,-0.05875926904932326,0.16718378482534635,-3.8622066457801645,0.8736908516092158,0.4177670069481607,-2.2686900086270345,-3.3293697966056457
2022-06-08,0.1896192885758991,0.092965894683318,247.5300172037131,0.1583854087441674,0.1114677743579704,0.2159476445366073,0.19587170613259125,0.21232675778118007,0.06303866524731876,0.06132893186817429,0.09470728560036894,-28.936031863644807,43.710185865092406,82.570071184957,-0.7127856155833839,0.09757610753500703,-0.08066651399678715,0.016909593538219813,-3.0593616744943857,0.9035088174588883,0.42165103705254003,-1.314648827807693,-1.7225124277355601
2022-06-09,0.079859420065893,0.1105080587446258,-117.0601766135411,0.0859996633499471,0.1269232084810814,0.20083454277402635,0.19139950466698175,0.2119242104251019,0.06584426765076902,0.06183046524358834,0.0949259520354351,-41.069247049751645,45.30617378667776,83.04097331060844,0.3248206083901038,0.048118507721200666,-0.10186582169086651,-0.053747313969665825,-3.1960497059931448,0.8906748393396978,0.42704349574048606,-1.827607185416981,-2.5827553325359576
2022-06-10,0.230132367776406,0.2466715807565744,-195.05542702981052,0.2382991773906879,0.230153070373392,0.2165971950839071,0.19124862214423394,0.21219349160596723,0.06570698069570054,0.06205584153128841,0.09492866508625222,-56.43468082883451,45.63160500225629,82.8530175292484,0.06940316386681257,0.12446511652582097,-0.1039242864665056,0.02054083005931537,-4.810215132437853,0.9050376604827217,0.7598372079078156,-1.8727156345008145,-2.5406740025039536
2022-06-13,0.2073096105852361,0.2070338343417219,-255.24134544274867,0.1894979873800868,0.2006709595740479,0.18569705891314237,0.19003049830133048,0.2121865067552321,0.0651469587303413,0.06202365806613011,0.09492898149880147,-49.20883190009643,41.17247656764135,81.99391099255168,-0.0013311482906878812,-0.02306794626097057,-0.11028106011087033,-0.1333490063718409,-4.494257614101578,0.8753919753190996,0.7720211911056308,-2.337945201670168,-1.8675567758331817
2022-06-14,0.1491034136228113,0.1544571850475713,-72.89027152854214,0.1450364451517236,0.1697931904958531,0.16232731071476228,0.18985263160349614,0.21184010532380954,0.0652437548367249,0.061242938237585864,0.09498119682739226,-39.625814250947016,42.632683443082335,82.1277884883876,0.03527682213677381,-0.15663341466323163,-0.10958362186443828,-0.26621703652767,-3.6986572879427397,0.8503390713628713,0.7766483998598414,-2.3836390249350097,-2.1468749926218513
2022-06-15,0.3657220030658137,0.4354785719262324,-61.08267513304966,0.4454157858806442,0.3729005368308389,0.23082984616334518,0.20571357399664386,0.21241889139326103,0.08305146522237693,0.06820692391186789,0.09590059474431852,-36.463823009718816,42.505241783178775,82.61837691550976,0.17457210136921722,0.11519605863546772,-0.03207544417189772,0.08312061446357,-2.623958407516671,0.7883421218925682,0.9019939517222585,-1.4764609465434457,-1.0714466081169274
2022-06-16,0.3050154758562602,0.2269126871687201,-100.86392311502236,0.2490873579840373,0.2523289324054527,0.254110771848164,0.20734099259492306,0.21237287666240334,0.08313622256156966,0.06833566698117152,0.0958908299508171,-33.75110185100589,41.03280985568999,81.97852618597015,-0.29579721036651935,0.20340553642391285,-0.023978836719083678,0.17942669970482916,-5.731696134669271,0.8701758839009562,1.1741538913141893,-2.624782669397866,-2.150682981381737
2022-06-17,0.262115851283025,0.315844998702643,-131.36269032835523,0.2934473629260328,0.2986718859598229,0.2679454554373778,0.2127503809582242,0.21286405993938834,0.08660521080088503,0.07032660581855302,0.09610570914861062,-34.899243216712094,39.549908320892925,81.6244919891775,0.18646499631495783,0.2306638772197094,-0.0005341876259068629,0.23012968959380262,-5.254391770697048,0.9088963209642991,1.240032748777829,-2.12332176428619,-2.6711386238841053
2022-06-21,0.2701843690291339,0.3100150076415677,10.116492597427964,0.2984456153477297,0.2828886231053302,0.28854169009734687,0.22017391719208476,0.21291907354987638,0.08833100235008176,0.07205676759933624,0.09615756240057033,-33.54441040075992,42.094306312531295,81.97484668621615,0.1375161338347389,0.2704218151741225,0.03350560960751631,0.30392742478163876,-4.163245079533864,0.8870406281795552,1.2399486364406989,-2.487682653649616,-2.273209090956083
2022-06-22,0.385658649101118,0.3334458391429042,-118.794213809782,0.3381064179790249,0.3799359896707592,0.3243394209164135,0.22691009594587816,0.21298940779371406,0.0916824572394497,0.07426617011125139,0.09623955815713141,-31.70192765241253,41.37874559866858,81.86490156651053,-0.14547219866535352,0.3572366769384043,0.06331145012489556,0.42054812706329997,-3.1741517328409277,0.9031592837331767,1.3223941642629706,-4.039808625790566,-1.7204328600925667
2022-06-23,0.4217536983733714,0.4491058014678302,-47.77477394452211,0.437340136817776,0.4086555701686389,0.327064866824733,0.2406899126387602,0.21384252240168933,0.10321908835802411,0.08120214974291955,0.09738134627125096,-33.93937854327173,40.73924452824254,81.58719333825907,0.06283700749642003,0.3066490852472658,0.11826956796783393,0.42491865321509975,-3.551396048271384,0.8907843817679674,1.0930638661277334,-1.9726283660944435,-4.295685315739181
2022-06-24,0.277049654384629,0.2612727140297357,350.2673701500647,0.271920622329346,0.2858647737142461,0.33393687219693613,0.2444587919504931,0.2140768289283706,0.10248658912767614,0.08139928735151745,0.09742487949200444,-10.082200323287665,49.00746119810469,83.48545706178301,-0.05863200467470653,0.3119052150838657,0.13271179035483463,0.44461700543870036,-4.272695114189664,0.7960956903070974,0.7942276073353738,-2.628687530726991,-3.3708614001138972
2022-06-27,0.2871437221519652,0.2656402237156245,-99.1032714353678,0.2631277331203194,0.2776926635251087,0.3238959171995325,0.250925445557894,0.21456752176510316,0.09933516937648038,0.08186774497318851,0.09737420392624939,-13.681243750601828,47.11383519333271,82.70056931275873,-0.07784001361467356,0.25526635561144084,0.1565313897431105,0.4117977453545515,-4.229138666832118,0.7855720162124239,0.49054046668948614,-1.6957282162656284,-2.9916451375446877
2022-06-28,0.219543097592918,0.2179913644210156,31.878668928331763,0.2060672627765858,0.2392854180579489,0.305491188555422,0.2560594531620193,0.2145235627986365,0.09449263808502742,0.08169366545063819,0.09737015141310827,-10.808361829333958,44.36712306992152,83.15128097947522,-0.007093108372211281,0.17651127906616362,0.1769900742183093,0.35350135328447285,-3.404658706701195,0.7821459209507229,0.4975707261550292,-3.1400334617341614,-2.385709743422023
2022-06-29,0.151629938407503,0.142376325676039,-11.538736356580271,0.1426164435170975,0.1404814619669623,0.267277285862049,0.2514037565995069,0.21380251160694044,0.09779558859512102,0.08197726716395277,0.09723366301898836,-13.507164400774702,43.43684391862099,82.9240752711632,-0.06296920372875967,0.06122640457203958,0.16200749278139945,0.22323389735343907,-6.149297273961735,0.9330574507415671,1.0937793928928525,-2.093427709417941,-1.6551179722946732
2022-06-30,0.163575916887197,0.1372442220780056,220.63181592605173,0.1561757171306466,0.153437055929118,0.20490496998408408,0.24468683187719237,0.2133000336002223,0.1009007936875236,0.08205849559622816,0.0973036684367203,-1.7134021035701692,43.58474709771214,83.51977988894845,-0.17551522433042394,-0.1774328450592087,0.13727937266377943,-0.040153472395429275,-5.900286090572986,1.0260093524497949,1.181287134608726,-2.516432706446627,-1.1651958454188522
2022-07-01,0.1348507055491139,0.1179228578298707,-76.14221634090222,0.1290390385777073,0.1222490661254749,0.17623499874411108,0.24127929639080942,0.2126226515034475,0.10408493433854268,0.08255103702424772,0.09737609254394794,-10.683105393730488,44.5353982266317,83.65409418172128,-0.13413761819993633,-0.31413684410176174,0.12643616325943918,-0.1877006808423227,-4.9923083945283935,1.0249582209218617,1.1456181692588718,-3.710983238919663,-1.9424670897933733
2022-07-05,0.2249005474586365,0.20373024293231,76.4483657392617,0.2186180082419233,0.2136037871442169,0.1638530025874482,0.24307289257706638,0.2122176246301603,0.10305715055973806,0.08220836460386054,0.09720079502677013,-7.475637064883553,-322.20061053875753,83.97597808303638,-0.09886151297772092,-0.3943916676138138,0.13574908838823316,-0.25864257922558076,-5.295477184145964,1.051994530514423,1.078628530984901,-2.7107635661353457,-2.7820738718481612
2022-07-06,0.1675415238843647,0.1991033683168392,-197.96616598493372,0.1752835709526725,0.1965036644191538,0.1600754033666129,0.23495133523313103,0.2125895735323204,0.09957164003998878,0.08113313002347172,0.09697079667785077,-10.874972832920383,-265.0817790775032,-120.05097607551383,0.17259290431164973,-0.3837334333231098,0.10001498653109168,-0.2837184467920181,-3.8528067411650344,1.017738441742514,0.9015977397295668,-2.51108007925698,-3.969228685458137
2022-07-07,0.2100690646577061,0.2087385481115258,-78.23340414486475,0.1988673654176218,0.2193097255141394,0.17334784785371027,0.23182296633673377,0.21245350378189887,0.09935196303036571,0.08046941461364177,0.09695216196898028,-31.311828033157934,-176.80023212872987,-41.240451147744004,-0.006353853090777061,-0.29067374722162986,0.0872508455499897,-0.2034229016716403,-3.8901460557075773,1.0171453901659853,0.8968231966775437,-5.296657708699192,-2.712627323631679
2022-07-08,0.1551167462385465,0.1899760356394653,31195.079045412436,0.1812399784328935,0.1642644337688428,0.18389421056600222,0.23667347338454112,0.2125169243867249,0.09446379687755617,0.07777292344290182,0.09693216994992433,1516.0656233772784,383.0984131592369,113.62513449720555,0.2027199010479834,-0.25232079204336955,0.10765981236755351,-0.14466097967581615,-4.0759815198046665,0.9771720971594233,0.6735707603650598,-4.696481776306274,-2.9425363326790306
2022-07-11,0.1975197761515721,0.2177775350904585,-7586.137266851059,0.2588000887308546,0.1994538747572098,0.20386514601811973,0.24203694720183275,0.2126896678647457,0.08985625277570496,0.07689105221693128,0.09690278811812665,1142.6117688654024,280.00244783901513,98.07070277042163,0.09763534876589039,-0.1716316625666279,0.12925624395882643,-0.042375418607801495,-2.8243669514752137,1.0032210820400622,0.8802175185317468,-4.706208170709806,-2.3040393773472228
2022-07-12,0.2328475871924684,0.3100325407102362,-6188.216330560693,0.3342263905406231,0.2358292670124688,0.22512560557370503,0.24520499519951588,0.21292884654950442,0.09113609471582862,0.07804490037834931,0.0970694882505561,842.9537236888584,191.74468028126483,83.71628371516358,0.28629315469653455,-0.08543608235707144,0.14113651965100513,0.05570043729393351,-2.318743707788662,1.0900080847914615,0.7749852539109963,-2.1197927714374547,-2.241468377894891
2022-07-13,0.3677921485704889,0.3437574534494985,-2822.954834028785,0.3075641804914788,0.3260461052736159,0.25405642260023686,0.25204117615490473,0.21350117904276406,0.09322605507321943,0.07944278508887288,0.09741813496195814,714.5680492595565,157.10195485827637,78.66038043385403,-0.0675816334265645,0.007963906967730415,0.16595011650163954,0.17391402346937015,-3.990962063314795,1.088541471440318,0.7976357074776529,-2.0716327628355558,-1.9334100064609592
2022-07-14,0.2788395429539796,0.3228045111417965,-2148.2116473192546,0.3202250277592764,0.2910728248290226,0.276869615206291,0.2604585424596159,0.21364784310821144,0.09153619436383485,0.08069780208399038,0.09755543420586317,610.8019804700209,129.1325601762125,75.29723394805842,0.14641040981559694,0.06110298964541022,0.1981146359057612,0.2592176255511714,-3.5352247968196715,1.0928686579712892,0.760257348451228,-4.360502319230915,-2.170978374852875
2022-07-15,0.3611365829671551,0.2304072192122506,-1231.699979076736,0.2988406386765749,0.2791876685959527,0.28495585192084805,0.25020497482391685,0.213544316156847,0.08187505918772832,0.08060618839867502,0.09752372907955503,552.2711152728365,116.20704778267678,73.46255757694198,-0.4494079712300612,0.130053781504569,0.15843610027375324,0.2884898817783222,-3.929526802947667,1.0335759693829163,0.7273583594289271,-2.1772728355353848,-3.208153921140456
2022-07-18,0.2189763285814416,0.2681770260817866,-700.2557271008009,0.2656154879238532,0.2778690351190964,0.2950357501191137,0.25226819176957016,0.21340654247055812,0.0817770742876127,0.08070649492049105,0.09742166013612769,522.3015250735475,113.55616609164558,73.03916908878108,0.2026836722229867,0.1566037611922659,0.1672937780017381,0.3238975391940041,-4.401939816949194,0.9726502587294487,0.797517560703972,-2.9072181335117366,-2.9877742033342236
2022-07-19,0.2758452383337184,0.3003175620081153,-891.3288115779372,0.2628288372012082,0.2535029370448249,0.29309275437868954,0.25149181993484376,0.21375771758503945,0.08121348871559168,0.08148960921689598,0.09757657689173614,484.30321901106845,101.11934072208028,72.70417714684675,0.0850004770508323,0.15307866286452024,0.16256725107479664,0.315645913939317,-4.67495978659549,0.9466288093771411,0.4419997446001586,-2.660541675082127,-4.634086388422671
2022-07-20,0.2785176799016127,0.2984941746559841,-360.3043115200536,0.3061298878117573,0.3101537225654178,0.28404009861998664,0.2509157782855646,0.2141992914247689,0.08081642798346808,0.08199845353984099,0.09770969910742948,465.7821788051944,101.25003484134582,74.0524451841738,0.06926887730841784,0.12399808237335813,0.15821048814448424,0.2822085705178426,-5.515519912221617,0.9960302885257191,0.7563925560823694,-3.496041767017043,-3.0952591978850874
2022-07-21,0.3066110219249789,0.272585873568945,-544.7978891996934,0.2862438392854907,0.2897705504419874,0.2739963711054163,0.24787278000686666,0.2144408104529996,0.07866243366172684,0.08202413099444097,0.09777935116369763,444.4819950356988,95.38509829696788,74.10414664112733,-0.11762621784362924,0.10019923145907347,0.14488187235544556,0.24508110381451914,-5.647389526035945,1.0154393765338392,0.7341854975145509,-3.5851795326696636,-2.9913690547953027
2022-07-22,0.2399695258293723,0.1887669560960985,-454.0832139064297,0.207034012132965,0.2123658376959221,0.26566831848218586,0.23485583773828006,0.2144161695903565,0.06373371606082422,0.08209325261674882,0.09778506447773491,424.16657303760337,91.62373195351502,73.797113311046,-0.2399987218528947,0.12327673825714254,0.09105302525158994,0.21432976350873253,-5.2340615923251494,1.0178802821375261,0.5380695249275138,-2.2097578243378275,-3.17868771642363
2022-07-25,0.2299774530550484,0.2635856597951331,-375.2359298544139,0.3028500717271369,0.2513506502603908,0.2647500452248552,0.23497148502654994,0.21492053054914065,0.06378625018146158,0.08228217987863093,0.0977118752769474,387.89140803737945,90.22178478317626,72.03028031061756,0.13639712584189442,0.1193219888332097,0.08919583202273403,0.20851782085594386,-2.9661847050309595,1.067646166542373,1.0950650953227412,-4.710506949282243,-5.383577633265813
2022-07-26,0.2560229170688455,0.2844967848153499,-241.15023078501255,0.2341866639125336,0.2664968706865127,0.2615858897863021,0.2359143130815362,0.21485248024724019,0.06439983402381136,0.08263841613555634,0.09765723813697955,380.7890600698973,88.10084008110206,72.74778794291176,0.10545499205317029,0.1032940210695076,0.09351700469100507,0.1968110257605126,-3.4323720994763574,1.086751890950495,1.2611087572744644,-2.346225339232084,-4.146431190620165
2022-07-27,0.2677557619070629,0.1514366241123452,182.79390063718995,0.2262735194009546,0.1853595636210343,0.23217437967757437,0.2325865760661027,0.21448142926223548,0.06704013134157014,0.08264689020365716,0.09772149211175901,388.33482165534014,85.96623138820266,75.15405859698079,-0.5699080140866174,-0.0017738000213270411,0.08103936813758526,0.07926556811625801,-3.1962840570217352,1.0967563871226378,1.2478345512011733,-2.187926616512201,-1.9169312685227826
2022-07-28,0.1768677773388187,0.1994542523828975,-383.8505636445392,0.1744943695364913,0.1967588074364239,0.21754805544036487,0.2354404724014456,0.21432789922330597,0.06415038749809437,0.08231067532754915,0.09771480234474081,369.7192302909422,82.95851744448687,75.07621756561807,0.1201824659399212,-0.07903833970785439,0.09395102868324502,0.014912688975390493,-3.8047645864318214,1.0095291087902323,0.8978566900632518,-2.4646037660826625,-2.6154944313951876
2022-07-29,0.2437828114006555,0.2318736469546545,-234.1836999181766,0.2217657830667763,0.2232483003903254,0.22616939361207605,0.24017194364527805,0.21410482398939737,0.0598738385759316,0.07903342889334176,0.09761036087922323,346.9784544987308,83.48072811056772,74.21397188856544,-0.05008511358452667,-0.060070850910036916,0.11488937186291545,0.05481852095287852,-6.514013741798715,1.0721508520370062,1.448604884565717,-2.520280725673729,-3.144077053583243
2022-08-01,0.1707970833168057,0.2400717627063229,-200.22706118319277,0.2166008463243836,0.1954257149020333,0.22146661419431402,0.24627938888910067,0.21380983925599348,0.052526588593381905,0.07589914529006145,0.09741905663644204,340.7742122566163,81.51001642834271,72.7999809069247,0.3404616853142099,-0.10619476653375332,0.14137960029970636,0.03518483376595297,-3.8549278319768434,1.0582473975475195,1.3433941703382684,-3.2035560165983914,-3.7501636671383998
2022-08-02,0.2615861303134017,0.2409276988506112,-172.31786973413614,0.2294986507749774,0.2882936519308661,0.21275279700136623,0.2481392616850157,0.21365662640153782,0.05159091918473214,0.07441853728416803,0.09734584702523774,328.3359004829464,81.8192200916209,72.66034192879924,-0.08226671578687313,-0.15385921335390682,0.14961995078534404,-0.004239262568562723,-2.8336984420471154,1.060894867675979,1.4471824972766982,-4.704542898158347,-3.1334074176191162
2022-08-03,0.2538957074082284,0.1803223365851929,-134.3881462186775,0.2498813053765021,0.198948861980396,0.21852993949593577,0.24720021009843346,0.21298208788402043,0.05268966543935908,0.07443119044583929,0.09698814798977172,331.51480147125915,81.0986994090315,74.32299988792714,-0.34217757374402785,-0.123275547482367,0.1489905077638606,0.02571496028149353,-2.9772551636600135,1.0861257410494662,1.482029617988954,-2.817595692883922,-3.5444081842110524
2022-08-04,0.2037829274493354,0.2570200371628353,-344.66800033390143,0.2121628036358482,0.2270891954707772,0.23004309645192333,0.2496142845509989,0.21296931456493096,0.05193538013706593,0.07452567213451783,0.09698211275139672,318.1930716618073,75.77252158814312,73.7003178196465,0.23209870129295246,-0.08165019738088626,0.15876877237343995,0.0771185749925537,-4.204624368779849,1.0870184887713257,1.479854505342544,-4.129412001487445,-2.8548269020138375
2022-08-05,0.2998043287021725,0.2673439354347122,-211.9742043944467,0.3392009424883029,0.2985835750866759,0.23713715414793488,0.25348267954076126,0.2130311164360919,0.05010868224009496,0.07454541735942362,0.09701193511369388,-1252.1595908285367,78.32333356169819,72.98706312464563,-0.11459404705190283,-0.06665681218163573,0.17385725381972075,0.10720044163808491,-3.203559535328336,1.1010808176485063,0.5897631048825959,-2.44159892850147,-3.3390598771578537
2022-08-08,0.2402645448535199,0.246662981438571,-8.623708915600162,0.1964092481011032,0.2470095175870641,0.2384553978943845,0.25492695185816683,0.21304992253786675,0.04943717606714762,0.0744842428285854,0.09701802139656908,-873.2839129317639,76.08620296129492,72.76392058600167,0.026282370793380607,-0.06679475890401072,0.17945052445945373,0.11265576555544293,-2.983798376893395,1.0930272455718293,0.5548831933668716,-4.570087279041864,-5.022017010958182
2022-08-09,0.2311597161504996,0.2307835872581467,101.29760693917848,0.2258681360023771,0.2347960484252245,0.23642657557589158,0.2509645041855624,0.2126866069972589,0.047941252136943856,0.07443716576850504,0.09677961712728596,-558.8082160567703,75.90360893441711,75.10135388168555,-0.0016284638079982095,-0.059673814496720365,0.16549175795280252,0.10581794345608221,-4.718572682660177,1.0333506994748403,0.7968553763953077,-3.3087910090125017,-4.590861880513343
2022-08-10,0.2302608251475346,0.2179155978707538,-32.17002597740111,0.2182667781271283,0.2297220289703094,0.2439452278330038,0.24467241140662516,0.21256806850860246,0.043139186982940406,0.07445058169456352,0.09675488918092606,-419.26897565420114,82.03008056841894,75.35570631581162,-0.05510486669550809,-0.0029764955339231947,0.14065796006871867,0.13768146453479552,-4.469307065177538,1.0366878373364212,0.7762323949047539,-3.5492085222168988,-3.2809304657770135
2022-08-11,0.2382423302181382,0.1856088807033526,320.5293663973729,0.2350615192628149,0.1917091283661083,0.22966299654110722,0.23781262988470292,0.2120668500233694,0.04091167843626342,0.07408953876742035,0.09656776144442891,-295.8319249683697,91.78141375023398,77.32568029588812,-0.24964668203262344,-0.03487009222971414,0.11458153895540334,0.07971144672568924,-3.1383934239499096,1.051851563908634,0.8222053203534495,-3.0972179382682934,-2.6393011689088857
2022-08-12,0.1386702070802212,0.1800510189355009,-225.3967861650475,0.1412891147110091,0.1777443844873447,0.212204413241265,0.23529481987086545,0.21188965245183572,0.04289296314749557,0.0729393745580954,0.09658577316415466,-245.51676532278526,90.09684231344343,76.09137656469339,0.26114174616391894,-0.10328925697347677,0.10477364863413664,0.0014843916606597908,-3.31166925549504,1.0656427498618395,0.8070791448247808,-3.2737391966352414,-2.4384859591856185
2022-08-15,0.2502592996840467,0.276984600705155,-380.3384097233669,0.2515040516577929,0.2722402350389936,0.2182687370945818,0.2357351986020339,0.2122303972169807,0.04329169066743464,0.0730272805842574,0.09666484038596997,-229.52089945391353,86.34317458954199,75.43684580211742,0.10146433244033162,-0.07698209268952277,0.10503667136551482,0.028054578675992037,-3.8758751152363744,1.0630962099478174,0.6929814640449758,-2.39277548130655,-3.4958943137440355
2022-08-16,0.2421866830268086,0.3339476860096169,-151.7157514440334,0.3247524539826001,0.2548796644386697,0.23890155684487585,0.23741670480210897,0.2124504473586553,0.04646872230113715,0.0741318313376114,0.09687967569432068,-192.54024644721838,85.62124311571195,74.97692256797394,0.32127550576210523,0.0062347256959498125,0.11110807306527205,0.11734279876122171,-2.661078982441165,1.0935184690042425,0.6982966823595179,-1.8714738948103002,-2.2714343667742805
2022-08-17,0.3629055289494407,0.3918967529687807,284.02933581340375,0.3874531120924018,0.367340392195048,0.2736977878644812,0.24208683371774878,0.21321318329175587,0.05653360750346283,0.07625622959462985,0.09753923047163038,-160.3235640805455,90.63806810796227,75.69459521790891,0.07685587024900398,0.12272805486465553,0.12700395310559745,0.24973200797025297,-3.9064028333559064,1.0277203994884985,0.5250889615802535,-2.163587335893867,-1.7488082896672417
2022-08-18,0.364353260144981,0.3710408161117398,-65.9175546421169,0.3577542335947759,0.3704976467748224,0.3107841749461587,0.24700958084488853,0.21348332119409036,0.0632202483085193,0.07798767433982669,0.09788321729105531,-136.3795473526667,92.13350667687249,76.28319749083212,0.01818818111493481,0.2296715753141061,0.145868415975098,0.3755399912892041,-4.362740754198031,0.9461641206313212,0.6545411978219414,-3.2943234989648,-1.685067389290276
2022-08-19,0.4083152181525062,0.4130903237580745,-43.08017383216173,0.4241083606306524,0.4149270013480639,0.35739203591067337,0.25822574922798736,0.21347496896805263,0.07167681754442279,0.0805846108524652,0.09786602541625035,-115.82939534895328,91.46593304845875,74.01910687177971,0.011626801024254925,0.3249991197283895,0.19031461491465926,0.5153137346430487,-4.69058001531227,0.9093691101497516,0.7705017606665581,-3.8540574079541483,-1.456548149417395
2022-08-22,0.3847330928495949,0.3831396442397046,-154.38509515956457,0.3714797710830697,0.3879586285023522,0.3786230446175833,0.2642034484502159,0.2137797371667335,0.07693943347940878,0.0821574744890221,0.09827605825987003,-104.78685361421083,91.0074513666263,73.30235006229047,-0.004150299444646418,0.35982166047751313,0.211773225037985,0.5715948855154981,-4.105677088258558,0.892872910775647,0.7755895348632789,-4.41464667999813,-2.242854578682745
2022-08-23,0.3702281773292042,0.3672173168942474,-247.6173128528277,0.3563306563294066,0.3462693865715915,0.3852769707945094,0.2683394750541608,0.2145342161424026,0.08024034794492174,0.08225079345838954,0.09872786661033559,-105.11020771760157,87.33253620056391,71.10392716507918,-0.008165694111658597,0.3617096034122378,0.22378363542694396,0.5854932388391817,-4.599061903804742,0.9047784460368132,0.32908878266271724,-3.0818784206612926,-3.403110283554008
2022-08-24,0.2999812881445258,0.347061698077765,-115.11363227044336,0.3444602747164165,0.3215350171477911,0.37630995981630627,0.27812072875243177,0.21513284595451623,0.07710184948610271,0.08117056333231026,0.09907668580503136,-120.00558436298324,85.84029182100694,70.8972644548356,0.14578246854089097,0.302357869496439,0.25679957003404164,0.5591574395304807,-3.775516025630078,0.8912263478317689,0.3736798561627484,-3.3220735099661933,-3.104764970289466
2022-08-25,0.3800488214657354,0.3430628003947982,6.096123140856776,0.4210006178415173,0.383786446697909,0.37071435667291797,0.2853011561530268,0.21525689820472177,0.07607029162871412,0.08190381090307812,0.09921783607642932,-100.50825002371344,85.23460528881732,70.16281841199984,-0.10238620007255263,0.2618865273323921,0.28171312041980523,0.5435996477521974,-3.2910656455234006,0.9014463475106392,0.5825062436280452,-3.723283897758622,-3.5763362301673305
2022-08-26,0.3143607507876051,0.3239213029199113,-199.05953611706343,0.2813114004106416,0.3230847365915705,0.35288055250528527,0.2899035389512897,0.21498749474491827,0.07544969552789649,0.08233519797019324,0.0988286619862284,-98.75204183365778,82.17100352050025,67.81122759180668,0.029959379766473625,0.1965813781556013,0.2989683808839388,0.49554975903953996,-3.1754970333984747,0.6648991058342324,0.5875777255779077,-3.7661754805320893,-2.4172215997393844
2022-08-29,0.3366181348979835,0.3375872376089228,-24.035995023680243,0.323564608457588,0.3423127230988561,0.34377007117912894,0.29477931269641966,0.21528317445208428,0.07521042073355996,0.08240732998940782,0.09908513476467704,-89.94248852568217,80.04953944573383,68.32609680791472,0.0028748017084576716,0.15374605233651326,0.31427273182478194,0.4680187841612951,-3.976662084087158,0.6668791469133862,0.572862951270096,-5.2074602166215875,-3.0888918217480255
2022-08-30,0.3770756497111942,0.3254336087298966,2.939076343347267,0.3383114567400351,0.3442695933183177,0.3354133295462588,0.2990046081903839,0.21590891471200652,0.07439516377276244,0.08190518929069637,0.0992854204206115,-81.179641221808,79.89354073208423,66.42159898965281,-0.14728735587305072,0.11490460555641877,0.32560235768056406,0.44050696323698285,-5.122997501442106,0.7034676600411439,0.7758531540272523,-6.49411976639436,-3.175248772260075
2022-08-31,0.3108126127525108,0.3060240677135324,12.96842391622647,0.2911368985557496,0.3111489345664386,0.32720580347341227,0.30528969474680084,0.21608165393413845,0.06895151325423982,0.0810874014233143,0.0994048940213498,-73.8118127150628,82.27600530775796,69.67489668206086,-0.015526447723842506,0.06932819669133937,0.34560478093424496,0.4149329776255843,-3.9114213859030196,0.6744561214518209,0.7741666563357884,-3.455764347763385,-3.19326581944957
2022-09-01,0.2743023817871659,0.2981785146800564,-153.28735166606663,0.2856041630856101,0.2938831530860795,0.3182289463304639,0.3073476186226619,0.21600910000941118,0.06804326040566676,0.08121109370125118,0.0993380371514077,-64.24278028167105,74.21282111565874,68.72381764200486,0.0834612686489098,0.034791665522593614,0.35265887875696095,0.38745054427955467,-4.794034298644848,0.701968857899466,0.7725751951838241,-3.602514837734728,-3.103667529574125
2022-09-02,0.3282550146839691,0.3238763461749134,152.16386139065844,0.316189621407946,0.3192102762786946,0.3182199549814643,0.310174239159672,0.2165272795305285,0.0674657530816948,0.0784444153702461,0.09956212679953952,-46.035876992415794,72.62338518544117,68.02231357249444,-0.013428994754721372,0.025608624622838656,0.3594176594316311,0.38502628405446976,-5.802281626484015,0.7993160265412049,0.7977407586682137,-4.025624134007112,-10.00980975273363
2022-09-06,0.2770047940881999,0.2643664641695418,31.52187216270289,0.2583482096110403,0.2916626269299729,0.3035758002935881,0.31105941329622055,0.21709360641358005,0.06670040269187759,0.07571684571228675,0.09942934362583887,-44.02859793850064,75.09975266504524,66.4764658282116,-0.04669855076503275,-0.024352600304567387,0.35965530698108333,0.335302706676516,-3.40176502317214,0.7755333247528524,0.9573861713760378,-3.386938016053014,-2.6142761081202024
2022-09-07,0.2962357133858804,0.2590607516982199,-106.6564199735788,0.2869831918473902,0.2441512060182646,0.29030122888725274,0.31247327151822424,0.21732746654466412,0.06519186392825564,0.0756708553837827,0.09945913546924308,-54.42629928413851,76.57306944931575,67.40464525341812,-0.13409286969326192,-0.07359983019203613,0.36311365590898204,0.28951382571694584,-3.150470123052029,0.7840854905378047,1.088741644831408,-2.73620904907227,-2.712467085716347
2022-09-08,0.2257871289806821,0.2952829452770533,1.4613872713127307,0.2783443011383335,0.2318974833907674,0.28815300439995695,0.31634163888853917,0.2172235332465135,0.061475143318591455,0.07529187987161826,0.09936361500544444,-52.74472862170281,80.85144832788345,67.8765217510805,0.2683413849608038,-0.0933311609616615,0.3758958348328218,0.28256467387116035,-3.0694473252711734,0.8000613848394624,1.2056864484778562,-3.4764658680940888,-4.533675685447942
2022-09-09,0.2525109883843575,0.1670210923991217,440.4105879784127,0.2384269224507842,0.2203630308889561,0.26192151994377,0.31541224947332763,0.216552717681763,0.06365737561032066,0.0749790315743971,0.09913298975138683,-46.75066754265082,89.40646265299937,71.61463960369755,-0.4133346598899062,-0.18583559498369231,0.37604649418758695,0.19021089920389475,-4.013840274591735,0.779531728069219,1.132553774599143,-2.3855357154830767,-2.031356980439632
2022-09-12,0.2808162729836407,0.2056328684803641,-195.9948814170615,0.2537258178677177,0.2202345726049657,0.23827282440486014,0.3166913419505708,0.21629550399754913,0.06099572725736929,0.07226755297384872,0.09907732897824033,-45.280572305251525,87.15792588159917,71.52784882132643,-0.31160823574002383,-0.28451127666386505,0.3812820680536853,0.09677079138982037,-3.396471209745412,0.7761005511870326,0.370182710967323,-2.411841222303485,-2.1350094100484243
2022-09-13,0.1791643459041672,0.195642168569174,20.08236765706772,0.1891121131653332,0.2020276889808512,0.2245279652847866,0.31262422034377174,0.21592709268968954,0.06626682254823714,0.07267606735807851,0.0989817751459276,-25.259533436229795,89.17369739446734,72.41516999270732,0.08798380194063009,-0.3310016288977194,0.3700610784295382,0.039059449531818925,-4.3493212684094,0.7807938080052848,0.5607249139959116,-3.5536119035323885,-2.677652494523292
2022-09-14,0.1961304662567533,0.1992506389998816,-313.56645319639256,0.175193845046182,0.1765054979786553,0.21256594274511892,0.305889367993285,0.2157058884558132,0.07068322874004444,0.07290293765951138,0.09895690052330709,-33.352068523847755,86.13696801333339,70.784002903958,0.015783442736126564,-0.3639712350484165,0.349307641766856,-0.014663593281560557,-6.636467156631137,0.9213142658774082,1.4030133206310218,-5.054237794316804,-2.8165805236549453
2022-09-15,0.1716498440592611,0.261844908399294,-171.1238044583903,0.2296188091052617,0.2189037147541155,0.2058783353695671,0.29938677576481065,0.21571573865681676,0.0682962693417586,0.07266289724676438,0.09896138801272084,-56.109725537437456,83.11629639573643,71.2579003680219,0.4222957643910571,-0.3744509125761903,0.3277747856616843,-0.046676126914506004,-4.536101844575421,0.9223541440555759,1.225282287169447,-2.715033429733666,-3.3980611982975226
2022-09-16,0.2974759054307099,0.201041541207803,-134.28522530636891,0.2552333980591981,0.2317168780569964,0.21268242513130337,0.2908868120196138,0.214913688580375,0.0694776464251098,0.07253253319640997,0.09825923323824154,-59.52810907065005,82.85811287079329,71.24816930230435,-0.39182167217607367,-0.3131341380792364,0.30269773031190605,-0.01043640776733049,-3.750052125988801,0.927109127090875,1.2612517899749702,-6.325035759336577,-3.3807934996064004
2022-09-19,0.253021607164277,0.2837848909420559,-110.37053171863262,0.237793790788876,0.2788860260861052,0.22831282962364172,0.28442154037881284,0.21449756816476304,0.06324408354132993,0.06831906419051292,0.09774299231204206,-62.8926269649736,81.81485024122479,71.29398821044404,0.11474163601644936,-0.21974068649619685,0.28215903371298107,0.06241834721678423,-3.191936097536532,0.9438636603529345,1.309741517314517,-3.81944461981623,-2.549099343221211
2022-09-20,0.188926643887064,0.1801037213751635,-26.63553220682971,0.1788310540071607,0.20924978955223,0.22520514018483961,0.2742697442355858,0.21446298038371053,0.06285833361397387,0.0690761129866932,0.09775366915867605,-56.50514881733686,75.53313520194322,71.29844009734627,-0.04782589734141276,-0.19710036914819465,0.2459749522805975,0.04887458313240279,-3.4926965595806734,0.9536567240311542,1.3869489267059283,-3.866198193924771,-4.164437862200637
2022-09-21,0.2026240096311582,0.2736229042368605,-21.770886344879894,0.254250541670749,0.227909246621075,0.24007959323223535,0.26959002360271644,0.21455293039250803,0.058935916769871775,0.06909912421970019,0.09779788571213778,-45.212827491939464,76.82200828678468,71.69731629112557,0.30039880420989795,-0.11593186708275072,0.22834590424847181,0.11241403716572121,-3.6366174172213523,0.9499288640942455,0.5010951459657984,-4.589101314097674,-2.5986721857153467
2022-09-22,0.2731353422303209,0.2744751681334492,11.452572699746383,0.2637929089162369,0.2841209320919589,0.2426056451790664,0.2659606971055007,0.21451697705192196,0.05607981506616505,0.06893009196116272,0.09777409973874635,-38.884517243429976,76.4815733496416,72.53122283206329,0.004893363261960067,-0.09191127688985361,0.2149596602910263,0.12304838340117281,-3.8957548928762793,0.9486548905480794,0.2688589603379046,-2.360516722365067,-4.371659777973296
2022-09-23,0.1917198203804755,0.2011504462526741,80.55207670771779,0.21055461769039,0.1945365160172971,0.24262742618804062,0.2588650793983945,0.21418864637478072,0.05477352701438463,0.06765202865082733,0.09768019444979398,-35.161719565086926,78.01642023404656,72.30779896729389,0.04801807949394705,-0.06477995582137167,0.1894498451826039,0.12466988936123241,-4.134035841673342,0.932700530260867,0.3631082204434964,-2.624548679171237,-9.125034203376606
2022-09-26,0.3032498275705522,0.3391786322029366,38.28490148825125,0.3237950409106074,0.3163830085966896,0.2537061744402168,0.25962794586254573,0.21450036946411546,0.05582348176485875,0.06646072086679194,0.09795493822434219,-23.294497684821195,74.97730499341654,72.60772485678778,0.111969928029702,-0.023072824863772476,0.1909381679277446,0.16786534306397202,-4.904650610892624,0.9253487049977873,0.5558363317798664,-2.737940538421855,-2.8932886652412124
2022-09-27,0.2700145035229462,0.2357919388681324,44.805084825471454,0.245939431016676,0.2782536992078315,0.2648438179388105,0.2545381809255062,0.21439880879035456,0.05290575092022925,0.06378070109505211,0.09791949972860672,-19.85244369236361,76.99309334618944,72.36958786521798,-0.13552587309830003,0.03968943795187182,0.17161297485506707,0.21130241280693893,-3.432246406627512,0.938883215145572,0.5704415474932917,-3.3627031068554163,-2.8879866895608193
2022-09-28,0.3260506711709157,0.3699008629842049,-80.32069279053826,0.3573441168881568,0.3322045125532447,0.28409940968827946,0.2567615436382217,0.21485899245354131,0.0568307140000696,0.06466793482552809,0.09837964587339716,-24.015432149057887,74.38027570402612,71.2078361383966,0.1261822295281128,0.10117640261300039,0.17816584450292275,0.279342247115923,-3.6833108144119797,0.9136865589181797,0.5633297410767628,-3.482768756761378,-2.340515867503643
2022-09-29,0.3098442267518799,0.2780929046664164,242.82669651730737,0.2704730232924834,0.288795306241167,0.28482295699487287,0.25536498548586584,0.21504514297683916,0.05589185714771113,0.06404324261176979,0.09845536416858894,-12.522518519003842,81.7268234123968,71.11509439892505,-0.10811442952850017,0.10917394628159903,0.17184586401169266,0.28101981029329154,-3.9996373123971534,0.9131486600160835,0.5599684762709702,-3.162945361079821,-5.6219067158416065
2022-09-30,0.2391074617716277,0.1489737084177016,-261.2117141779325,0.2220433160594002,0.1776776224778169,0.2743876094278784,0.24790474517274808,0.21476319805647057,0.059704137234994674,0.06545021106838396,0.09854355642011904,-17.918736644597136,78.67718491184566,-128.9504508234166,-0.47314324491826,0.1014971593486216,0.14350856358976455,0.24500572293838616,-3.115288775286478,0.9196015999183685,0.6844969550919761,-1.509922249146261,-2.953118518763839
2022-10-03,0.1233912522374884,0.0915011363283069,53246.830208433945,0.1112468327729452,0.106781963305707,0.22485211025295246,0.23628598468041778,0.2141085293007453,0.0663791299041056,0.06860590737897505,0.09881732587201725,2636.814580707567,446.2063709622042,128.80071291208557,-0.29900882838003984,-0.04959997255106063,0.09855983815070832,0.04895986559964778,-5.4115152997421125,0.882230083741977,0.8905184877179818,-1.6788321054856215,-1.3956277989571846
2022-10-04,0.1278694263767708,0.2173048070148806,-18146.52727997048,0.1798087528844263,0.1533935706639266,0.2211546838823021,0.2339329018226847,0.21408185774625885,0.06616511270586671,0.06861164172028562,0.09881555260664882,1727.9121231009078,270.19987074354714,104.23937341962872,0.5302913717517562,-0.05617194613889941,0.08867587517572556,0.03250392903682598,-3.6338163500175256,0.8760049220427432,0.8666859105627063,-2.683390292502525,-3.9906803644226367
2022-10-05,0.2305335246100388,0.2989810038634251,-9803.916397837324,0.2806212637457181,0.2501400880614497,0.20697071205814616,0.23592891443094496,0.21375683754232958,0.06755067729658087,0.06850793252680731,0.09839960500595774,1243.049124207721,209.9382029556033,82.23488660264047,0.2599837442885241,-0.13095325400114388,0.0986914538070113,-0.03226180019413263,-3.4906459765890676,0.8624178768270354,0.8866013573453662,-1.572720967945651,-2.6462047842307284
2022-10-06,0.3154771176970681,0.3287387026983759,-4471.179320054982,0.3285172655823576,0.3343761282584987,0.21709987166453804,0.23760170230201108,0.213542654076223,0.06948440851111178,0.06824764479459021,0.09808908843835439,1019.4170888414059,182.4677948551667,75.26106352554666,0.0411770662440022,-0.09023826628475293,0.10675915441890259,0.01652088813414962,-5.139799776799451,0.8704882133440678,1.0419462283005532,-2.1943237277203678,-2.982899012598394
2022-10-07,0.3329371101552469,0.2013541635506137,-2588.408503636386,0.277053824287031,0.2289814478178766,0.22757596269112046,0.23931835585958572,0.21255512236629023,0.0680583731958235,0.06834149929083402,0.09695295766999674,867.976134260666,175.13118058321453,73.35101959177645,-0.5028882484927427,-0.05031061385088088,0.11859334435098115,0.06828273050010014,-3.035047560620832,0.9020676337342098,1.0624417329573774,-2.326602820164506,-2.949221750881289
2022-10-10,0.1944389893106661,0.2251722490601762,-1886.8685607033835,0.2161898243689228,0.2537169464895852,0.2543101852374943,0.24029532488857627,0.2113290321937314,0.06768861055836196,0.06838867354028419,0.0948154487900584,783.4324502963499,164.2117042227704,70.71017309788928,0.14674722648391883,0.056686036439275625,0.12845237407496318,0.18513841051423874,-3.2826913508787507,0.9067082849428528,0.8270725787217411,-2.267541808174509,-2.0123728785636703
2022-10-11,0.2048807512813306,0.2549323390615496,-1202.1418970428426,0.2145616758439397,0.1972345693960844,0.26183569164682813,0.24325983341319507,0.21145831477488314,0.06692406678502151,0.06839664554029574,0.09485292217431848,722.3212370613544,155.84693472373638,70.77947005949274,0.21857006411877897,0.07358703053277901,0.14010225958242775,0.2136892901152066,-4.055483157005149,0.9037669765769523,0.8379726695438869,-2.9266134671263733,-3.2800192612559984
2022-10-12,0.2543045630721474,0.1317483397295293,-844.6889317379863,0.216536078758005,0.1725092296086448,0.22838915882004893,0.23988471844967746,0.21089764535442612,0.07084748615537631,0.07030962048299816,0.09490837120293219,695.7651131342748,156.62426605440223,70.07548410685462,-0.6576390302560979,-0.049107457255153635,0.1287855454755105,0.0796780882203568,-3.1229556232250326,0.6836803166992649,0.8867048784448972,-2.3706079779559954,-1.788369237759261
2022-10-13,0.1374778284852329,0.2417983277183859,-1091.000602443973,0.2175146663049321,0.20660754105096,0.21100108382405094,0.23888238941563208,0.21125066964625278,0.07066201178633423,0.07017890576287887,0.09485830030341705,649.7712732349956,144.44599453900355,69.16641350969128,0.5646413654617501,-0.12410806624826452,0.1229259001626662,-0.0011821660855984276,-4.518339010286295,0.6827492134648737,0.651574376449416,-4.332550127564902,-2.4425327403414205
2022-10-14,0.2533754722715451,0.2405487785865623,-717.5350002669365,0.2027309219112418,0.260888281044894,0.21884000683124066,0.24085775128457004,0.21099499186697257,0.07009845867126906,0.070204313574174,0.09469203329155959,620.6087844869672,141.56704268788283,68.34695615732142,-0.051949578147593614,-0.09586561518450738,0.13237211762905451,0.03650650244454712,-2.844602853705746,0.718550150317836,0.6970477523808445,-2.2182399109559943,-3.239215913153977
2022-10-17,0.1987544819941549,0.2245966381394062,-596.4577547163536,0.2277484271291294,0.1998143825351039,0.21872488464708667,0.23789833864443755,0.21087522352800764,0.069437062101218,0.06974259057729157,0.094655665826905,596.3044233370812,139.1941336743841,68.19934176614309,0.12223576978536264,-0.08402872826044883,0.12057683299678337,0.03654810473633453,-3.5779090976931047,0.7064102223749383,0.6794574360529565,-4.062747668651081,-7.460078610285331
2022-10-18,0.2249365174112019,0.2519251962756592,-257.8564607814648,0.2390898370142427,0.1718896302076893,0.21812345608990857,0.24148941238946228,0.21123196958497567,0.0681357874157728,0.06974919091888997,0.09464158195940252,584.7433769083493,141.15045815893325,69.86386869939295,0.11331398571472802,-0.10176441626035636,0.13386871957652316,0.03210430331616683,-2.7000789539792955,0.7468366442730293,0.7325115747717241,-4.476212689902528,-5.806764891603455
2022-10-19,0.239875087232082,0.1817068126176879,-232.8818885499848,0.2158160469860086,0.2523323692831827,0.2281151506675403,0.2368936078085037,0.2111333507139835,0.06894933095771674,0.0703963476837511,0.09465952117252092,574.1878267980942,141.28826386285036,70.73214109661288,-0.2777238495167261,-0.037760579894783264,0.11512120038632093,0.07736062049153782,-3.3099959321277037,0.7536932535989033,0.7225490169350539,-3.1491206485026972,-2.996563160882111
2022-10-20,0.2138522346255054,0.0546314387575574,-297.39107025325256,0.1830458316527767,0.0874980044434448,0.1906817728753746,0.2259014213397091,0.2101015233411797,0.079378094510494,0.07390821748966783,0.09495463703768131,558.7456446504442,133.28518101467634,71.61465567886786,-1.3646757656567021,-0.16949278741131021,0.07250785697430337,-0.09698493043700675,-2.3481283483834834,0.8163397348359607,0.4897695361841516,-1.6230615059974343,-1.6757546057921593
2022-10-21,0.1047324715014572,0.1668069826207898,-537.1979648080226,0.0906254344479227,0.1401670365171452,0.1759334136822201,0.22418424815811488,0.20924748542600435,0.0803077384090838,0.0744546747809696,0.09437595367888993,527.8581425746572,130.72939099528494,69.99446312662286,0.46542814298506757,-0.24236265807573198,0.06895055796014805,-0.17341210011558394,-3.0049425165414627,0.8228141597305185,0.48587426600347516,-4.2064054756999685,-2.6071855310920307
2022-10-24,0.203571076064128,0.2025332597730438,-461.3752763303562,0.2073523550450398,0.2219908062596487,0.17152073800894763,0.21735197953662025,0.20860445475400244,0.07568938713241531,0.07471250394748163,0.0938684601335208,502.87513368372686,126.94286472174862,70.02416025380853,-0.005111093178589371,-0.23681388436165318,0.04107816716938516,-0.19573571719226798,-4.224103567397122,0.7803259028501833,0.7142248213532345,-1.9112065968632472,-3.813836132441468
2022-10-25,0.1943983044364974,0.2583274083693672,-320.8153522620691,0.2219869442550277,0.231925837989487,0.17280118042768922,0.218478753011682,0.20844006818277325,0.0761447183307548,0.07468524675055604,0.0937446776307115,484.5941118293498,124.93305987043401,70.60511258693737,0.28431863512401,-0.23454708206099315,0.047037212435581184,-0.18750986962541186,-4.611299558827319,0.8111891482236876,0.9175107597562828,-2.3911930993883774,-5.051111708694256
2022-10-26,0.3142516002291167,0.2722374495569215,-248.3796573924609,0.2818726378246596,0.3105826506874107,0.19090730781553594,0.2135955823403178,0.20837298665370368,0.06868953011973458,0.07468801482960541,0.09369277954518021,476.1911635992536,123.66536340946193,71.29681461640074,-0.14351927788814686,-0.1122964140891484,0.024754746050331625,-0.08754166803881672,-3.5505093368258898,0.8114928159222567,0.911363194120448,-2.6634948513454253,-2.402066955849224
2022-10-27,0.2310521705675436,0.2952359687171482,-166.913006486068,0.2766186993420887,0.2496200862444788,0.23902821380745407,0.2144527355428544,0.20809276382168407,0.06963715481415367,0.07417428166450112,0.09332561576535792,455.7041784490849,123.12328240500543,71.97979255245666,0.24513139891655072,0.10849222739928324,0.030105406774740474,0.1385976341740236,-3.611969781052313,0.8072916773716204,0.626056421265258,-3.299311767095909,-1.424600647856576
2022-10-28,0.3124346609565376,0.3404569670300512,-357.3662263035964,0.3189758168678107,0.3239412792672245,0.27375821068930634,0.2240268984734719,0.2082800709779846,0.07323128635558503,0.0749268776175625,0.09354471539961415,450.8964528428017,122.91164530551052,70.12660746387834,0.08589337352342634,0.20047914694993815,0.07288245804036741,0.2733616049903055,-5.3052488540160985,0.8791980219105854,0.7315332025570308,-2.68502457511648,-1.750713589574601
2022-10-31,0.3370552113851861,0.2474712928092408,-253.26224213827803,0.2988185218608414,0.2693586814256314,0.2827458172965458,0.2318254062975186,0.2082436058238051,0.06635781484638696,0.07493670626708426,0.09352758403547135,-2224.1081696858096,122.22351134311332,70.2806076018679,-0.30895216230487504,0.19856379265881388,0.10727595304107132,0.30583974569988504,-3.524727284282416,0.786639352753648,0.8035781243301058,-3.041468910420683,-3.1024707818477832
2022-11-01,0.1877790519782394,0.2578855095608561,-127.0653026724624,0.2371717815473895,0.246083879029467,0.28265743753484357,0.23385444142481737,0.2080583097388518,0.066510693141136,0.0749183068210987,0.09338246937578235,-1323.1350708209088,120.24948478049895,71.38176450613751,0.3172497087975525,0.18953681974602352,0.11688050091656718,0.3064173206625907,-4.720345657562878,0.8225531833668933,0.8214999802430452,-2.494091209392183,-7.7244296421175065
2022-11-02,0.2751231828113796,0.2613749188863319,-222.49769681027655,0.2473417007939087,0.2762392207136797,0.28048493140072567,0.2319741371759627,0.20791984706598066,0.06508899591832036,0.07482279892399538,0.09327716813063919,-844.0641357695562,114.85289638467471,72.16360756715387,-0.0512630874541513,0.18989411526083716,0.10947323297203959,0.2993673482328768,-3.543999503471027,0.8219283727309816,0.8226771962912696,-4.275605604010378,-4.522435964865078
2022-11-03,0.2808233498251629,0.2577561675741773,-41.957146303582135,0.255979422990733,0.2833536918523354,0.2729889711721315,0.22842501041975277,0.2076906252941168,0.0613636170018854,0.07461836361998044,0.09308302765309576,-622.6030270819863,114.68977771257167,69.98161022470602,-0.08571177221891692,0.1782234212317077,0.09515838043798311,0.27338180166969084,-3.598151799454112,0.7490075944699983,0.8249198782599491,-8.953050601937,-3.283953127309798
2022-11-04,0.2509533990416739,0.2285696722026884,-94.56950183363745,0.2381218687830655,0.2345184587735196,0.2506115122066589,0.2297857858523565,0.20738468962120143,0.061032576426893366,0.07408896927344374,0.09288722375065916,-497.91107699184886,107.77146324205484,70.79904946233063,-0.09342618567626361,0.0867564709076782,0.10257203653687283,0.1893285074445511,-5.625874656980601,0.8578285006394797,0.9423899104216173,-3.4171668165170743,-2.190263210527234
2022-11-07,0.1637821663469898,0.2522501305327123,-214.856424888636,0.2262201458527606,0.1973924244907507,0.2515672797513532,0.23113967992598328,0.20743991977487497,0.06122488047643445,0.07332598480381694,0.09290986692381804,-414.31047020111157,107.94713592999503,69.08114088091928,0.43188388577596915,0.08468826490242375,0.108180448292385,0.19286871319480892,-3.54641780749982,0.8522098256523803,0.9385312555059218,-5.201910144811591,-5.343557916130983
2022-11-08,0.2705297875008483,0.2014055978017008,-276.48426558825184,0.2262489743284401,0.2451000853867064,0.2402712973995221,0.22846334286299083,0.20680722766844728,0.061299954154382004,0.07372468035766602,0.09240687817432587,-368.027588628382,109.67803833224694,70.17296759862612,-0.29506143802919177,0.05039291838822361,0.0995886802931311,0.14998159868135472,-3.97118342474204,0.850916719925822,0.894865555699916,-3.6058599727788287,-2.873870248136273
2022-11-09,0.2172013808873161,0.1461960174898289,-222.7581399007899,0.2013288178506216,0.1562610882331125,0.21723551712022152,0.22918572675100585,0.20606228179455896,0.060175046161647754,0.07457496624101961,0.09214036850468299,-336.9310490365222,108.49399852463435,70.79145348037814,-0.3958766389229703,-0.05355061134683194,0.10635424678824201,0.05280363544141002,-3.099588818132201,0.8518573559640825,0.9768847723435966,-2.243805814726511,-2.161268695093716
2022-11-10,0.1415642023204602,0.2031874037931853,-280.44390768818715,0.1500821513631205,0.1803539232447599,0.2063217643640231,0.2272551805547458,0.2058430394346586,0.06036816098421733,0.07280429073577205,0.09208148476900209,-296.4032142987329,99.08611113294116,70.73416812728696,0.3613753837493068,-0.09663661639190037,0.09895959564790809,0.0023229792560076606,-3.497539621763439,0.83455262109673,0.9873936785662559,-6.330127827081238,-2.9082936518615257
2022-11-11,0.2451969837835301,0.2353632945828798,-485.1706344656981,0.2275438640944376,0.2376535310165444,0.2076804888400614,0.22699590635456168,0.20581844075977157,0.06031917721323673,0.07123465292629631,0.09207273862328072,-284.784996008671,92.09855980254814,69.89528348791201,-0.04093164812749732,-0.08893119631163891,0.09793755900610657,0.009006362694467607,-4.594263191882498,0.8306661752969124,0.5677989927538639,-2.4172411554342443,-4.991770992155622
2022-11-14,0.1794655944256784,0.1858552515472871,-91.6028986641746,0.1797899740932038,0.2051787291245665,0.1944015130429764,0.22505883702495572,0.20540665686816673,0.06101829401788336,0.06856492207297017,0.09193021417400674,-259.542253206062,91.2898477220146,70.42970396439381,0.034984638209403014,-0.1464361907695658,0.09137015964920688,-0.055066031120358835,-3.673448918285679,0.829606000255033,0.5596546783262061,-4.05519199105015,-2.712135349187412
2022-11-15,0.2548378864151943,0.242765929995075,-47.83383397230568,0.243002346299971,0.2603548959942867,0.20267357948165127,0.22460087371092655,0.20561683837687664,0.060840151720600893,0.06627117013298674,0.09195541871446722,-249.0411218656041,93.06570207513556,70.9380872457893,-0.048529875375044135,-0.10272823037132713,0.08831050342442946,-0.01441772694689769,-4.054015826941601,0.7891149930817757,0.5683604668643844,-4.905919205390528,-3.1854330170595224
2022-11-16,0.2041526409639087,0.2888269148617848,-148.69655605640338,0.270975910462921,0.2141170599734061,0.23119975895604244,0.22995687882313137,0.20552955750983154,0.06157592883925846,0.06460855225055423,0.09186563893351558,-244.831855240925,94.71438135507599,71.05830212751269,0.3469596441096624,0.005390286251707692,0.11230195221023456,0.1176922384619423,-2.8671833894688294,0.8115701821198503,0.6429151853716862,-2.273301442054628,-1.9474951228592514
2022-11-17,0.3055829935310261,0.2963238326438175,120.5735859682306,0.2972234339756889,0.3235325464917795,0.24982704472616885,0.2420414985174444,0.2055671367730431,0.04745363787178161,0.06358032449183233,0.0919009853051995,-223.9336224298508,98.64250165905388,71.64690185574476,-0.030768520791195866,0.03165966441581676,0.1633365127253606,0.1949961771411774,-3.637839916308422,0.7335563127502545,0.6328176929133649,-2.9269919178366033,-2.373689883899793
2022-11-18,0.3529621111510348,0.2519983075685315,-52.82278042389527,0.3213554302210966,0.2748140412805662,0.25315404732329916,0.24630106476483146,0.2054096666165955,0.044046109076031625,0.062264184574994164,0.0917870378653495,-199.71486321064447,97.66051993297468,69.76402462424902,-0.3369383458318672,0.027443557976976295,0.1815482693721873,0.20899182734916352,-3.0674132775367617,0.7296080137736987,0.4836316122928584,-3.301480363705168,-4.096245588889719
2022-11-21,0.2158716042850024,0.2098654979792278,-160.4627801491581,0.2033521938997027,0.2234445586939286,0.2579560966096873,0.24666767667514064,0.2047951781094584,0.043691728988056205,0.061491677935758625,0.09123708104077886,-184.66923840158455,98.30379919910642,70.42174396228916,-0.028216966631738952,0.04474741011119216,0.18603164364990224,0.23077905376109428,-3.907415397066352,0.7260028568853862,0.5194418673291471,-2.44809266126762,-3.7292746050806684
2022-11-22,0.1942047812654181,0.2512911441450463,-156.54007018539602,0.2139765508528794,0.2353331545615762,0.25966113943968155,0.2463158634639246,0.20484137077888856,0.043621173103087794,0.06019492547663811,0.0912577669476149,-176.45547429775092,96.09539794641117,70.07987442661909,0.25769902788725935,0.052762760988271755,0.18437883161170596,0.23714159259997766,-3.8463942799342004,0.7064678857469958,0.4707776035641829,-7.254248768163327,-4.764727135896831
2022-11-23,0.2295627710706012,0.2250658399335012,48.2095823240943,0.2094564607814297,0.2061578922838198,0.24690892445402488,0.2439572829827536,0.20492130061314268,0.04342065052704586,0.05915992447896858,0.09126673033461566,-161.62601231192315,96.84990637942362,69.43892915661475,-0.01978352306748712,0.012026401500821599,0.17436713424182687,0.18639353574264855,-5.714266693226257,0.8137583310530851,0.9957090708409945,-4.186437354391288,-2.7526123856666986
2022-11-25,0.2181212918807293,0.1818136811684514,-45.70084618587492,0.2088209668752876,0.2026182021206199,0.22400689415895164,0.23828616860531876,0.20446576915018452,0.04377622391316393,0.058915686678277714,0.091095879141298,-155.5654042969135,95.87208521105526,69.90062446859015,-0.1820688599746367,-0.06179551160186398,0.15307176702534542,0.09127625542348147,-5.082760158155303,0.8455040911339233,1.0593887376187876,-2.666752852717541,-2.167091800744332
2022-11-28,0.1701211470621086,0.1658416716540318,65.04207073639685,0.1644756260996631,0.18560750190362,0.20677556697605168,0.2295554038365178,0.20450088311842532,0.03953386678774273,0.05902681594492718,0.09107922424322173,-134.44498944491383,99.51090891776299,70.24235153203439,-0.025477265030022355,-0.10451042384862294,0.11557211751696594,0.011061693668342979,-3.8569726768525108,0.7921238359558666,0.8666305820438849,-2.8264255724386933,-2.451588291528349
2022-11-29,0.1605932781155785,0.1663245520573948,-44.49172445118131,0.1531688086883686,0.1744482580682325,0.1980673777916851,0.22549806679892548,0.20483917042841474,0.041702914010847615,0.05845472773757588,0.09077804166635413,-124.006463560559,96.23331582039899,70.85513371605813,0.03506606663300917,-0.1297043212666342,0.09608644921758841,-0.033617872049045754,-3.850013489849853,0.785781952013222,0.8764622707094522,-4.167616848790039,-3.134053498059569
2022-11-30,0.1039208501377131,0.0811915867641035,123.19926902970508,0.0983880111926307,0.0881303059685807,0.16404746631549655,0.21666337065908783,0.20454862319343817,0.051940200593741846,0.061402368954900775,0.09105777504653528,-111.49323497545063,97.76127243484903,72.33651250014638,-0.2468179225027121,-0.2781890470623881,0.057539148315164455,-0.22064989874722368,-4.579726126628966,0.7794857999798362,0.8043981575308976,-2.469229167569139,-1.771371381694566
2022-12-01,0.1427690943856068,0.1465663364209888,37661.444016449495,0.1380483971753014,0.1489130845781612,0.14834756561299406,0.2109229415358207,0.2043483111839317,0.05307062099859791,0.06215540398913515,0.09113028577454468,1782.7038506875379,727.2296130419003,127.87484464852417,0.026249533693834707,-0.3519349239325573,0.03166691513574895,-0.3202680087968083,-4.522237436708366,0.7813290383492447,0.5264084418156771,-3.9241858925411837,-2.5446629788951456
2022-12-02,0.1372117710529958,0.1770382601223832,-13190.942949511506,0.1705079239532354,0.1273673924491745,0.14739248140378042,0.206887046163231,0.20440743755848684,0.052386406932433655,0.06180389553530062,0.09110765898058144,1125.2545605271418,507.3562074288533,107.47591901730888,0.254840361639859,-0.3390740032850848,0.012057728683908399,-0.3270162746011764,-3.1432923176505483,0.8009240489705949,0.5884851270815007,-2.345005516839989,-5.344273131749764
2022-12-05,0.1912126708908883,0.1845947788345374,-6686.501583037447,0.1966625591206496,0.1907844570639323,0.15114310283988153,0.20468830149482345,0.20446077622379066,0.05235129131412443,0.061569017576071736,0.0910920770923355,795.6579564669512,388.5743379119223,97.99971529695429,-0.035223230772486236,-0.3032612525655161,0.001112187742202826,-0.3021490648233133,-5.136521348645955,0.7550215041985961,0.7670523823420277,-3.26942091466356,-3.9763958240015134
2022-12-06,0.1857326737911941,0.2332328016341049,-3194.5875504817627,0.275046102027447,0.1995833211190962,0.16452475275522355,0.2037374350498931,0.20518786513932677,0.0516094005664412,0.06152801592602569,0.0905899996996584,646.6714001872949,338.5977934275107,92.48396620889359,0.2277287011784615,-0.21377105019093176,-0.00709389304743605,-0.22086494323836778,-2.5841157123771947,0.8127262996261073,1.076909792969768,-2.8789356529254877,-2.704433007391814
2022-12-07,0.2351500656648859,0.1436624942641513,-1864.058431740216,0.1833246834020512,0.1816736717485234,0.17701893425523313,0.20085027987301562,0.2051796109446703,0.05333307557469732,0.06231018084688575,0.09059553322140888,567.2926918796967,307.19544677088925,89.80272626427261,-0.49275712886880413,-0.1263030542012534,-0.021325992244552627,-0.14762904644580602,-6.406367055602797,0.9830981944216994,1.537128488100972,-3.1958361735100738,-2.7730543106084617
2022-12-08,0.1257603222707501,0.1583744904510742,-1373.443703340251,0.1140957445727828,0.1670891035936961,0.1793805650612502,0.20145920352107788,0.2049372835033588,0.05274247792966093,0.06280895376190712,0.09063954714984987,509.7584137077236,289.5308259351583,86.63944638021786,0.2305845300159645,-0.11607728620856911,-0.01711710122815222,-0.13319438743672135,-2.937588674773105,0.9920205527502447,1.6538617030611769,-2.592158136431304,-4.438964966655795
2022-12-09,0.2199336492839325,0.1930086987925761,-804.409258595381,0.1989065937425325,0.1832457395698621,0.18257465279528878,0.20095026827104742,0.20507731725842188,0.052774024031598046,0.06272548342876486,0.0905937720931018,483.5601461623639,278.9760683662085,86.42598750317961,-0.13059064734642972,-0.09589831011391842,-0.02032960948236545,-0.1162279195962839,-4.156591045036601,0.983685333452774,1.576546231881364,-3.008894425312092,-4.137015848742177
2022-12-12,0.1687903479476968,0.2116631562853772,-1036.959863358143,0.1940637079206562,0.2063474426716594,0.18798832828545675,0.19976526135617229,0.2052955317596207,0.05222384986472264,0.06267926156317286,0.09054345546007082,455.9706847177416,263.93149106534554,82.5653606969195,0.22633872548616987,-0.060763106696906835,-0.02730757533231748,-0.08807068202922431,-4.399479269684301,0.9792898106386873,1.5050975334031629,-2.9320316189353774,-3.6093891161682334
2022-12-13,0.2252410843819765,0.249120883914208,-866.6944104192847,0.2503086191922916,0.2423847398717118,0.19116594474147738,0.20292854297451832,0.20585872952925727,0.05324305810567305,0.06226355344409298,0.09037557964651947,417.2161091299862,251.32609308700137,80.54986495823853,0.10076694151071687,-0.05971204054537713,-0.014336242529591777,-0.07404828307496891,-4.837874379870615,0.9889652500121199,1.255611245727572,-2.88040228644462,-4.142185992934982
2022-12-14,0.2295923314971704,0.1959734943472524,-583.7359997511394,0.1927490321226876,0.2081229590702524,0.2016281447580976,0.20058892119212718,0.20619329123112012,0.0524221328245029,0.06211625890216818,0.09018257450863953,390.4210008410445,242.04108529459617,79.65729840147227,-0.15832584732153146,0.0051674877396879785,-0.0275563901535847,-0.022388902413896763,-4.175082259753437,0.9888500354925841,0.7060767772087764,-4.154753258796611,-2.950548603390074
2022-12-15,0.1568331991210123,0.1439213415011053,-356.4515240720744,0.1671258925349059,0.1535638667225143,0.19873751496810382,0.19334364252409322,0.2059539369111855,0.04951815721699253,0.06255262934310922,0.0902684270437847,380.033252440261,236.46307466580961,79.9961347225474,-0.08591590383580093,0.027515796939580183,-0.06318339970730717,-0.035667602767727,-4.300481611434317,0.9429701723524428,0.2775195757612542,-2.251896328373323,-4.2368429677518264
2022-12-16,0.1351289648177251,0.0451745191531154,-103.74950382493728,0.1154643439966478,0.041163882227361,0.16917067904021166,0.18078617684955814,0.2058119867025354,0.05369714324914061,0.06607735867911652,0.09049386527485655,368.81709795060254,234.54304005706487,80.54264664520264,-1.0956964250517007,-0.0664068491262397,-0.12964807657107946,-0.1960549256973191,-2.5996381123479,1.0026462531037543,0.8549905513330005,-1.8918076192262205,-1.911664041185585
2022-12-19,0.0560030927343921,0.1376636077181086,-679.7937567823367,0.080697914395134,0.1300063995539417,0.15437076932675792,0.175069441857037,0.20551764963537453,0.05176823243361854,0.06682719759494483,0.09059572513005501,337.4685491326805,221.8706094988973,77.27917868640115,0.8994061674707116,-0.12582540399072992,-0.1603492107251535,-0.2861746147158834,-3.0096590999884736,1.0060215867508533,0.9397692816847194,-5.073937174909291,-2.603696286238891
2022-12-20,0.1819024042185746,0.1697811079724007,-277.217412558153,0.1561436394079436,0.1860346610515892,0.13850281413839646,0.17306522235669564,0.2053741837774541,0.05112209890583816,0.0650547868416291,0.09062391293828621,331.6308175122307,216.6122375981239,78.44008592183881,-0.06896029547256602,-0.22277788718059618,-0.17116507075585627,-0.3939429579364524,-3.5101971231551414,1.0149920066603086,0.7324427218950516,-2.082593794257325,-2.5340156879255606
2022-12-21,0.154619598473467,0.0848981722835851,-213.71868824968885,0.1449187469046324,0.0895967412097165,0.11628774972566303,0.1647455737636226,0.20475104764844135,0.05126079540162626,0.06702059670164304,0.09091527994676767,328.77188660901606,212.30350804687123,77.99885360502952,-0.599515331816093,-0.34833458606267487,-0.21739253280013734,-0.565727118862812,-2.8945845166078987,1.0507936180378894,0.666602401573302,-2.94189893455686,-2.1975467306490204
2022-12-22,0.0750994295697684,0.2182799829785016,-235.56479778122173,0.1700919015412365,0.1341749495118303,0.13115947802114228,0.1644062809158726,0.20497733031096427,0.05086142671664006,0.06365751964841426,0.090878114330554,314.5831676037503,209.71610629702647,77.97553985115643,1.0669656012056186,-0.22592671471885625,-0.2205587021979417,-0.44648541691679794,-3.3265458935636727,0.989796640140249,0.35889540434619815,-3.0262146770582223,-2.5988553858305297
2022-12-23,0.1926414265919769,0.1260599059411422,-39.0488588328771,0.1350094553707013,0.1812746679873975,0.14733655537874765,0.16161859215450713,0.2043239450792942,0.05138237079559028,0.06381827843731368,0.09085586095131239,314.91576697140016,205.01818037452344,78.91850655725892,-0.4240733296335227,-0.09251972767327135,-0.2344675105039729,-0.3269872381772442,-3.0733649476644214,0.9722450153966973,0.2504434883798831,-3.190246248943224,-2.5147221042619003
2022-12-27,0.1528076728045322,0.1946376975032482,-289.84433105236843,0.1977795028560964,0.1833821191335571,0.15873137333577556,0.16305839344696796,0.2041424181427766,0.05190770093220201,0.06341240124310522,0.09082958794363237,297.1714468819619,204.54097009328282,78.59756104894997,0.2419597787294918,-0.02689508108859492,-0.2247094997576292,-0.2516045808462242,-4.24070877484184,0.9758576315238057,0.5210693738027231,-3.7447184128070745,-2.8651586796666444
2022-12-28,0.1889212450908242,0.1333442624677641,-112.49257606321828,0.146998402498498,0.1457566841275119,0.15144400423484822,0.16140937896748642,0.20347899291536517,0.05232069919357246,0.062358236409806665,0.09073815523262672,293.7714043013601,-684.7810763150031,78.84605521471414,-0.3483960119891288,-0.06372791661480687,-0.23161890640597194,-0.2953468230207789,-6.691259075623053,1.1600458855569318,1.5672185037577275,-4.922026171771249,-3.3121747771696497
2022-12-29,0.1325047311965175,0.1246124457370365,-379.3323579682756,0.1163478370241692,0.1153284727329166,0.15938685892553853,0.16358042191613303,0.2030147783115559,0.04964956525885107,0.06322178518487637,0.09084394511647999,268.64482295146104,-388.6611609482999,76.37381390951062,-0.06140986503720698,-0.025970424479245836,-0.21597402938805868,-0.24194445386730454,-6.888576089853152,1.3216493963623464,1.8299202984254783,-2.658899362466324,-3.2260446230729047
2022-12-30,0.0864957295920643,0.0597763328971998,-64.04382388895294,0.0800442252358779,0.071003812283414,0.12768612890927816,0.15924092173994359,0.2024807339867139,0.05474615671860198,0.0647004420987957,0.09129268652252104,-1617.6295690654615,-226.3299513824937,77.7472052783286,-0.36948523217252344,-0.22084315182632355,-0.24022645472930318,-0.4610696065556266,-4.706050425039089,1.3250695251617428,1.6378292657276612,-2.609546087739739,-1.8419776570258506
2023-01-03,0.1129866760094526,0.1389933225700721,-125.26478754184416,0.127545973669382,0.1451766568332164,0.13027281223506412,0.15733867486232805,0.2022632292412022,0.05475617772821504,0.06295024154114129,0.09137921578780195,-964.3456609669784,-153.89804250727474,76.73241443847164,0.20715599257308046,-0.18876983951949805,-0.2511693174018308,-0.43993915692132873,-4.038114533247434,1.3041994853931276,1.3716383715232219,-4.241855952676451,-4.3479408806605795
2023-01-04,0.1541803322599713,0.2345631464832998,-7.557127179822487,0.2034417073195529,0.1820014452777063,0.13825790203107446,0.15983709324476617,0.20216986431014086,0.05715280667869523,0.06312999048837022,0.09133405027671733,-630.3984381740972,-110.88385289966536,74.15659671031537,0.4196019269730598,-0.14503433301179702,-0.234953127129608,-0.3799874601414049,-3.84248472075317,1.2870513842648383,1.4582876220935128,-1.7441882557566846,-3.220741339357527
2023-01-05,0.2152909931241087,0.1783787582215943,723.8271479450216,0.1852002735415618,0.1961457011189766,0.14726480118184052,0.15709439107414064,0.20196672646656733,0.054709201544933465,0.06307894191747786,0.09133024799541191,-434.47770325275786,-67.37225775552527,80.45759481480013,-0.1880814246302526,-0.06461450687839032,-0.25125612164826433,-0.3158706285266547,-4.514833482766273,1.236332786159943,1.2195882254922346,-3.234359184531616,-3.1003265105709628
2023-01-06,0.1473833543764811,0.1521908022763152,-632.6253915159497,0.1592941434676529,0.1679684002368824,0.15278047248969623,0.15752080647474884,0.20151499447321994,0.05463218189295106,0.06288279957717803,0.09129589447594894,-372.9060512415446,-57.88031599674373,77.11608310338521,0.03209796664507135,-0.03055548341894527,-0.24630623873506693,-0.2768617221540122,-4.7473956318363,1.1338567354015592,0.4076622898576613,-2.4965055269585927,-3.590723997251108
2023-01-09,0.2201798404710881,0.2411260487585202,-332.8914792164456,0.2201626333357391,0.2331586021229115,0.18905041566196032,0.16165838439012115,0.20059371867496875,0.057745151270673575,0.06258475299790868,0.08970936535938637,-320.8784400353544,-49.35035845471805,77.85955677427064,0.09087515155222453,0.15652835864202005,-0.21579619197001532,-0.05926783332799525,-4.343116062903897,1.098107396440432,0.3626430711537883,-2.7686398805968784,-1.7073279800516938
2023-01-10,0.2792376393879698,0.2232869188308912,-296.63991523818265,0.2534450869511704,0.2444152441912241,0.20590913491412413,0.1631722953920369,0.2003727134477781,0.05899372978454062,0.06240772334031644,0.08958454337251519,-295.48997286749443,-36.11101366795488,77.61708684433158,-0.2236055973757306,0.23262830933756404,-0.20537253000765127,0.027255779329912622,-4.70722032477835,1.1034607056998271,0.36657391352238833,-2.64372256315021,-2.473449380551066
2023-01-11,0.1864742960197491,0.2483438201017955,-66.95820420297139,0.2266618157554241,0.2196688277993854,0.20866526963782328,0.16500632858285783,0.2003712557762427,0.06111270623340711,0.062507684684526,0.08958375668560047,-246.98988990973584,-25.268067066888786,78.70348128435546,0.2865207507826742,0.23474755917050333,-0.19418809646008023,0.040559462710422954,-4.962847352550079,1.114815573532685,0.23608902783517074,-4.9312090519450456,-4.284488130810867
2023-01-12,0.210331594300587,0.2281099257926615,-239.65555321135085,0.2110226726041402,0.2239117555532517,0.21861150315203673,0.1639557806767805,0.20023520427941244,0.059756183095365775,0.06253537002362065,0.089515399252092,-215.63794704933918,-19.321363708472074,78.33757149965304,0.08114233758196851,0.28769943483158084,-0.19989593552575605,0.08780349930582487,-4.351374608928755,1.1070647792906614,0.2693404328325321,-5.334357694444069,-3.0011234283274546
2023-01-13,0.2297696015679755,0.2061125640402927,-84.00199338166499,0.2226916454580356,0.2308325528665449,0.22939585550483224,0.1644627341614325,0.1999348537212946,0.06008421602987649,0.06213568602643151,0.08936849684252778,-190.65124673086544,-16.423789251808746,78.81513781198063,-0.10865462760834682,0.3327651333681318,-0.1953075776032454,0.13745755576488627,-4.810853629933751,1.1140219075188125,0.27805742315919135,-3.1645946671325804,-2.920221139247587
2023-01-17,0.2361658577781042,0.2501234831665551,-170.96722409421858,0.2277792985312956,0.24611583714788,0.23119534238643918,0.169772841244705,0.20013148822102172,0.06280463344688285,0.06248544694574224,0.08942483550524757,-181.37703173197264,-15.391878177545975,78.38785794007545,0.05742038320219117,0.308801675678665,-0.16451327610415434,0.14428839957451065,-3.998859564067519,1.115741330928963,0.3889397019408877,-3.8160967711564586,-4.710815808058791
2023-01-18,0.2310162072397408,0.2207255126820433,-238.44088649127175,0.2103500902404769,0.2306566638342473,0.23068306115666962,0.17855039092115138,0.2004383576603807,0.05641693612721425,0.059655246395225944,0.08936307969062085,-188.1116008652894,-14.409375114846295,77.78321802682774,-0.04556796376815061,0.2561738753432824,-0.11563589292669858,0.1405379824165838,-3.8968106230003166,1.0497163809113879,0.4748656118207752,-4.225847250054712,-5.967198894394293
2023-01-19,0.1825491517985606,0.1799491529102277,-84.72782291302133,0.190285524048249,0.1921307373840952,0.21700412771835603,0.18066466818075733,0.200718830330469,0.05559030921106806,0.05955363122417187,0.08918742253583535,-158.35830417182362,-6.868206083262941,76.4836472328767,-0.014345134532650317,0.18327372412289494,-0.10526242369183188,0.07801130043106316,-6.295160378989255,1.0889358959871638,0.9760580885030072,-2.6567727006867186,-2.682460422428622
2023-01-20,0.2663101062063369,0.2749702239175389,-47.19729301841824,0.2881345351728472,0.2718614166815678,0.2263761873433315,0.18592412397801422,0.20137591433487498,0.05935496056944604,0.060321152998337936,0.08912665254269671,-146.8572981948369,0.034760305269358464,77.04579122344028,0.03200137258530931,0.19685950633557953,-0.07983472706278764,0.11702477927279178,-4.1182407048652045,1.0683754968790693,1.0003860141801777,-2.91424978006053,-3.0605844838894902
2023-01-23,0.2575052431875746,0.2767666733314757,-170.53463996670592,0.2547719445183198,0.2638280831407176,0.24050700920156814,0.19551754903040877,0.20183656844390835,0.057648054384643835,0.06065960545995079,0.08921782673153876,-144.69809578068774,2.5394388435254114,75.80529146186117,0.07213473489085823,0.20709909315217162,-0.03180816256218126,0.1752909305899904,-4.704312450394892,0.9975385058989847,0.9965378963052746,-2.3349273049901487,-2.6499590074781953
2023-01-24,0.2107841057543185,0.2801178232727923,-65.34062820741732,0.2705421327022037,0.2163379869106476,0.24650587722281556,0.1986094410451233,0.20247924062304296,0.06051991729148449,0.060822148978385136,0.08920065476654022,-136.1868873019975,5.5900893299428045,75.8773783932355,0.2843758978846156,0.21604554741468418,-0.01929707737702855,0.19674847003765564,-2.914997882842679,1.0292122636327599,1.2471031070516383,-5.269224817596659,-3.5067465782445346
2023-01-25,0.3007715868987124,0.244055841363505,-82.3074870499411,0.2476431849106291,0.2890036596318617,0.2511719429591079,0.20450923781624147,0.20320916808473904,0.05880222677921005,0.05984811067898194,0.08878867034604508,-138.34981871285072,7.00018132054492,75.3502037324029,-0.20895407200942953,0.2055245891560968,0.00637731394438244,0.21190190310047927,-3.1854295710617446,1.0207779814621967,1.3529393132992755,-3.420049003087899,-3.758001104687057
2023-01-26,0.2243285563600014,0.2353620507550791,-101.67865065594722,0.2404449307038119,0.2183537927690837,0.2622545225280782,0.206545455478833,0.2035606610233711,0.05914649997224919,0.05719035663869105,0.08874112277317199,-128.94153469302967,11.261640914672405,75.72383612483922,0.04801322342081705,0.23879498066834243,0.01455646253165523,0.2533514431999976,-3.812578749308388,1.0330785073152868,0.7187065061669089,-3.1065348477711545,-2.892942899241699
2023-01-27,0.2308401226526233,0.2672643237904117,-26.107645955195665,0.2530441837755104,0.246083413025584,0.26071334250265277,0.2132414585449654,0.20437708520832035,0.05799251217089661,0.05752656082566963,0.08838239346425474,-124.62228818762853,15.047550851057112,76.06723125101601,0.14651278426517517,0.20099636730353077,0.04245838739952334,0.24345475470305428,-4.967465070835068,0.9121961993916018,0.9046332244502481,-3.7632374452838264,-4.865768993266105
2023-01-30,0.3194171350913315,0.2265354326641833,-53.16933720868025,0.2810010710063126,0.2634188153147252,0.2506670943691943,0.2183376078913227,0.2055856187527998,0.0541448889376347,0.05713337583846793,0.08658608208039405,-108.31413714964874,16.279150275453482,75.83519616054453,-0.34359651380009115,0.13808321663666953,0.060179941469523344,0.19826315810619274,-4.040865084854471,0.7201948721364324,0.803249163004271,-4.729983339893886,-2.9911181217981135
2023-01-31,0.1528547493510785,0.1495079530694973,-86.37255753076374,0.137378174347698,0.1545680539950362,0.2245451203285353,0.22282418889993755,0.20602212522548485,0.04285530504254353,0.05690571074345438,0.08602313286542279,-109.4305738317393,18.547902596778695,76.47399429347888,-0.02213853062208699,0.007693598473532258,0.07839950290419102,0.08609310137772311,-4.0634344609302016,0.7177082875485509,0.6401875907973827,-2.139137443762208,-2.0355404891663045
2023-02-01,0.1907782657103824,0.1706411090592134,8.441192418201751,0.1833899039776874,0.180034920566654,0.20986217386767697,0.22440657822439464,0.20633001899895617,0.04009222709024794,0.056456041075608185,0.08575671808993021,-102.74527483373701,19.387874908808428,76.8303374887825,-0.11154926760329649,-0.0670084876116112,0.08398256706677006,0.016974079455158858,-5.697308453121116,0.7773349606185238,0.7944620879196662,-2.884292449505446,-2.611630650909216
2023-02-02,0.1563211491395915,0.184662984594655,23.183888241629973,0.1722983870871113,0.1877475043056304,0.19972236063559215,0.2219115701299624,0.20663319770234503,0.040969977991622504,0.05631387708519819,0.08554449171835479,-101.20822406266439,21.350431410062882,-26.81889905153372,0.16661991939477483,-0.10535076448066664,0.07133374011409485,-0.034017024366571696,-4.170203415230747,0.7683939637154446,0.7286354516921933,-3.347987526583933,-2.9818477874811764
2023-02-03,0.1513648651887051,0.1327650882186519,22253.372981401324,0.1316187603079162,0.1410601622709095,0.17282251352124017,0.21963088662981528,0.20671428267936703,0.044627229129643294,0.056384881744521456,0.08546447139315759,975.2690676101507,395.82092151489553,97.25062071455824,-0.13111193538610608,-0.23968321477876361,0.0606107863489474,-0.17907242842981627,-4.662650796822743,0.7701120626026943,0.7011681189132853,-3.2734370626297142,-2.006196763437734
2023-02-06,0.14687440532661,0.124448389768462,-7651.1787892386255,0.157828818879433,0.1193259341047201,0.15240510494209591,0.21824376600442266,0.20697680914105684,0.04719124733440932,0.05707281180477095,0.08510840160431958,624.3413977240169,272.90934612072266,84.91361280810015,-0.16568674610317952,-0.3590704910712325,0.05300587690394904,-0.3060646141672834,-3.2570221112821294,0.8081905620161687,0.8972197372609267,-2.809840517077635,-2.2819294678812088
2023-02-07,0.1361431215831721,0.2196306299583361,-4005.346584961796,0.1934473892665158,0.1702602732538478,0.16642964031986368,0.21716899506441342,0.2078426793978892,0.04688647237894446,0.05685642243500483,0.08412195226218139,440.71864243674935,209.86620536970585,76.7262162872819,0.4782404836226656,-0.2661031901013977,0.043894385071588916,-0.22220880502980883,-3.764158498852174,0.8186766811067525,0.9320991673824884,-2.443393853085363,-2.657509043832927
2023-02-08,0.2311608441435209,0.2368308219264365,-1556.0968472631237,0.2291420763043281,0.2443972865151815,0.17966758289330828,0.2178461902191907,0.20930533044344177,0.04707690859225972,0.057119581662699766,0.08137880304441591,377.7457958355023,188.60532304345693,75.63992867647735,0.024232291487567875,-0.1926808824991017,0.03999516723383352,-0.15268571526526828,-4.182834181108156,0.8139756166238674,0.5265142711679481,-2.185847651265195,-2.7152302228691285
2023-02-09,0.2287609228782239,0.1907459578678305,-1312.1605549247374,0.1939776227258023,0.1875937567013696,0.18088417754794342,0.21496629710749243,0.2101386788727048,0.0468743632141004,0.056861668114265074,0.08010268778419193,315.485678299414,174.82215770247294,73.61889560111021,-0.18173497409511224,-0.17262433480988065,0.022713569850560465,-0.14991076495932015,-5.053981405202602,0.8181678943309952,0.7109026653433096,-3.5444442020547995,-5.102261677344574
2023-02-10,0.1857324898884425,0.1656297772968096,-738.7018086277736,0.1731947664651376,0.1865776371062399,0.18745711536357496,0.21184228968269986,0.2100523288921959,0.048020314435956134,0.056966080003062615,0.08013912336512137,290.53336552859287,164.03717586974628,74.791967464733,-0.11455237168594071,-0.1222919800481521,0.008485396360793391,-0.1138065836873587,-4.313779700126421,0.8180806087734579,0.6680222043676933,-2.6422477889074134,-3.4153564778877157
2023-02-13,0.1857263672129154,0.2309228797424514,-592.3567704743576,0.2112491095953057,0.2076611496913041,0.20875201335837282,0.21308280546780778,0.21066530431651878,0.048184690156927404,0.05681070603403092,0.0797074582829533,265.1156266739583,154.96179359471208,74.43179543693074,0.21780935434961085,-0.020533839712430585,0.011410209621543205,-0.00912363009088754,-5.630171509875447,0.8644431972762362,0.7452057110219136,-3.214462530926614,-2.2398498532853948
2023-02-14,0.225138642737098,0.2170105273250411,-421.7752052645597,0.2077015102799473,0.2128031966732586,0.2082279928317138,0.2114271576757321,0.2115207472194153,0.04740759141254647,0.05549259087392532,0.07861147100257386,252.57522761544118,150.41048277457614,74.59882831540268,-0.036770536997642496,-0.015246932227323564,-0.0004425582636892439,-0.015689490491012835,-5.278184128554441,0.885226087665681,0.624004805375971,-2.968491689737978,-5.944541788963021
2023-02-15,0.2281527943678107,0.1936925547676442,-498.89120090339526,0.2311662755589179,0.2095882897023635,0.19960033939995536,0.21007550978001213,0.2126269643542396,0.04751378328611832,0.05376194156297018,0.07636605863668929,239.55271189483506,140.08606966004905,74.44436763584643,-0.1637434224904009,-0.05114997219204571,-0.012072252790297834,-0.06322222498234359,-3.8360816573099474,0.8871467415914087,0.7323561985028023,-3.2906316622930825,-3.143344806681555
2023-02-16,0.2219309991349067,0.2895990168715534,-158.02870068369862,0.2598740088833162,0.2436583289075802,0.21937095120069997,0.21555800297807842,0.2136470241963926,0.05010981026421668,0.05470998782105428,0.07567838423502651,235.8876680063012,138.33263765571897,75.67585561321444,0.26613074687350197,0.017534109305918383,0.00890479509011285,0.026438904396031304,-4.121776605119927,0.7674989589059664,0.7760313174208313,-2.622948915912453,-2.3141207839290714
2023-02-17,0.3167681185961362,0.3344603522798346,-224.33112850151971,0.3327788382018348,0.3337628660315914,0.25313706619730497,0.21853250939619323,0.21524923229410256,0.05531720561951846,0.057740782559192266,0.07395259516502517,227.0309762321461,137.26816518317963,75.50735664289006,0.054348325100206527,0.14699631776202354,0.015138211166718363,0.1621345289287417,-6.923856379038994,0.9655389266859615,1.2426650734144367,-1.9606435722674305,-1.7788595818065698
2023-02-21,0.3113525420139069,0.2729940119962744,-409.1147629749415,0.2741805422480325,0.2890064872362266,0.26155129264806953,0.2183438763294331,0.21622535011778898,0.05511423413479229,0.05818156868397009,0.07308936803079552,215.10197008173427,133.05858697002057,75.41557941207273,-0.1314759849101331,0.18055917773123595,0.009750082912785805,0.19030926064402173,-4.21137659324997,0.9644335809152161,1.269592450377503,-4.098051130550396,-3.168393468173462
2023-02-22,0.2306050700520492,0.1709182791210017,-372.043205551933,0.2130155550111219,0.179364375988742,0.25233284300726166,0.21288389912184363,0.21628781503969638,0.05407155931506868,0.058093573374621774,0.07304375045408801,199.7668412145085,126.05437383875343,74.51173171446295,-0.2995210515471963,0.17000207904244324,-0.015863055203129733,0.15413902383931366,-3.3917071856930288,0.9309974430605064,1.3937799740245036,-1.8106849935594678,-3.0771104948748205
2023-02-23,0.1854664125142617,0.1924527900181298,-174.78699793250598,0.1746405937002979,0.1961701002836671,0.2520848900573588,0.21030374655457482,0.2168389497044725,0.05373596928216386,0.0580782934679557,0.07233577301418125,195.14286567038027,123.90293797630959,74.87606777206878,0.03697707595072378,0.18121299825639794,-0.030602012901875864,0.15061098535452216,-3.838330885501122,0.8959107467067198,1.3935136867117113,-2.518986151360237,-6.692833635497502
2023-02-24,0.1750432738088978,0.1902548727002435,-165.54219364289995,0.1724105484135796,0.1921977025563244,0.2322160612230968,0.2080483876518331,0.21713290922807194,0.053575249272204355,0.057976329472658225,0.07207631674320476,191.94968852103267,120.0598669033213,74.47274381087378,0.08333138624133558,0.10989755106447444,-0.042738965382137485,0.06715858568233696,-3.922722332500353,0.8920460219492304,1.409677475535331,-3.9457559379117835,-2.309165253127464
2023-02-27,0.2257970089740966,0.2205596555304105,75.33526320072258,0.2639336618739007,0.2359928593737814,0.20943592187321197,0.20571315423883302,0.2177011872925568,0.051848350624070894,0.0579832959108648,0.07153685974828917,197.02183397882857,122.05698336418637,75.6303672626475,-0.023468200358563486,0.017935087124731488,-0.05664067875528161,-0.0387055916305501,-3.577667203299537,0.9049968429257916,0.3167089648372507,-3.5717414082043013,-2.1724282913446893
2023-02-28,0.2324153030476372,0.200949791359748,-153.95202358672924,0.2023739567462787,0.203939507348557,0.1950270777459067,0.20443387217361125,0.2179446797296879,0.05162270455268502,0.05608344846732686,0.0713750003108181,191.9826996599261,117.43779515391246,75.85577665700839,-0.1454707880660877,-0.04710615057642181,-0.06399670814263375,-0.11110285871905565,-6.459517694323008,1.0103797115109863,1.2596157354770974,-4.537986541946115,-2.630475172987359
2023-03-01,0.1965766787872112,0.2454797456323274,-68.515213764078,0.2139220529779968,0.1938895064365629,0.20993937104817184,0.20923246180175276,0.21842424263413984,0.05070064194107953,0.056075918789039544,0.07115440514207444,192.8755668482604,-511.3948586829804,75.60843766300462,0.22216186328721094,0.003372888449039543,-0.04299334749319793,-0.039620459044158535,-3.9103970010184086,1.01457294916788,1.1920405745396834,-3.6920809694226744,-2.596131439923154
2023-03-02,0.2692202407446231,0.2901806158238504,242.94547757251644,0.2969643287568924,0.3016002129664619,0.22948493620931595,0.21520943713998458,0.21896546764565178,0.05290974102967742,0.05727932879791594,0.07118366854366258,204.60078110597615,-287.4967182315801,77.71857205539798,0.07497375885293926,0.0642257097071058,-0.017302355192975592,0.046923354514130176,-5.3739283301820535,0.9970844266564621,1.22721869376083,-2.416528733349204,-2.325568951827385
2023-03-03,0.2405974517108324,0.2442828710822637,-54.83262150036626,0.2298732201315174,0.2546655093367413,0.24029053588572,0.21819043146436506,0.21919408791066144,0.0527774999286106,0.05754288336401332,0.07117278651403636,200.69995561887634,-176.96890220596205,76.54631336228162,0.015201649437685616,0.09648053708459856,-0.0045893631961895385,0.091891173888409,-3.697222593300776,1.0106852972077862,1.2641622345939363,-6.728041661521221,-2.9182528782306805
2023-03-06,0.2267226721745019,0.2136788924594586,-266.56180358181723,0.2020357084791357,0.2364262072247975,0.23891438327152964,0.22223612167640536,0.21922060620197492,0.04883879928978183,0.057406570900972974,0.07116947829859728,-925.2967836302809,-128.16847309096295,75.43822929764359,-0.059253176490195625,0.07236483096909169,0.013661870742263943,0.08602670171135565,-3.3699749520068405,1.0386872573237813,1.3089261766354416,-2.570442010764282,-4.979025721711541
2023-03-07,0.2447533954377623,0.2773007173335724,828.859477229083,0.2732813307706041,0.2523540327376299,0.25418456846629456,0.22987873805466089,0.2191796995128325,0.04449767320136158,0.05778858505126617,0.07113298903096259,-501.2948703068954,-83.28650794147464,78.79597719826515,0.1248513850683881,0.10050870660168222,0.047660004967876354,0.1481687115695587,-3.866700846272273,1.011798420065701,0.7733947599313945,-3.410707068198638,-2.572415119377622
2023-03-08,0.2759154170673987,0.3290629029352314,299.04152848350304,0.327867233738158,0.2822187669432323,0.2709011999268753,0.23535035170350566,0.2197226979826694,0.04960609003965567,0.059777627798378884,0.07145215393472407,-286.0754646346304,-55.411754077745414,81.63247049268277,0.17615456797408624,0.14067891625913811,0.06870897464634362,0.20938789090548166,-3.086785258596626,1.046230036472513,0.8880759642365983,-2.159489491910417,-2.481913246857431
2023-03-09,0.3342294248867183,0.1825998953794272,-8.456357005131963,0.2828919725845273,0.2306713429729736,0.24938505583799064,0.23263880537615522,0.2197941295091014,0.05098394401131865,0.05982729155868523,0.07140587975961785,-208.69344012173082,-42.14587238457459,81.83722641704574,-0.6045302628154859,0.06951105173651533,0.05679572597397553,0.12630677771049098,-2.9522776588793245,1.094872191275747,0.38905815895445683,-2.357032599269744,-2.2295138253345597
2023-03-10,0.1541982273736426,0.1538138086256593,10.619795989406157,0.1363901409251338,0.1705047145005616,0.23129124334666978,0.23079219791404665,0.21993321543117753,0.053201730606009544,0.060175879736920436,0.07124252253954545,-142.55442257602368,-24.686211395448776,83.24184316781223,-0.0024961293888058735,0.002159980566656658,0.04819379548580932,0.05035377605246615,-3.3780306084139236,1.1015321279394077,0.35134650645006754,-1.741546921071821,-2.4027473380289734
2023-03-13,0.1645148741102171,0.2407004744485044,-18.061262063754384,0.2013623298618099,0.2009548885552137,0.23669555974447895,0.23454573277163138,0.220253997860305,0.05096351174313338,0.060077628985771764,0.07115435403847549,-106.52239524782269,-10.542325589523273,83.55407684751914,0.380552329666079,0.009124165990825463,0.06286917523504357,0.07199334122586902,-7.805613668549848,1.3578951700909425,2.036027460207386,-2.845579648408411,-3.611119399346612
2023-03-14,0.1969786630517873,0.1952315659604133,-575.6926476578741,0.1792027210129587,0.1875726577011391,0.2202817294698471,0.23276116708252945,0.22011327556500748,0.05171638048996418,0.06007926981806985,0.0711689704428318,-105.68918910699854,-10.408269721302185,82.1025840645223,-0.0089090417223404,-0.055105578280976245,0.05587059110414326,0.0007650128231668745,-4.783108958645514,1.3314978322707973,2.0377576241691826,-3.1840455689819174,-2.5001930776747243
2023-03-15,0.1807373578573212,0.1772373365574142,-243.61582904431967,0.1668271617017187,0.2021365926827867,0.18991661619428366,0.23077250754414816,0.2198962103385403,0.05310011100042508,0.05967248264363278,0.07121683029678222,-96.78122029598653,-8.527674804172939,81.98644594820311,-0.01955519699850227,-0.19484729574890963,0.04827674560100713,-0.14657055014790263,-3.343605184123035,1.3337902637251593,1.9992168974989157,-2.757296047294256,-1.8850230067406633
2023-03-16,0.1693099754147087,0.1316666942323627,50.03584917358961,0.1558790104899174,0.1108002444656128,0.17972997596487078,0.22767121451738404,0.21957555672099466,0.057044531516322446,0.05674369723452183,0.07143343218310459,-69.33486779213729,-5.964585587530824,82.13736390236089,-0.25145752333868576,-0.23644695558655085,0.03620615137342873,-0.2002408042131221,-3.0993439632041846,1.3570313498182924,1.972530310001291,-2.7556942925471533,-2.977240286201342
2023-03-17,0.2049873427554924,0.1893684363015286,-162.17752803508415,0.196573142489191,0.214353289647696,0.18684090150004465,0.22265968548888285,0.2192737694940077,0.0557046887344244,0.05608587113709372,0.0714009029099746,-69.54230915970655,2.662351558256718,82.13066452644055,-0.0792537187070566,-0.17538707117574612,0.01532349366266122,-0.16006357751308486,-4.0296727722993015,1.3576658716706151,1.9016114793009031,-4.411982896977185,-3.3366849574812822
2023-03-20,0.194797580371508,0.1742750709637701,-1.1555814292654532,0.2107150234788277,0.1790157797225706,0.17355582080309778,0.2146504214230796,0.21883533955855292,0.05000839413923161,0.05603926504799375,0.07133907600871764,-58.38353180609384,7.263382077071511,82.33978690287884,-0.11132605147388629,-0.21251147659491665,-0.019308814883437858,-0.23182029147835453,-3.4514624546529595,1.2121042553845156,0.6750554029897057,-3.155704408149814,-2.711675713064391
2023-03-21,0.1312960531875457,0.149600824205573,54.07285541597747,0.1145435329212909,0.1403226933196069,0.16442967245212972,0.2084807620335445,0.21858794974522042,0.050043208593774015,0.05425633477771413,0.07147190946159614,-35.22415088654789,11.726574471499282,82.60615035440553,0.13051585356458137,-0.2373638128535973,-0.04734168098662892,-0.28470549384022625,-3.6581888499488437,1.2151955705343152,0.35055800976474727,-3.2247024644126645,-3.0871736283160796
2023-03-22,0.1717050365825367,0.1826166175921764,-201.71144366917176,0.1666153272160269,0.1837342992411845,0.16550552865908216,0.2090656789571032,0.2186412825129521,0.049647866912263715,0.05433094860787524,0.07143993787648054,-26.707562792409828,12.29079704003345,81.96885897269095,0.06161086836062365,-0.233643855926613,-0.04478395148782572,-0.2784278074144386,-4.067567955330815,1.2052883016750087,0.4063828856336405,-4.786506632753545,-5.225200550399918
2023-03-23,0.1327205341564945,0.1222738346521565,-23.133754178320828,0.1373378120317814,0.1337219909612019,0.1636269567430409,0.2055567311888046,0.21833962075651805,0.05323428107998869,0.054428485022257896,0.07168756017305214,-19.124900604700574,12.556048784276054,82.44651350358119,-0.08198259473006526,-0.22813287715351963,-0.06032968389392097,-0.2884625610474406,-5.6224363203702445,1.251322780601505,0.8540955323218753,-3.599880436832084,-4.667805497489974
2023-03-24,0.1476070208016788,0.1470905209808881,12.281733698674657,0.1523662735002489,0.1611292671018902,0.15517137367891282,0.2033985136028368,0.21829216238436286,0.05474095828241567,0.054952028439960346,0.07173094575399463,-10.233704237621843,17.591483196793437,82.79908272228796,-0.003505291198033253,-0.2706370330424051,-0.07066718412004352,-0.3413042171624486,-4.737217697064879,1.2560004482017835,0.8839806816224841,-3.337487736755112,-3.163490425708466
2023-03-27,0.1875449379842924,0.1965347285217999,-157.20472961840818,0.17461899243701,0.193805439336959,0.15962330519051876,0.2021972672524063,0.21817087011768654,0.054607992791376805,0.054135471457009476,0.0717420399575747,-21.860703878578384,16.846280637540275,82.20788264269015,0.04682066522940019,-0.23642709457042096,-0.07603477222853994,-0.3124618667989609,-3.9535511398341527,1.2487763264618386,0.7854734491177089,-2.6001707932783997,-3.8049793169893764
2023-03-28,0.19157906360592,0.2002611041518274,-311.25012494670204,0.1909392599303285,0.1996808757583061,0.16975536117976966,0.20216283289201026,0.2179943875646216,0.05460903794211508,0.0530530550252132,0.07173157005198563,-29.725608946577022,17.980984521233164,81.54618466307001,0.04432144765756553,-0.1747151273631735,-0.0753958412411344,-0.25011096860430787,-4.73966022905943,1.141986452117601,0.6674932355883122,-2.934249983481289,-2.9826131084417518
2023-03-29,0.2141400124828871,0.2070148812519883,-159.029027114836,0.2062893565164696,0.209523687519463,0.17463501391173203,0.2002395896729933,0.21798586404948264,0.053672497921065744,0.049341538192603236,0.07173275230545914,-34.25129961411493,16.397897800801783,80.85201139920686,-0.033839384235611836,-0.13681643677704447,-0.08491561893152874,-0.2217320557085732,-5.733933172108203,1.1937789758206194,0.732953009256317,-4.558272026704174,-3.713243310698198
2023-03-30,0.2296009267921115,0.2387131785266074,-70.00400599349706,0.2378120503814158,0.237407423102101,0.19792288268662223,0.19766621780813115,0.2179669487173074,0.050258483247140946,0.048556234472398686,0.07172663598851908,-49.8987737924156,17.318910826607567,79.78526978990087,0.03892004041193817,0.0012976339044002874,-0.09776360036455627,-0.09646596646015601,-7.8125442125800415,1.4192124780993638,1.49158620082181,-3.2583426345564708,-2.1503847950016373
2023-03-31,0.2632562934038569,0.2714182465902759,-145.8490672829215,0.2648456878326275,0.2763779119869665,0.22278842780849978,0.19902298658353174,0.21832900090097151,0.0519219153530028,0.049071386265223824,0.0717672376863609,-54.44959608154336,15.014045158222585,79.02476146988336,0.03053291920210611,0.11280223836230573,-0.09258277504492558,0.020219463317380254,-4.462610061800459,1.4107096167351771,1.5265253483337344,-2.74258939043146,-2.0848342513609355
2023-04-03,0.2215430403695117,0.2040892726169625,46.52657048682681,0.2105257936140958,0.2127460963356964,0.22429933662753232,0.19854350559140693,0.2181553276738824,0.05182363524049402,0.04887543267199374,0.07174887611448055,-38.795177378111156,3.7257022005860025,78.36383725110835,-0.08205937480149982,0.12197323614077701,-0.09419907348050052,0.027774162660276457,-6.110111731312916,1.4384306170095105,1.3285157566307053,-3.363210913251274,-4.885606029861497
2023-04-04,0.2346470159171017,0.2058649526942724,-237.98774046150152,0.2292854779643942,0.213456136176072,0.22542010633602133,0.19497171735944194,0.2180743982624195,0.04846259870090562,0.048221651065133334,0.07175129249248144,-92.13753826264039,10.302996384826805,77.94461142556663,-0.13086194062931278,0.1451112916756107,-0.1119817721384517,0.033129519537158994,-4.145889985971239,1.4329507903801695,1.463518134248912,-2.7248918199051984,-5.184301677559792
2023-04-05,0.1965613330035318,0.2037094066266553,160.55512572370043,0.1940146509854927,0.2089946676765803,0.2247590114109547,0.18870404254401313,0.21834833671819998,0.036945245543289894,0.048111516883868645,0.07156420098748924,-99.06185840063053,18.527106467162575,-9.735603638189037,0.03571999113938669,0.17484889254182714,-0.14591178712770686,0.028937105414120288,-4.201038186668879,1.3942598617070678,1.596816012439216,-7.875692024528281,-5.7121752077189685
2023-04-06,0.231894579746589,0.2462325253214077,29016.74253167276,0.2302455408934021,0.2456119133732253,0.22626288076991474,0.19188567404111218,0.2189597720064108,0.03907070671112021,0.0482795810853623,0.07114391451541993,1352.1980860332642,507.083480582345,120.83175070314279,0.05999344361999522,0.16479776556337575,-0.13198827649922776,0.03280948906414791,-4.175573762310954,1.3438912130801683,0.8430634598099045,-3.2097284740614125,-4.89027600718672
2023-04-10,0.2237102588006534,0.2195928113432499,-7132.887999245035,0.2217760606234429,0.204415441524365,0.21589779372050955,0.1951746241769917,0.2193722857228197,0.03846102401445024,0.04807643426008204,0.07084558808697247,995.0226962715421,389.3179839983106,113.80070359044771,-0.018576753212457744,0.10091045204553688,-0.1168755549350181,-0.01596510288948107,-4.053550907996541,1.318069515584477,0.8810320057873902,-4.14248044333592,-2.9598742222966017
2023-04-11,0.2158233342513482,0.2066162631054489,-5770.596967503112,0.2159592158041605,0.1989224400583986,0.21640319181820686,0.1934704136098389,0.2200387820056999,0.0370674906380548,0.04804688932011397,0.06992910019307175,707.3959109995743,297.13562709344785,100.31367440789754,-0.04359690461341309,0.11201869694747232,-0.12867921312252598,-0.0166605161750536,-4.072380992282735,1.1015798116528883,0.06430358966385043,-3.228515583001109,-5.980726214537894
2023-04-12,0.2206295367657333,0.2516959698843193,-3216.742884071654,0.2853639291431853,0.2425788712760592,0.22556939525621625,0.19629363380603423,0.22060632788789797,0.03929221208638652,0.04829130082678941,0.06960591421415525,575.3433991788854,244.92327891528143,93.04822026216193,0.13173689970887398,0.1390161812818023,-0.11676812148901435,0.022248059792787857,-3.1515663526033664,1.1402322203769744,0.44024450872381604,-3.438800856768776,-3.0827941858558487
2023-04-13,0.2333147062435538,0.2309637411042446,-1525.2918397302642,0.1991669695913387,0.2069340365868064,0.23102026215173405,0.19897995403337576,0.2208369252403166,0.03975466091850125,0.04811170552087158,0.06954407738598943,511.259598644588,222.35120198801397,90.51805401162358,-0.010127479519088968,0.1493013354677263,-0.10422044814925117,0.045080887318475094,-4.857862663926143,1.1141980280080799,0.6073229748372149,-3.7153270077623204,-3.6025427071243517
2023-04-14,0.2170282035895052,0.1644555924525033,-1121.7610020786988,0.2081660917249235,0.1900641247539849,0.21466487557795316,0.2006193989443828,0.2209799418358084,0.03744141334725411,0.04851966317687809,0.06939043516015132,452.6697560819736,207.62920006155687,89.0085752379067,-0.27738673648851064,0.06766851836013678,-0.09666236101445141,-0.028993842654314508,-4.01173467418723,1.0713942489765833,0.6040871195416525,-2.439088011296123,-2.5037600694089677
2023-04-17,0.173704899944711,0.1709969890637603,-831.2364872273645,0.1642515641026083,0.1627775284996482,0.20494571112205526,0.19970082658249436,0.22069078655686936,0.03795382009649359,0.048635984598557884,0.06944770450551065,419.2168081223596,195.18738898965114,87.56382115457892,-0.01571193355421826,0.0259247407371856,-0.09994218639960571,-0.07401744566242006,-6.519751331531043,1.1492993761142074,1.269293925343492,-2.813965003006874,-3.0242177130979497
2023-04-18,0.155447306742043,0.1431451999400312,-282.88210662312974,0.149766412850365,0.1575686162571981,0.19225149848897174,0.1981443330313074,0.22028144512765346,0.03965175588536824,0.04874993093049567,0.06960242306351176,405.13048186266644,191.25930876290596,88.25696966994478,-0.08244731149480612,-0.030191317003299706,-0.10591030494553308,-0.13610162194883282,-4.853349097123303,1.1127958191308298,1.247903379540569,-3.8485604138731473,-2.7571711751278607
2023-04-19,0.1699962699139892,0.2611316424126868,-592.3267157958136,0.2376672125772567,0.2044891516668285,0.19413863299464523,0.2037208739416631,0.2202880691651904,0.04030276591955208,0.04843013606380974,0.06960624683644183,372.8105033020769,184.22944083242083,88.05247410931723,0.4292481621003182,-0.048178285001768975,-0.0781853032020935,-0.1263635882038626,-3.4058664374457477,1.1271280563374089,1.1730311213635982,-2.406450578445261,-4.663257822535795
2023-04-20,0.2431001191996782,0.2071869707552336,-792.1468560771661,0.2040232954303378,0.231611521294778,0.18938327892484302,0.20494939159981596,0.22037966677515963,0.039998937454891616,0.04755237706265291,0.06957374162058974,343.2887326816772,172.11600370125834,85.46436384262464,-0.1598517457011227,-0.07899018601318307,-0.07258873859570641,-0.15157892460888958,-3.590366196392807,1.1468654567304508,1.2712579386941096,-2.7482197395307026,-3.739046210693612
2023-04-21,0.2055447276673918,0.2138569361026849,-470.2620660879554,0.206707740166065,0.2254650376171154,0.19926354765487936,0.2095285466723424,0.22058873127236125,0.03496096195968656,0.04733399708826626,0.06947483335060421,320.93231708619544,165.65009405062477,85.05589941297677,0.03964360544011309,-0.05023168243737596,-0.051440032295072005,-0.10167171473244796,-3.976172404894021,1.1370083295977784,1.274601366340165,-3.051779876831277,-3.007777655761768
2023-04-24,0.2583555299940476,0.2382210762082017,-355.8682459544642,0.2443047237823794,0.2322551263270593,0.21270836508376764,0.21408507443370803,0.2209095852764436,0.0322266836609729,0.047362965119284714,0.06936980022041672,302.52481810353845,161.4136007956495,84.40403321530698,-0.08113752540199069,-0.006451430586609963,-0.031380021305737846,-0.037831451892347726,-4.418724025800974,1.1376318337466165,0.5943363682584084,-3.4726685033447877,-2.6997236560277518
2023-04-25,0.2387775134015033,0.2054263303765018,-303.76458941508963,0.2317702588367223,0.2183081962555504,0.22516459117106175,0.21452965452644315,0.2208883431122075,0.03203257374491701,0.046731393476801476,0.0693737407567769,295.1968251137044,156.78598507131792,84.10257979084365,-0.15044473208786346,0.04838367273958823,-0.029209360704249232,0.019174312035339182,-4.30787972867675,1.1295633385391548,0.43970526870273574,-4.775886655909969,-2.7760967813064563
2023-04-26,0.1693829999814702,0.1893836766319587,-151.42356533529954,0.1642813048039531,0.1932483750689622,0.21081499801491616,0.21398578315044975,0.22087294809008584,0.032378064851273224,0.04672075902576614,0.06938032937924687,303.1881530942745,155.14841460254095,84.66136192803881,0.11161256953104369,-0.014928616723968025,-0.03167806174336652,-0.046606678467334524,-3.5415956022765727,1.154926564840251,0.40098616803108333,-3.0192588748867992,-2.6345957762324272
2023-04-27,0.1609879815027084,0.1735162250205815,-125.66932389784256,0.1608683114991866,0.1711480220734995,0.20408084886798572,0.21231085033887936,0.22083328217192452,0.033601007386398346,0.046322347667365066,0.06940465101733033,304.85613825512416,154.49346849642296,84.61425882708969,0.07494139783675453,-0.039535242612295865,-0.039356561594329494,-0.07889180420662542,-4.577583173601174,1.1220751712062509,0.41209902407212223,-3.4448325370390123,-3.3911258977131093
2023-04-28,0.2074337775101336,0.2226562472894295,-9.538059940141466,0.21494247950588,0.1978982365305608,0.20584071110533464,0.21150800377702045,0.22111565279233844,0.03312542297845482,0.04611164444149744,0.0692672059664064,307.8794355577919,154.19381429045058,83.3326248984845,0.07081694595951131,-0.027160218069272643,-0.044423039750565656,-0.07158325781983825,-4.071942787677532,0.8119098812058138,0.4032953211418106,-3.4030219254061245,-4.733081834795133
2023-05-01,0.1769488767362239,0.1312627419281984,-276.98362829329324,0.1773959639180069,0.1010115801538389,0.18444904424933398,0.20450022854391664,0.22100925790170736,0.03457749944036315,0.04707744499387529,0.06938508262627428,301.3227075072734,149.19102234820184,83.0382412933977,-0.2986598807377536,-0.10319585065178286,-0.0776354985419066,-0.1808313491936894,-2.5719770046949577,0.900328396081465,0.7922019970424476,-3.164068488520544,-2.2353159196081127
2023-05-02,0.1688215599088263,0.1688144709256436,-216.57652023906635,0.1589954986731743,0.2071486856820117,0.17712667235916232,0.2027364884593507,0.22151297854237603,0.03548725101966093,0.04633506670608876,0.06853869128155288,288.1675529709787,-225.30813601247135,83.23400057197354,-4.199186423449256e-05,-0.13504190973541116,-0.0885741322487357,-0.22361604198414678,-3.0333679537521396,0.8217315897587026,0.7986594877042916,-2.9217056008060953,-3.30738306234881
2023-05-03,0.1605826942020316,0.1629737724407332,830.1245614469266,0.1583526343593906,0.176323002320097,0.17184469152091725,0.20059192944667373,0.22195314728245477,0.03656778733663294,0.04541774959560693,0.06780106781844687,341.57316806640017,-83.95308016771213,86.88243625876002,0.014780244030099475,-0.15468153001895243,-0.1011936686731435,-0.2558751986920959,-4.019031102007525,0.8216607071877754,0.8241487444338798,-3.4510906929298204,-3.6340161804257756
2023-05-04,0.1335546855418248,0.1515456554366743,-524.2214979444141,0.1522872446872227,0.1556313883214777,0.1674505776041358,0.19798374188717466,0.22211892494070257,0.03815937756487343,0.04598149565483427,0.06757678096035734,307.3343368829944,-25.93432871742243,85.54903062510566,0.12637591207666016,-0.16749666699541058,-0.11502802072620774,-0.28252468772161826,-5.700544631854683,0.8989696514017501,1.203979074576346,-4.058852976959859,-3.818051467391083
2023-05-05,0.1611121834894784,0.1710353224206833,333.8851337054652,0.1531229666018627,0.1727349216025975,0.15712639263038658,0.19422388174213845,0.22207692987557603,0.0368368844540121,0.04605091956503961,0.06760535952630674,-1126.8085330153704,5.565370965387383,87.24919878098078,0.05976918483708879,-0.2119609932100012,-0.13401232953366723,-0.3459733227436684,-3.931615949671878,0.9001949630522609,1.199996900112946,-4.820649435747146,-2.9638281679837863
2023-05-08,0.1755158506137237,0.2439207297910055,-161.3851469946435,0.2383741060472868,0.1752119649457069,0.17965799020294798,0.1954402776645262,0.2221766762129064,0.03809874069294191,0.046258702358945136,0.06761917260611502,-778.2333904028508,24.744961097555617,86.70404751732461,0.32911393888831675,-0.08419985859447171,-0.12821805649396967,-0.21241791508844127,-2.762050190524249,0.9511031637726035,1.1513622055191743,-2.38189809479576,-2.18339870593774
2023-05-09,0.2904260728393382,0.2453692301253061,-173.8106940559843,0.2782114031406633,0.2819542009243365,0.19496894204288048,0.19737792601551907,0.2223941098500058,0.039650894213043616,0.04619143535439308,0.06760594951807333,-498.39407673049436,34.15981300708544,87.46889643233168,-0.16858492362223332,-0.01228002281335299,-0.11933078042125936,-0.1316108032346123,-5.587921876720113,1.0099588116857638,1.2399571516764314,-2.5991880692519613,-2.569748987685417
2023-05-10,0.1915514146621815,0.1298806499517866,-287.73346060633,0.1648015384014787,0.1481076408127264,0.18835031754509118,0.19128716001889243,0.22211382409758568,0.04021989466065077,0.04718987891721866,0.0678441988488831,-351.9436055572281,39.23686817155257,85.81554608147196,-0.38854030499041814,-0.01547213451751585,-0.149414217050915,-0.16488635156843076,-4.092712040186504,0.9828184826309274,1.2347209670967165,-2.171205314839534,-3.4084297979784646
2023-05-11,0.1415580837698691,0.1543100445355785,-262.2909004564901,0.1306164848990922,0.1550210457114937,0.18890319536487202,0.18745447519045913,0.22173230735088187,0.0398909336267916,0.04765148683466534,0.06795659359756122,-288.79355859353944,41.89493991835373,84.31736948543862,0.08625373583106757,0.007698673061113756,-0.16793481459350268,-0.16023614153238894,-3.7129852456090298,0.9752825704487569,1.0183493067835867,-2.396245592782006,-5.890935609140645
2023-05-12,0.152594640528819,0.1398590350415651,-306.31188458108585,0.1455055699884306,0.1382937453912864,0.18266793788904837,0.18622464731991223,0.22136615824624895,0.04100100955796473,0.048383282348661925,0.06815063866876492,-248.02110271865877,45.10459519039221,84.69115524318431,-0.08714997439826201,-0.019283768719670746,-0.17286442891963763,-0.19214819763930846,-4.932033294909621,0.9907797730906132,1.09282378059432,-4.6073340164036205,-3.4680974930283024
2023-05-15,0.124704536033791,0.1248515533486354,-226.8769358346622,0.1294055062816315,0.1384687428783353,0.15885410260057434,0.183917375534156,0.2212335063836265,0.04314533452636569,0.04816580766745493,0.0683065414562801,-217.8031251490237,43.95712460454282,84.84184999789179,0.0011782307714150121,-0.14650042348127426,-0.1847321229429927,-0.3312325464242671,-4.7035289824680735,0.8362609914105891,0.7315941380016898,-3.524773084909487,-2.1280506401267467
2023-05-16,0.1437867007141449,0.2284278856947716,-230.4213229575584,0.2105151662836744,0.1669642404877316,0.15546583371446743,0.18818150982189302,0.22167417903015246,0.043117975445619044,0.045072767321944804,0.06799420389238582,-215.18008596574515,43.85562136360885,84.41745470589201,0.46288960540516155,-0.19098098623254314,-0.16380166694298914,-0.3547826531755324,-3.1338243176789744,0.8419758501418573,0.7312195467620203,-2.423975055950201,-4.07799822864917
2023-05-17,0.2451771571869017,0.216751881068486,-188.075681828405,0.2133261063150584,0.2563357964923307,0.1728400799378073,0.18596252175468297,0.22176372929361385,0.04021004223309373,0.04411043379180323,0.0679728307558362,-194.9675342673747,47.53960604938445,84.2856253637355,-0.1232277456598351,-0.07317838390798397,-0.1760673751927426,-0.24924575910072666,-3.1463298357169185,0.8535928673942617,0.8510959308794144,-2.3870506835784253,-2.4433283588676025
2023-05-18,0.1608059001201685,0.192994603866174,-147.08466795205518,0.1785811860997128,0.169469726645862,0.18057699180392642,0.18525290341022999,0.22170507878333207,0.03994008948340563,0.04396075238003822,0.06799137477323021,-162.71442486111914,51.28891500938242,84.13088614398421,0.18246418091007144,-0.025564702765461304,-0.17962608773641908,-0.2051907905018804,-4.698222377045234,0.8621560886520685,0.9020507843078417,-3.3401037358707315,-3.2523147422671195
2023-05-19,0.1965115041884462,0.1769429371957294,-33.81076877885744,0.1689977345528062,0.2033039718920974,0.18799377223475927,0.1834072034648822,0.22176667340025755,0.03939792734152695,0.04404993442918393,0.06794361332541414,-140.89185999566422,53.6385188286099,84.06356372375524,-0.10489368321315186,0.024699999475413063,-0.18991697204814614,-0.165216972572733,-3.372428094715771,0.8752007207135297,0.8179960406657352,-3.2236636715165767,-3.2945723077328384
2023-05-22,0.1949277883775435,0.1659976633386883,-157.01283567052204,0.1839778813303625,0.168135840476721,0.19622299423276987,0.17979603282140655,0.22163577499734416,0.03736692688469394,0.04424707447852026,0.06801966900218084,-130.94908948146715,53.780674794816186,84.05808785618008,-0.16065546198273292,0.08742868079150974,-0.20921232396484704,-0.1217836431733374,-4.145088059124949,0.8706978957925815,0.6944344511185914,-3.6120317331951264,-3.19062588876853
2023-05-23,0.1691657022286046,0.1643837048599832,-78.7175623443456,0.1624318063327718,0.1683603539253102,0.18341415806581216,0.17774390154558062,0.22159927194634332,0.03701056756364427,0.04437928931604557,0.06804804269010109,-119.69673812792993,51.21312770239839,83.75532063131205,-0.02867536226695328,0.0314029956565259,-0.22052691049918166,-0.18912391484265575,-5.127976021344569,0.9045090280522875,0.8449061312792562,-4.377299239575402,-2.748182108243973
2023-05-24,0.1682425928965618,0.1822319187401317,-175.58162930406723,0.170485166390196,0.187680068615045,0.17651016560014132,0.17738631365098925,0.22158461911012356,0.036926641836077065,0.04442508928177803,0.06805615568377164,-120.9046413263683,50.85263427377609,83.56049889109426,0.0798732114977674,-0.004951447060067438,-0.22247462687335356,-0.22742607393342107,-4.063142321368859,0.8967734554603203,0.6676224857520218,-4.120631738264541,-3.3662175040666273
2023-05-25,0.140633335755715,0.1711840441270791,-49.76837599125989,0.1625812477685908,0.1493422509364359,0.17214805365232233,0.17726970460631414,0.22172412668036146,0.036943184882766045,0.04410915994596644,0.06791624735922812,-117.1095939310392,51.165081569989724,83.46991499868554,0.1965832114849515,-0.02931744406958039,-0.22376160882811738,-0.2530790528976977,-4.3245884993079455,0.8909907914934393,0.6290988874426358,-4.9907827758246635,-3.8253610347652818
2023-05-26,0.2254897577841035,0.1849859528113731,-107.4454071820998,0.2054023782251883,0.2022114791022566,0.17375665677545107,0.1753861898824113,0.22200282564225288,0.035436992975446516,0.042383638651829696,0.06762013298930307,-122.0049612931371,45.325233490746115,83.14244924794525,-0.19799484643895887,-0.009334545758668737,-0.2356997680631672,-0.24503431382183588,-5.74745254518112,0.9679583237265299,0.730254298659075,-5.894688507204855,-4.822951189542297
2023-05-30,0.1666862586028408,0.1940093695174187,-11.440845081021507,0.1765530705295108,0.1864760302213253,0.17935899801119715,0.17852352126187232,0.22183690209261744,0.03407647448124948,0.04188388303168427,0.06763779492017823,-108.72782213252351,46.04842976440186,82.92693660733222,0.15179309991615328,0.004669008527038556,-0.21722207229392806,-0.21255306376688943,-4.612904046154977,0.8990405410379917,0.6719640561313608,-3.7798845967280377,-3.57513277836531
2023-05-31,0.1726522650885691,0.1407776943641558,299.0959193329518,0.1587388047444968,0.1501494126474121,0.17463779591203168,0.17712168243379794,0.22131368200397686,0.03505941940861686,0.04235851220841505,0.06775725819248968,-82.94420015392261,55.47605847964802,84.18429400473617,-0.20409753282493678,-0.014122876340051231,-0.2227441029889731,-0.23686697932902429,-4.75722731416485,0.8587613987970544,0.6431433264618197,-3.1188436646541837,-3.74625391734995
2023-06-01,0.1421124820503312,0.1963232462107087,-249.1236487938472,0.1788708524472175,0.1630146290543899,0.17745606140614706,0.1787891561222967,0.22135468071858957,0.03514408104719687,0.0408849591490573,0.06773894786464466,-136.9066106659613,37.50967304593251,82.77479201171157,0.32314364497985054,-0.0074841759164272475,-0.21355909237253234,-0.2210432682889596,-4.144193212642364,0.8568407782506089,0.6237749355372877,-6.068830938886302,-4.2621957438417395
2023-06-02,0.1831791262990987,0.2243151295307384,152.44313340015583,0.2261859125958194,0.1915778660805251,0.18808227848687892,0.18242762982699992,0.22158050795988385,0.0359331677361776,0.03695699432525282,0.06765394028753574,-103.07337909873281,35.06636646121006,83.33536854866291,0.20258738512848096,0.0305259731313144,-0.1944324450514509,-0.1639064719201365,-3.363669065710435,0.8193165784864666,0.8731766975266126,-2.4824604222448143,-2.934993109523003
2023-06-05,0.2220027099527382,0.1674665510400919,-94.22354212960796,0.1784819045279868,0.2053420341424257,0.1845783981326227,0.18224919125797034,0.22080423610326205,0.036001513660823624,0.037057810918730734,0.06715316665522512,-124.47881289048647,33.63691337580212,83.47839218264127,-0.28190595275176117,0.012699362017856392,-0.191901566132266,-0.1792022041144097,-3.6171122623425123,0.8280736912392443,0.6066981054488534,-3.5454132446461037,-4.044446339531679
2023-06-06,0.1883491601076627,0.1788093757325004,12.109912055847474,0.1739316905851318,0.1892824006447795,0.18153839937563904,0.1789936235550451,0.22043424990203414,0.03294536943422193,0.03678990412204853,0.0671286101637947,-115.80405993796191,33.661748643576146,82.20481703142512,-0.051977176570089774,0.014117015526991232,-0.20824928142642618,-0.19413226589943497,-4.176593548061293,0.7558472322013275,0.5422635122354539,-3.089916503916126,-4.1864602600169425
2023-06-07,0.2470366827526073,0.2491078832137625,284.49787498961643,0.2383175315551997,0.257344964529612,0.2032044371455604,0.17918055620946793,0.22105881785615591,0.033349930450147725,0.03700218627025556,0.06666263440750321,-92.88863148568188,38.70440092779899,82.35268846256874,0.008349229781417574,0.12581856045363723,-0.21003481889464232,-0.08421625844100508,-3.9618735003929952,0.691693700081645,0.35229498038744356,-2.505419623514749,-2.222571411745402
2023-06-08,0.2197054371284426,0.2338406480777548,-45.88620001369589,0.276890496685525,0.2285109467990946,0.21070791751896958,0.18437855611576634,0.22155214821348843,0.0333632323508821,0.037427804077241125,0.06629657901379839,-80.79626845605017,47.5345083885353,82.63738436896811,0.06235216520545827,0.1334818830024108,-0.18366697957484007,-0.05018509657242935,-3.0286780775551847,0.7390094366428626,0.458691067571924,-2.8998536672390953,-3.282950403855681
2023-06-09,0.2236519518529682,0.2111960439413289,113.87164262231238,0.1899118568796258,0.2126449739353599,0.20808410040108768,0.18722285608605388,0.22141024606622747,0.03308860640548643,0.03747821952209742,0.06628056133148685,-61.98814130211006,53.492632916312495,83.8730926475766,-0.05730423678818186,0.10564267576646659,-0.1677176466649465,-0.06207497089847993,-3.783932516523472,0.7370270536942924,0.43571129649556173,-3.272491833816404,-4.333687193824223
2023-06-12,0.2168580681947971,0.21364575282248,-159.74116152543905,0.2337684601915213,0.216962159138319,0.2173199407575653,0.19091219197509962,0.22143669374015051,0.0316101878524299,0.03675776326790095,0.06627612074484177,-54.6596051493277,49.99634940466202,84.25509338324582,-0.014923793173179893,0.1295570546183613,-0.14832314713205402,-0.01876609251369272,-4.08600140020074,0.7131926336692587,0.4595495709047486,-3.902325416646476,-3.07522576012531
2023-06-13,0.2220621342900353,0.2321647145471819,-194.2760278557809,0.2174025701923225,0.2340851748623786,0.2279910085205016,0.19627785003502693,0.22174752385814891,0.028788550775899993,0.03710783719667337,0.06614281745955149,-53.02955975038365,49.46137440765041,83.76955035793688,0.04448986934734459,0.14977493426260938,-0.12200819715987493,0.027766737102734484,-4.093388738963361,0.698912482074621,0.4440852784098866,-3.8647258311254036,-2.9307812347382596
2023-06-14,0.2506590822848036,0.2270363285393433,-161.19593249558676,0.2318016452659632,0.2260312113949281,0.2235766975856178,0.1962082721772555,0.22091375488460135,0.028708328926386747,0.03727416478526369,0.06473661251383261,-49.56829022728506,46.79403522321172,83.36909732848673,-0.0989837356864422,0.13057781291078063,-0.11859566775364061,0.011982145157140073,-5.155008007002232,0.7026551225500284,0.7641973426637018,-4.313204124171746,-3.813465618311865
2023-06-15,0.244351242616736,0.2544989394523096,-96.49187471485754,0.2379886455680768,0.2619876497647682,0.22770835586052876,0.19809562509644668,0.22102409989373573,0.03125760105405126,0.03760646531590187,0.06477038078000733,-44.989099871607685,44.28462305436447,83.38658552208739,0.040689959700252645,0.13931580005088454,-0.10952187572338475,0.029793924327499634,-3.729742941299526,0.6692229745256216,0.5757689339651729,-3.8016350279309865,-3.8796385208135162
2023-06-16,0.182364650518561,0.1944783399240548,-136.19156990890892,0.1928782074629986,0.1723302804445059,0.22436481505707392,0.19816981189934071,0.22053863325862139,0.031246615909585898,0.03756646781904872,0.0645111400182897,-44.44444496945037,45.37662095036885,83.36727000376519,0.06431253712224069,0.12414906671867972,-0.10694858807164678,0.017200478647032943,-3.88499521814064,0.6619901218238524,0.5604137368821411,-3.4247325144706604,-4.091287000295796
2023-06-20,0.1903565313710795,0.166017179253437,24.36844202442325,0.1761116232998709,0.1859512777441287,0.21483910034326534,0.1976235240022261,0.21996264194506887,0.03172904370751246,0.036518815684012176,0.06435168606348707,-41.53548442928634,46.16832422041458,83.42427780147315,-0.13680752218958794,0.08352555063992603,-0.10709389577021944,-0.023568345130293385,-4.621334685988082,0.6425261518663564,0.5861648080722907,-2.42495884765743,-3.0443224127798434
2023-06-21,0.1722081594357813,0.1955013922869555,-93.83556429380089,0.1891879422969449,0.1781954668612657,0.20750643589122006,0.19909871044963945,0.21941086415764505,0.03085509166929069,0.035930786456803566,0.06396496083091763,-38.37662086045028,44.39970258720666,83.52411239953707,0.12686352671834902,0.041361621381652953,-0.09714533004654546,-0.05578370866489258,-4.510544291555497,0.645436346731396,0.5796087261832525,-6.884964607691399,-3.305978417102549
2023-06-22,0.1921191186888893,0.1459330661526832,66.41083799926986,0.1761055897200791,0.163673629816043,0.19128578341388802,0.19817617851427444,0.21819817321638452,0.0321944174414329,0.036546230610427465,0.062448665023949176,-31.120200843269505,48.126628714167964,83.98085484731224,-0.27496752391260276,-0.035387867518978995,-0.09624727576156845,-0.13163514328054746,-4.387484710584369,0.6121701460413926,0.39556423122071754,-3.9078261694396645,-2.5120320919539347
2023-06-23,0.2146026787997863,0.2523129987750945,91.78117477915544,0.2260162344308742,0.2410894877998206,0.190848595278445,0.2016802325160226,0.21816233435536592,0.03412372054492547,0.03724058807584728,0.06242641255720121,-17.752060639108375,54.84381704293225,82.94691006582862,0.16188206254973234,-0.055203016954126584,-0.07855600290407849,-0.13375901985820507,-4.194833405837954,0.6113000084434201,0.29006879022452214,-2.868014634549608,-6.125709027192035
2023-06-26,0.2653696274752444,0.2402403715756764,226.77618083734745,0.25123802166783,0.2545616116229579,0.2000010016087693,0.2051330488884525,0.2180607349468061,0.03436841096486464,0.03762671153814975,0.06236947489739283,-3.9248327976780075,61.273903842135304,84.25042787491948,-0.09948370442961228,-0.025336413005399218,-0.06111483707580842,-0.08645125008120766,-5.706709768464727,0.6971412249361456,0.5931176536124106,-2.3611966223222356,-3.0843005349149144
2023-06-27,0.2100233739444514,0.2592370354023279,-260.06475877231566,0.245802870307473,0.2236012838183421,0.2186449728385475,0.20884560301800023,0.21822571763073137,0.03604692883173622,0.038091331598709956,0.06242381948164542,-11.555800377188802,58.106224629155,83.08265416411689,0.21052400874691024,0.045854048354421195,-0.04393469168586246,0.0019193566685587714,-3.8075915291829308,0.6116700992532272,0.7139990662521701,-4.972756351787106,-2.372794531174424
2023-06-28,0.2289488965208024,0.2237750502556763,-145.79658640550224,0.2149764165644772,0.2378707398442583,0.2242997044322917,0.2103338870549131,0.21855131252904994,0.036016600900909905,0.03702897759724579,0.062238617715658674,-18.27358744341284,58.107099310445314,82.5456227639212,-0.022857512014433333,0.06428691733106846,-0.038324620454595205,0.025962296876473206,-3.7768662908647874,0.6091763252127093,0.7883182455733863,-4.1064988480086635,-3.5658247216352668
2023-06-29,0.2143807673043571,0.2563054443964008,69.81149213725621,0.2507451723351259,0.2200496233620348,0.2463741800810352,0.21611027455652532,0.21902755741832347,0.03344650273594455,0.03778550756991044,0.062069256805960454,-29.737808803197616,58.495181337952474,81.94234146876602,0.178616154988759,0.1310626297743244,-0.013408747098413379,0.11765388267591101,-3.4836376194901337,0.607757063900364,0.8826406773588085,-5.832209997891394,-2.2038953735114255
2023-06-30,0.2784486760590887,0.3126063774387995,-103.16350945395362,0.3082740204923375,0.281384152724041,0.2584328558137762,0.2219244311179299,0.21980629149675923,0.03940250153048878,0.04054286759322602,0.06201692980596524,-22.43980183620294,60.742251854744936,81.83425629631381,0.11571106371160185,0.15229899125431443,0.009590258259249258,0.16188924951356368,-3.6160057262182335,0.6160439495239151,0.9196742600792496,-2.4210159076037834,-2.8085329878502368
2023-07-03,0.3063930463756534,0.2713080049806824,35.49901100549971,0.2676800846040823,0.2983735011811843,0.2646463824947774,0.22427407489042706,0.22007660254495273,0.040924314495591474,0.04156183894874167,0.062093805063722037,-28.287007955935746,58.65798327610826,81.67045887737876,-0.12161401777226172,0.1655256766466249,0.018893173414166485,0.18441885006079137,-3.48370709112794,0.6095631685078218,0.1549713143946439,-4.199534386829699,-3.471588728255973
2023-07-05,0.236996897069917,0.2096076873973862,133.1761454903944,0.2199553494260118,0.2266904980985202,0.254720512893789,0.22638113170829183,0.2201186198212749,0.038879303931095135,0.04116167140532412,0.062083109100581735,-16.917023574935627,-422.73478982693115,82.99502812328008,-0.12280942022886011,0.11794691386821413,0.028053420292629572,0.14600033416084365,-5.000415394751958,0.6351680421091193,0.6421645886562153,-2.2730390088779076,-3.003172926584903
2023-07-06,0.2296389489187253,0.2388879819084852,63.551631548221735,0.2293368715933081,0.2441906881286968,0.25774309922435085,0.22938506201709105,0.22023921755646272,0.037299134037125994,0.04138455154520343,0.062090196842161674,-14.344937600316914,-302.7941293137102,83.56216826605241,0.039486458909880624,0.11656126445207778,0.04068777680902036,0.15724904126109807,-4.209498441003668,0.6353527578101565,0.6551359982280265,-3.428979051009308,-4.192204500814959
2023-07-07,0.2319588034287361,0.2513735598153355,-176.8089651684558,0.247159253717542,0.237918369758376,0.2567567223081378,0.2294983458471697,0.2204848076531662,0.03736556977909695,0.04188287038966944,0.06209143898122214,-37.41027960822053,-209.56432927479926,-41.925383776271154,0.08038033437772384,0.1122332089390735,0.04006702885592704,0.15230023779500043,-4.684117731327892,0.6459632957471511,0.6575032355221876,-3.1756757222590615,-5.312034096008757
2023-07-10,0.2426752276948027,0.2066043276656177,-11.53299371474435,0.2224484246567568,0.2203590040394201,0.23555631235350138,0.22813652982656282,0.22044011482346684,0.03769386374448664,0.04137788777650712,0.06209741637307819,-35.69261929327295,-156.14416443551747,-11.626966683725893,-0.16091853432761025,0.03200573838109784,0.03431819486706572,0.06632393324816382,-6.170868468022354,0.7321258505101873,0.996674896228789,-3.4331942374377418,-2.24429684757419
2023-07-11,0.20873602678639,0.2583435729792942,32416.57129180318,0.2461808418071789,0.2253606413765503,0.23296342595322375,0.23049390627846109,0.22023335895254306,0.03805125410137065,0.041859119648821115,0.06188359889700818,1579.4423631657705,409.55355442337327,142.7921838057296,0.2132199532985827,0.010657045969317762,0.04553671842214126,0.056193764391458935,-3.871831589010307,0.728999829281333,0.8863215415585509,-4.9661381655516985,-4.345545671102518
2023-07-12,0.2721907703736863,0.2259277247629518,-10016.354804871877,0.2572096907342178,0.2433916995281166,0.23622743342633687,0.2311080048754847,0.21976204003779687,0.03786368085651294,0.0416834123253169,0.06138574006667596,1086.6116809984485,261.3103243768203,114.01858392235724,-0.1862880359339075,0.021909887096809428,0.0503398300562608,0.07224971715307028,-4.281783825324681,0.726951191409064,0.9012730227220771,-3.9464386324592624,-4.115361639892081
2023-07-13,0.239125687066358,0.2719512124189336,-5041.103057777174,0.2616396812490009,0.2453450048919037,0.2428400795284266,0.23309732976907224,0.21955862684290542,0.03895166433072464,0.042411212027639165,0.061126627291041215,844.2703295023788,191.14588153432348,102.44701828052554,0.12863338309293323,0.04094702708132521,0.05983680114325228,0.10078382822457733,-4.116916828375144,0.7265610769865092,0.9132924887442321,-4.297123920444825,-3.409333474773728
2023-07-14,0.2742376703519329,0.3298396255841833,-2268.9118772345028,0.3181458378741197,0.2822218194043766,0.2585332926821961,0.23823749462131424,0.21995635646839318,0.04449797221757338,0.0446292560773939,0.061519720805338025,738.8845322654331,158.04538535746724,98.29817068789448,0.18461141280530932,0.08175642477909531,0.07983890570038432,0.16159533047947972,-3.326349169039752,0.7329312463022158,1.0783072649490657,-2.264211846327226,-2.5450890308544833
2023-07-17,0.3115687986547764,0.1951583924970181,-2211.8309831402166,0.2647034996022612,0.2382967823757309,0.2562441056484762,0.23527046727354967,0.21966428193405413,0.0453272489930256,0.044096096589410785,0.06146317391241246,633.1175768441651,131.05364756839384,92.25186966373681,-0.46780867822901107,0.08539475093413175,0.06863538727344295,0.15403013820757475,-3.6341368607954605,0.7367585678719127,0.3804252586901319,-2.5666441337990875,-4.470120619121036
2023-07-18,0.1918172485914859,0.1779328906211938,-1201.4241107123162,0.1861448105208349,0.1865893983154389,0.24016196917685612,0.23444319480840664,0.21917474324850642,0.04625247815396362,0.04424919424646392,0.06130539001908101,579.8559498039947,124.23235999114134,91.01148846719931,-0.07513662827653426,0.0241002483702342,0.06734399288977794,0.09144424126001205,-7.7183630093436415,1.0653227436637636,1.7757177418217034,-1.884488532226453,-2.520608246472506
2023-07-19,0.1837224409882676,0.1495967591818336,-1244.5542908914915,0.2039880226922572,0.1649991012201868,0.2248957760606325,0.23362217380482647,0.21857915358660981,0.04765548485377192,0.04482858258169755,0.0612549548003014,516.409813158199,111.32748957774908,87.47448854971356,-0.20548274374574957,-0.03806809118120827,0.06655696064563296,0.02848886946442473,-3.2444777380252514,1.0963532445629784,1.8818773463626999,-3.088689291283133,-2.5726765831650646
2023-07-20,0.1504134612018806,0.2521753523603287,-649.4931610144362,0.1930469723562562,0.1957754653228791,0.22094060404891147,0.23645587180849512,0.21849751150177535,0.04694918252736722,0.04504016376573398,0.061196257951207256,488.62693332216725,106.43374099341621,87.05570746245459,0.516736778042166,-0.06786769653894369,0.07898697651169316,0.011119279972749523,-5.904005849086264,1.1493334357900429,1.979914259707846,-2.6004190318522373,-3.923293274056483
2023-07-21,0.2547334163054624,0.2634806791741839,-843.1880945513205,0.2738552823937441,0.2718113348327069,0.2076688147669116,0.2423332524595702,0.2187963663940877,0.04213098551121187,0.045666148728027295,0.06123290731776432,443.1469866946378,97.4433492411457,85.49928793987502,0.033762469409796596,-0.15436928108816977,0.10217239170000877,-0.052196889388161194,-6.192872262039636,1.2147726815581321,1.8710477911497585,-2.172575595033096,-2.7126766906696065
2023-07-24,0.2273571003382315,0.2021613958614723,-289.99828175343293,0.1830393881972143,0.2215942909265553,0.20906941543980245,0.23982567231388904,0.21855066933835307,0.04298947387996554,0.04561671280529419,0.061175674201511154,424.0580138680083,95.1337706341768,85.84023853227895,-0.1174555428607574,-0.1372459659397195,0.0928944101148376,-0.04435155582488194,-3.255672008606867,1.2458102050113116,1.962661215447604,-2.9954531825263877,-4.961416169878457
2023-07-25,0.2209347897361477,0.2224653362318891,-242.67721272073052,0.2167607382550058,0.2280475283362153,0.21797590456194152,0.23893692054669965,0.21830254354401918,0.043163833621006786,0.045457942431623787,0.06103275696473146,400.5853441901044,93.18363915379535,85.83413060453607,0.00690370834409301,-0.0918150591808374,0.09031767124188506,-0.0014973879389523063,-4.484122256461965,1.211682687598356,1.4048525040034041,-3.19380906417521,-3.1115372406379564
2023-07-26,0.2289945414128102,0.2216035816945298,-375.3582061902816,0.2524763238675795,0.2087794110293162,0.23237726906448075,0.23705524786130977,0.21858321137434794,0.04305244675184635,0.045452044704812955,0.06088518757088634,394.8206718192061,87.08663671629301,83.60152217722619,-0.03280804902089695,-0.019931016646421995,0.08112645518047734,0.06119543853405534,-3.1304778238093616,1.2386529760015137,1.4333176812871162,-3.940310046298651,-2.6309944073344735
2023-07-27,0.3220323292609315,0.3240379215218119,40.45687108562458,0.3030213496436125,0.3308476419346657,0.24674978289677738,0.24206839142461659,0.2190815460509036,0.04707426381236636,0.046794338313960966,0.06123682399965728,404.13334469376247,92.37731170594164,85.29875191614684,0.006208608741481001,0.019154503039389845,0.09977627851697934,0.11893078155636894,-3.5817739393750707,1.2444018549236366,1.2693389232232581,-2.286981610071967,-2.6329997456190917
2023-07-28,0.2613684977333266,0.2631663445971322,70249.58882119058,0.2832417759484995,0.2531144274246313,0.24668691598136702,0.24241143643465315,0.2192067168414735,0.04720828222898532,0.0469613441757879,0.061295030802320995,3913.122211146429,1266.8134007297692,367.2338420005819,0.006855040920136716,0.017483552883946707,0.10062123596380487,0.11810478884775154,-3.502321930911458,1.243708584374136,0.5315406244586955,-3.180550635109922,-8.065052607320503
