Date,Open,High,Low,Close,Adj Close,Volume
2018-01-02,10.520000457763672,10.640000343322754,10.010000228881836,10.420000076293945,8.109456062316895,5657100
2018-01-03,10.40999984741211,10.979999542236328,10.25,10.869999885559082,8.459671974182129,5117200
2018-01-04,10.899999618530273,10.9399995803833,10.59000015258789,10.789999961853027,8.397411346435547,3872200
2018-01-05,10.760000228881836,10.899999618530273,10.630000114440918,10.850000381469727,8.444107055664062,2314600
2018-01-08,10.850000381469727,10.850000381469727,10.40999984741211,10.539999961853027,8.20284652709961,2805800
2018-01-09,10.5,10.739999771118164,10.319999694824219,10.380000114440918,8.078325271606445,3082700
2018-01-10,10.25,10.819999694824219,10.130000114440918,10.739999771118164,8.358498573303223,4400300
2018-01-11,10.75,10.760000228881836,10.479999542236328,10.710000038146973,8.335151672363281,3549200
2018-01-12,10.8100004196167,10.859999656677246,10.430000305175781,10.699999809265137,8.327367782592773,2895300
2018-01-16,10.529999732971191,10.550000190734863,9.529999732971191,9.869999885559082,7.6814141273498535,10482900
2018-01-17,9.9399995803833,10.010000228881836,9.770000457763672,9.890000343322754,7.6969780921936035,3836300
2018-01-18,9.880000114440918,9.989999771118164,9.699999809265137,9.739999771118164,7.580239295959473,3192000
2018-01-19,9.800000190734863,9.880000114440918,9.699999809265137,9.789999961853027,7.619152545928955,3145600
2018-01-22,9.8100004196167,9.829999923706055,9.359999656677246,9.420000076293945,7.331197738647461,5209200
2018-01-23,9.5,9.520000457763672,9.180000305175781,9.199999809265137,7.159980297088623,4949300
2018-01-24,9.15999984741211,9.199999809265137,8.050000190734863,8.079999923706055,6.288330554962158,16865900
2018-01-25,8.279999732971191,8.619999885559082,8.100000381469727,8.359999656677246,6.506242752075195,8998700
2018-01-26,8.369999885559082,8.399999618530273,8.010000228881836,8.270000457763672,6.436200141906738,6361700
2018-01-29,8.300000190734863,8.529999732971191,8.199999809265137,8.270000457763672,6.436200141906738,4163600
2018-01-30,8.220000267028809,8.640000343322754,8.020000457763672,8.529999732971191,6.638546466827393,5275200
2018-01-31,8.640000343322754,8.779999732971191,8.420000076293945,8.529999732971191,6.638546466827393,3108000
2018-02-01,8.520000457763672,8.59000015258789,8.25,8.369999885559082,6.5140252113342285,3183400
2018-02-02,8.34000015258789,8.789999961853027,8.34000015258789,8.600000381469727,6.6930251121521,4227800
2018-02-05,8.380000114440918,8.489999771118164,7.579999923706055,7.760000228881836,6.039287567138672,7647600
2018-02-06,7.460000038146973,8.1899995803833,7.400000095367432,7.989999771118164,6.218286991119385,5364400
2018-02-07,8.069999694824219,8.15999984741211,7.960000038146973,8.050000190734863,6.264983177185059,3753100
2018-02-08,8.100000381469727,8.130000114440918,7.590000152587891,7.75,6.0315046310424805,4392200
2018-02-09,7.900000095367432,8.079999923706055,7.53000020980835,8.010000228881836,6.233852386474609,3504500
2018-02-12,8.180000305175781,8.359999656677246,7.849999904632568,8.289999961853027,6.4517645835876465,4521700
2018-02-13,7.699999809265137,8.199999809265137,7.5,8.199999809265137,6.381721019744873,6646200
2018-02-14,8.0,8.319999694824219,7.920000076293945,8.130000114440918,6.327243804931641,3437900
2018-02-15,8.140000343322754,8.270000457763672,7.800000190734863,8.229999542236328,6.405068874359131,3637500
2018-02-16,8.109999656677246,8.140000343322754,7.880000114440918,7.940000057220459,6.179374694824219,2985400
2018-02-20,7.920000076293945,8.180000305175781,7.809999942779541,8.130000114440918,6.327243804931641,3279600
2018-02-21,8.130000114440918,8.199999809265137,7.96999979019165,8.029999732971191,6.249417304992676,1732100
2018-02-22,8.020000457763672,8.029999732971191,7.75,7.869999885559082,6.124896049499512,3620700
2018-02-23,7.860000133514404,8.680000305175781,7.849999904632568,8.34000015258789,6.490677833557129,5856200
2018-02-26,8.380000114440918,8.779999732971191,8.380000114440918,8.5,6.615199089050293,3377100
2018-02-27,8.600000381469727,8.880000114440918,8.59000015258789,8.670000076293945,6.747503280639648,3020400
2018-02-28,8.699999809265137,8.779999732971191,8.130000114440918,8.170000076293945,6.358373641967773,3761700
2018-03-01,8.289999961853027,8.430000305175781,8.0,8.029999732971191,6.249417304992676,3087300
2018-03-02,7.940000057220459,8.34000015258789,7.809999942779541,8.300000190734863,6.459547519683838,2323600
2018-03-05,8.270000457763672,8.390000343322754,8.050000190734863,8.25,6.420634746551514,3047200
2018-03-06,8.260000228881836,8.380000114440918,8.119999885559082,8.25,6.420634746551514,2751000
2018-03-07,8.069999694824219,8.270000457763672,8.069999694824219,8.199999809265137,6.381721019744873,2503200
2018-03-08,8.279999732971191,8.289999961853027,7.679999828338623,7.71999979019165,6.008157253265381,4691000
2018-03-09,7.510000228881836,7.909999847412109,7.5,7.75,6.0315046310424805,5302800
2018-03-12,7.849999904632568,8.0,7.610000133514404,7.679999828338623,5.977026462554932,3381100
2018-03-13,7.710000038146973,7.760000228881836,7.070000171661377,7.230000019073486,5.626810550689697,9139800
2018-03-14,7.25,7.550000190734863,7.090000152587891,7.389999866485596,5.751331329345703,3776000
2018-03-15,7.460000038146973,7.599999904632568,7.130000114440918,7.260000228881836,5.650158405303955,3180000
2018-03-16,7.300000190734863,7.409999847412109,7.199999809265137,7.320000171661377,5.696854114532471,2504800
2018-03-19,7.28000020980835,7.300000190734863,6.900000095367432,7.0,5.447811603546143,5099700
2018-03-20,7.0,7.090000152587891,6.900000095367432,6.989999771118164,5.440028190612793,3396100
2018-03-21,6.920000076293945,7.070000171661377,6.909999847412109,6.989999771118164,5.440028190612793,1969000
2018-03-22,6.920000076293945,7.0,6.75,6.789999961853027,5.284376621246338,2711400
2018-03-23,6.800000190734863,6.960000038146973,6.610000133514404,6.650000095367432,5.175420761108398,3938500
2018-03-26,6.710000038146973,6.929999828338623,6.710000038146973,6.860000133514404,5.338855266571045,2276500
2018-03-27,6.929999828338623,6.929999828338623,6.5,6.53000020980835,5.082029342651367,3803800
2018-03-28,6.5,6.53000020980835,6.019999980926514,6.119999885559082,4.762943267822266,5943800
2018-03-29,6.119999885559082,6.210000038146973,5.96999979019165,6.159999847412109,4.794073581695557,3853700
2018-04-02,6.170000076293945,6.590000152587891,6.119999885559082,6.440000057220459,5.011986255645752,3340300
2018-04-03,6.5,6.53000020980835,6.269999980926514,6.329999923706055,4.926377773284912,1810500
2018-04-04,6.190000057220459,6.360000133514404,6.130000114440918,6.340000152587891,4.9341607093811035,2286100
2018-04-05,6.400000095367432,6.53000020980835,6.320000171661377,6.389999866485596,4.9730730056762695,2006900
2018-04-06,6.309999942779541,6.429999828338623,6.21999979019165,6.380000114440918,4.9652910232543945,1646300
2018-04-09,6.380000114440918,6.900000095367432,6.380000114440918,6.699999809265137,5.214333534240723,4987300
2018-04-10,6.829999923706055,6.889999866485596,6.53000020980835,6.809999942779541,5.2999420166015625,2819800
2018-04-11,6.929999828338623,7.480000019073486,6.889999866485596,7.199999809265137,5.6034626960754395,5090700
2018-04-12,7.239999771118164,7.46999979019165,6.909999847412109,7.329999923706055,5.704636096954346,4982300
2018-04-13,7.25,7.340000152587891,7.050000190734863,7.159999847412109,5.572332382202148,2109700
2018-04-16,7.199999809265137,7.329999923706055,7.050000190734863,7.239999771118164,5.6345930099487305,2050200
2018-04-17,7.300000190734863,7.610000133514404,7.28000020980835,7.449999809265137,5.798027038574219,2930000
2018-04-18,7.46999979019165,7.46999979019165,7.159999847412109,7.179999828338623,5.587897300720215,1668100
2018-04-19,7.099999904632568,7.329999923706055,7.010000228881836,7.269999980926514,5.657940864562988,2126500
2018-04-20,7.25,7.460000038146973,7.230000019073486,7.300000190734863,5.681288719177246,2103000
2018-04-23,7.289999961853027,7.510000228881836,7.150000095367432,7.25,5.642375946044922,2739800
2018-04-24,7.25,7.409999847412109,7.0,7.039999961853027,5.478941440582275,1817900
2018-04-25,6.929999828338623,7.050000190734863,6.5,6.769999980926514,5.268811225891113,2734800
2018-04-26,6.789999961853027,7.139999866485596,6.690000057220459,6.869999885559082,5.346636772155762,2300500
2018-04-27,7.0,7.099999904632568,6.760000228881836,6.789999961853027,5.284376621246338,1692800
2018-04-30,6.800000190734863,6.929999828338623,6.739999771118164,6.820000171661377,5.307724475860596,1214600
2018-05-01,6.820000171661377,7.050000190734863,6.800000190734863,7.0,5.447811603546143,1341900
2018-05-02,7.150000095367432,7.329999923706055,7.079999923706055,7.170000076293945,5.58011531829834,2244300
2018-05-03,7.099999904632568,7.179999828338623,6.829999923706055,7.010000228881836,5.455594062805176,1741200
2018-05-04,7.019999980926514,7.289999961853027,6.949999809265137,7.21999979019165,5.619027614593506,1432800
2018-05-07,7.349999904632568,7.349999904632568,7.079999923706055,7.300000190734863,5.681288719177246,1870500
2018-05-08,7.320000171661377,7.320000171661377,7.159999847412109,7.199999809265137,5.6034626960754395,1518100
2018-05-09,7.179999828338623,7.190000057220459,6.920000076293945,7.019999980926514,5.463376045227051,3464300
2018-05-10,7.119999885559082,7.199999809265137,6.909999847412109,6.949999809265137,5.408897876739502,3264500
2018-05-11,6.940000057220459,7.039999961853027,6.760000228881836,6.809999942779541,5.2999420166015625,2415900
2018-05-14,6.809999942779541,7.079999923706055,6.75,7.010000228881836,5.455594062805176,2088700
2018-05-15,6.989999771118164,7.230000019073486,6.929999828338623,7.210000038146973,5.611245632171631,1957900
2018-05-16,7.179999828338623,7.369999885559082,7.179999828338623,7.369999885559082,5.735766410827637,1512100
2018-05-17,7.400000095367432,7.409999847412109,7.199999809265137,7.21999979019165,5.619027614593506,1867600
2018-05-18,7.159999847412109,7.300000190734863,7.150000095367432,7.289999961853027,5.673505783081055,1277800
2018-05-21,7.380000114440918,7.800000190734863,7.360000133514404,7.590000152587891,5.906983852386475,3745700
2018-05-22,7.650000095367432,7.800000190734863,7.610000133514404,7.730000019073486,6.015939712524414,2093800
2018-05-23,7.71999979019165,7.760000228881836,7.210000038146973,7.329999923706055,5.704636096954346,2977600
2018-05-24,7.269999980926514,7.380000114440918,7.110000133514404,7.289999961853027,5.673505783081055,1548100
2018-05-25,7.210000038146973,7.420000076293945,7.210000038146973,7.309999942779541,5.689071178436279,1419100
2018-05-29,7.300000190734863,7.449999809265137,7.150000095367432,7.380000114440918,5.743549346923828,1656200
2018-05-30,7.380000114440918,7.539999961853027,7.329999923706055,7.460000038146973,5.805810451507568,1273100
2018-05-31,7.53000020980835,7.690000057220459,7.329999923706055,7.449999809265137,5.798027038574219,1846900
2018-06-01,7.539999961853027,8.119999885559082,7.460000038146973,8.020000457763672,6.241635322570801,5662200
2018-06-04,8.100000381469727,8.270000457763672,7.960000038146973,8.210000038146973,6.3895039558410645,3976400
2018-06-05,8.199999809265137,8.289999961853027,8.079999923706055,8.229999542236328,6.405068874359131,1905400
2018-06-06,8.279999732971191,8.390000343322754,8.0600004196167,8.119999885559082,6.319460868835449,2443700
2018-06-07,8.350000381469727,8.579999923706055,8.149999618530273,8.479999542236328,6.599633693695068,5571500
2018-06-08,8.380000114440918,8.479999542236328,8.109999656677246,8.479999542236328,6.599633693695068,2204200
2018-06-11,8.4399995803833,8.5,8.279999732971191,8.430000305175781,6.560721397399902,1196800
2018-06-12,8.430000305175781,8.5,8.319999694824219,8.399999618530273,6.537373065948486,2021800
2018-06-13,8.460000038146973,8.819999694824219,8.40999984741211,8.609999656677246,6.700807094573975,4078000
2018-06-14,8.670000076293945,8.770000457763672,8.550000190734863,8.75,6.8097639083862305,2003200
2018-06-15,8.65999984741211,8.760000228881836,7.880000114440918,8.149999618530273,6.342807769775391,5417100
2018-06-18,8.050000190734863,8.170000076293945,7.809999942779541,8.140000343322754,6.335026264190674,2253900
2018-06-19,8.069999694824219,8.069999694824219,7.420000076293945,7.760000228881836,6.039287567138672,4703100
2018-06-20,7.880000114440918,7.889999866485596,7.619999885559082,7.769999980926514,6.047070026397705,1177100
2018-06-21,7.769999980926514,7.909999847412109,7.559999942779541,7.659999847412109,5.961462020874023,1654100
2018-06-22,7.739999771118164,7.75,7.599999904632568,7.679999828338623,5.977026462554932,1809700
2018-06-25,7.539999961853027,7.699999809265137,7.349999904632568,7.670000076293945,5.969244956970215,2513400
2018-06-26,7.650000095367432,7.650000095367432,7.389999866485596,7.619999885559082,5.930331707000732,1202700
2018-06-27,7.659999847412109,7.960000038146973,7.570000171661377,7.570000171661377,5.891418933868408,1577200
2018-06-28,7.519999980926514,7.659999847412109,7.349999904632568,7.380000114440918,5.743549346923828,2566500
2018-06-29,7.389999866485596,7.579999923706055,7.389999866485596,7.460000038146973,5.805810451507568,1017200
2018-07-02,7.409999847412109,7.480000019073486,7.320000171661377,7.389999866485596,5.751331329345703,974800
2018-07-03,7.400000095367432,7.460000038146973,7.21999979019165,7.239999771118164,5.6345930099487305,811600
2018-07-05,7.309999942779541,7.440000057220459,7.179999828338623,7.360000133514404,5.727984428405762,1177400
2018-07-06,7.349999904632568,7.360000133514404,7.210000038146973,7.239999771118164,5.6345930099487305,1123600
2018-07-09,7.300000190734863,7.53000020980835,7.260000228881836,7.5,5.836940288543701,1079500
2018-07-10,7.559999942779541,7.599999904632568,7.449999809265137,7.5,5.836940288543701,707200
2018-07-11,7.460000038146973,7.460000038146973,7.300000190734863,7.380000114440918,5.743549346923828,754200
2018-07-12,7.5,7.800000190734863,7.400000095367432,7.78000020980835,6.0548529624938965,1721200
2018-07-13,7.809999942779541,8.0,7.690000057220459,7.820000171661377,6.085983753204346,1145200
2018-07-16,7.800000190734863,8.199999809265137,7.800000190734863,8.170000076293945,6.358373641967773,1828500
2018-07-17,8.069999694824219,8.199999809265137,7.800000190734863,7.809999942779541,6.078200340270996,1884800
2018-07-18,7.75,7.800000190734863,7.349999904632568,7.75,6.109734535217285,2397900
2018-07-19,7.75,7.78000020980835,7.510000228881836,7.630000114440918,6.015132904052734,1159600
2018-07-20,7.619999885559082,7.639999866485596,7.440000057220459,7.570000171661377,5.967831134796143,958700
2018-07-23,7.590000152587891,7.699999809265137,7.420000076293945,7.610000133514404,5.999365329742432,1011000
2018-07-24,7.639999866485596,7.659999847412109,7.28000020980835,7.349999904632568,5.794393539428711,1809500
2018-07-25,7.349999904632568,7.420000076293945,7.190000057220459,7.309999942779541,5.762859344482422,1662300
2018-07-26,7.269999980926514,7.28000020980835,7.139999866485596,7.260000228881836,5.723442077636719,1040700
2018-07-27,7.300000190734863,7.340000152587891,7.130000114440918,7.150000095367432,5.636723041534424,881800
2018-07-30,7.130000114440918,7.170000076293945,6.860000133514404,6.900000095367432,5.439634799957275,2468400
2018-07-31,6.880000114440918,6.889999866485596,6.610000133514404,6.610000133514404,5.211012363433838,3013200
2018-08-01,6.610000133514404,6.78000020980835,6.610000133514404,6.650000095367432,5.242547035217285,1886900
2018-08-02,6.619999885559082,6.639999866485596,6.320000171661377,6.519999980926514,5.1400604248046875,3406600
2018-08-03,6.619999885559082,6.619999885559082,6.449999809265137,6.460000038146973,5.092759609222412,1758700
2018-08-06,6.449999809265137,6.539999961853027,6.409999847412109,6.510000228881836,5.132177352905273,1006800
2018-08-07,6.510000228881836,6.820000171661377,6.510000228881836,6.579999923706055,5.187361717224121,2082800
2018-08-08,6.619999885559082,6.800000190734863,6.550000190734863,6.610000133514404,5.211012363433838,2945400
2018-08-09,6.730000019073486,6.800000190734863,6.53000020980835,6.619999885559082,5.21889591217041,2336000
2018-08-10,6.519999980926514,6.630000114440918,6.5,6.559999942779541,5.171594619750977,1493300
2018-08-13,6.53000020980835,6.78000020980835,6.519999980926514,6.590000152587891,5.195245742797852,2011000
2018-08-14,6.590000152587891,6.639999866485596,6.5,6.5,5.124293327331543,1716600
2018-08-15,6.489999771118164,6.5,5.909999847412109,5.980000019073486,4.714350700378418,5524200
2018-08-16,5.960000038146973,6.079999923706055,5.800000190734863,5.869999885559082,4.627631187438965,3705800
2018-08-17,5.849999904632568,5.880000114440918,5.699999809265137,5.789999961853027,4.564562797546387,2177000
2018-08-20,5.809999942779541,6.070000171661377,5.760000228881836,6.0,4.730117321014404,1822900
2018-08-21,6.03000020980835,6.440000057220459,6.03000020980835,6.239999771118164,4.9193220138549805,2590600
2018-08-22,6.210000038146973,6.380000114440918,6.210000038146973,6.309999942779541,4.974506378173828,1046600
2018-08-23,6.320000171661377,6.400000095367432,6.230000019073486,6.260000228881836,4.935089111328125,790900
2018-08-24,6.289999961853027,6.46999979019165,6.25,6.389999866485596,5.037574768066406,1213400
2018-08-27,6.429999828338623,6.539999961853027,6.349999904632568,6.420000076293945,5.061225414276123,1258000
2018-08-28,6.489999771118164,6.590000152587891,6.409999847412109,6.440000057220459,5.076992511749268,1181500
2018-08-29,6.440000057220459,6.53000020980835,6.389999866485596,6.53000020980835,5.147944450378418,954000
2018-08-30,6.510000228881836,6.539999961853027,6.409999847412109,6.449999809265137,5.084875583648682,758900
2018-08-31,6.420000076293945,6.449999809265137,6.179999828338623,6.429999828338623,5.069108963012695,2007800
2018-09-04,6.400000095367432,6.5,6.309999942779541,6.440000057220459,5.076992511749268,938300
2018-09-05,6.46999979019165,6.5,6.289999961853027,6.389999866485596,5.037574768066406,859200
2018-09-06,6.400000095367432,6.420000076293945,6.179999828338623,6.190000057220459,4.879904270172119,1145100
2018-09-07,6.139999866485596,6.25,6.0,6.010000228881836,4.738001346588135,1381600
2018-09-10,6.050000190734863,6.320000171661377,6.039999961853027,6.28000020980835,4.9508562088012695,1648500
2018-09-11,6.300000190734863,6.300000190734863,6.099999904632568,6.179999828338623,4.872020244598389,1143100
2018-09-12,6.119999885559082,6.170000076293945,5.960000038146973,6.119999885559082,4.824719429016113,1284400
2018-09-13,6.210000038146973,6.300000190734863,6.050000190734863,6.050000190734863,4.769535064697266,1494500
2018-09-14,6.059999942779541,6.230000019073486,6.059999942779541,6.139999866485596,4.840486526489258,736900
2018-09-17,6.099999904632568,6.239999771118164,6.070000171661377,6.079999923706055,4.793185234069824,643400
2018-09-18,6.090000152587891,6.309999942779541,6.090000152587891,6.170000076293945,4.864137649536133,995700
2018-09-19,6.159999847412109,6.239999771118164,6.130000114440918,6.21999979019165,4.903554439544678,1334700
2018-09-20,6.28000020980835,6.320000171661377,6.150000095367432,6.28000020980835,4.9508562088012695,991700
2018-09-21,6.309999942779541,6.320000171661377,5.940000057220459,5.96999979019165,4.7064666748046875,2607000
2018-09-24,5.980000019073486,6.03000020980835,5.829999923706055,5.909999847412109,4.659164905548096,1473700
2018-09-25,5.929999828338623,5.949999809265137,5.849999904632568,5.860000133514404,4.619748115539551,1095100
2018-09-26,5.860000133514404,5.929999828338623,5.710000038146973,5.760000228881836,4.540912628173828,2434200
2018-09-27,5.800000190734863,5.920000076293945,5.670000076293945,5.769999980926514,4.5487961769104,1573500
2018-09-28,5.739999771118164,5.880000114440918,5.679999828338623,5.880000114440918,4.635515213012695,2582000
2018-10-01,6.090000152587891,6.329999923706055,5.96999979019165,6.210000038146973,4.895671367645264,4018700
2018-10-02,6.119999885559082,6.239999771118164,5.96999979019165,6.010000228881836,4.738001346588135,2277500
2018-10-03,6.070000171661377,6.480000019073486,6.050000190734863,6.420000076293945,5.061225414276123,3194000
2018-10-04,6.309999942779541,6.539999961853027,6.300000190734863,6.409999847412109,5.053341865539551,1545900
2018-10-05,6.650000095367432,6.659999847412109,5.849999904632568,6.099999904632568,4.808952331542969,5411700
2018-10-08,6.099999904632568,6.289999961853027,6.019999980926514,6.199999809265137,4.887787342071533,1928600
2018-10-09,6.099999904632568,6.139999866485596,5.940000057220459,6.070000171661377,4.785301685333252,2006200
2018-10-10,6.010000228881836,6.059999942779541,5.659999847412109,5.78000020980835,4.556679725646973,2733300
2018-10-11,5.730000019073486,5.849999904632568,5.610000133514404,5.730000019073486,4.517261981964111,2039200
2018-10-12,5.909999847412109,5.96999979019165,5.829999923706055,5.900000095367432,4.65128231048584,1544400
2018-10-15,5.900000095367432,6.059999942779541,5.800000190734863,5.989999771118164,4.722233295440674,1681700
2018-10-16,6.050000190734863,6.119999885559082,5.989999771118164,6.059999942779541,4.77741813659668,1922600
2018-10-17,6.090000152587891,6.190000057220459,5.96999979019165,6.150000095367432,4.84837007522583,1300100
2018-10-18,6.119999885559082,6.349999904632568,6.090000152587891,6.150000095367432,4.84837007522583,1819700
2018-10-19,6.179999828338623,6.25,5.920000076293945,6.050000190734863,4.769535064697266,1847800
2018-10-22,6.090000152587891,6.179999828338623,6.050000190734863,6.099999904632568,4.808952331542969,847500
2018-10-23,5.96999979019165,6.190000057220459,5.909999847412109,6.099999904632568,4.808952331542969,1357500
2018-10-24,6.039999961853027,6.119999885559082,5.710000038146973,5.71999979019165,4.509378433227539,1683400
2018-10-25,5.800000190734863,5.889999866485596,5.610000133514404,5.699999809265137,4.4936113357543945,2314800
2018-10-26,5.630000114440918,5.679999828338623,5.340000152587891,5.429999828338623,4.280755996704102,2850800
2018-10-29,5.53000020980835,5.599999904632568,5.329999923706055,5.409999847412109,4.264988422393799,1442200
2018-10-30,5.420000076293945,5.579999923706055,5.340000152587891,5.579999923706055,4.3990092277526855,1584600
2018-10-31,5.539999961853027,5.820000171661377,5.010000228881836,5.309999942779541,4.186153888702393,5352700
2018-11-01,5.320000171661377,5.449999809265137,5.199999809265137,5.409999847412109,4.264988422393799,2913600
2018-11-02,5.460000038146973,5.46999979019165,5.289999961853027,5.429999828338623,4.280755996704102,2284000
2018-11-05,5.429999828338623,5.5,5.21999979019165,5.329999923706055,4.201920509338379,2364100
2018-11-06,5.309999942779541,5.369999885559082,5.21999979019165,5.239999771118164,4.130969047546387,1694700
2018-11-07,5.300000190734863,5.519999980926514,5.25,5.420000076293945,4.272872447967529,2744600
2018-11-08,5.389999866485596,5.389999866485596,4.739999771118164,4.820000171661377,3.799860954284668,7079600
2018-11-09,4.820000171661377,4.840000152587891,4.320000171661377,4.409999847412109,3.4766361713409424,4566500
2018-11-12,4.440000057220459,4.5,3.990000009536743,4.03000020980835,3.1770620346069336,4115000
2018-11-13,4.050000190734863,4.269999980926514,4.03000020980835,4.090000152587891,3.224363327026367,2989500
2018-11-14,4.130000114440918,4.230000019073486,4.070000171661377,4.090000152587891,3.224363327026367,2597900
2018-11-15,4.079999923706055,4.329999923706055,4.059999942779541,4.239999771118164,3.342616081237793,7574000
2018-11-16,4.170000076293945,4.820000171661377,4.170000076293945,4.46999979019165,3.523937225341797,5061400
2018-11-19,4.440000057220459,4.440000057220459,4.110000133514404,4.130000114440918,3.2558975219726562,2443700
2018-11-20,4.039999961853027,4.179999828338623,3.940000057220459,3.9800000190734863,3.1376442909240723,2762000
2018-11-21,4.079999923706055,4.170000076293945,3.9800000190734863,4.119999885559082,3.248013734817505,1597500
2018-11-23,4.079999923706055,4.139999866485596,4.070000171661377,4.070000171661377,3.2085962295532227,998800
2018-11-26,4.090000152587891,4.090000152587891,3.950000047683716,4.0,3.153411626815796,1958600
2018-11-27,3.950000047683716,3.990000009536743,3.869999885559082,3.9700000286102295,3.129760980606079,1611700
2018-11-28,4.0,4.03000020980835,3.880000114440918,4.03000020980835,3.1770620346069336,1574700
2018-11-29,4.010000228881836,4.230000019073486,4.010000228881836,4.110000133514404,3.2401301860809326,2316500
2018-11-30,4.21999979019165,4.309999942779541,4.130000114440918,4.170000076293945,3.287431478500366,2972700
2018-12-03,4.269999980926514,4.300000190734863,4.039999961853027,4.090000152587891,3.224363327026367,4083400
2018-12-04,4.059999942779541,4.199999809265137,3.9000000953674316,3.9100000858306885,3.0824596881866455,3864300
2018-12-06,3.809999942779541,3.8299999237060547,3.5999999046325684,3.680000066757202,2.9011387825012207,4911200
2018-12-07,3.7100000381469727,3.880000114440918,3.609999895095825,3.740000009536743,2.948439836502075,3876300
2018-12-10,3.759999990463257,3.759999990463257,3.0299999713897705,3.109999895095825,2.451777219772339,9560600
2018-12-11,3.2300000190734863,3.549999952316284,3.140000104904175,3.430000066757202,2.7040505409240723,4807900
2018-12-12,3.5,3.880000114440918,3.4100000858306885,3.75,2.9563233852386475,5046200
2018-12-13,3.759999990463257,3.7799999713897705,3.5899999141693115,3.6700000762939453,2.8932552337646484,1699100
2018-12-14,3.5899999141693115,3.7300000190734863,3.5899999141693115,3.619999885559082,2.853837251663208,1266600
2018-12-17,3.630000114440918,3.799999952316284,3.609999895095825,3.690000057220459,2.909022092819214,2215700
2018-12-18,3.7200000286102295,3.759999990463257,3.430000066757202,3.559999942779541,2.8065361976623535,2806500
2018-12-19,3.5399999618530273,3.6700000762939453,3.4700000286102295,3.5199999809265137,2.7750020027160645,2124300
2018-12-20,3.5199999809265137,3.5199999809265137,3.2200000286102295,3.3499999046325684,2.640982151031494,2928100
2018-12-21,3.380000114440918,3.380000114440918,3.130000114440918,3.200000047683716,2.5227293968200684,2423500
2018-12-24,3.140000104904175,3.299999952316284,3.059999942779541,3.200000047683716,2.5227293968200684,2114800
2018-12-26,3.25,3.440000057220459,3.1700000762939453,3.359999895095825,2.6488654613494873,1959800
2018-12-27,3.299999952316284,3.5199999809265137,3.2699999809265137,3.4600000381469727,2.72770094871521,1929900
2018-12-28,3.4800000190734863,3.559999942779541,3.390000104904175,3.4700000286102295,2.7355847358703613,2660900
2018-12-31,3.5299999713897705,3.569999933242798,3.369999885559082,3.430000066757202,2.7040505409240723,2060400
2019-01-02,3.369999885559082,3.630000114440918,3.369999885559082,3.490000009536743,2.7513515949249268,1333900
2019-01-03,3.4700000286102295,3.4700000286102295,3.319999933242798,3.3499999046325684,2.640982151031494,1102600
2019-01-04,3.4000000953674316,3.509999990463257,3.380000114440918,3.450000047683716,2.7198173999786377,918600
2019-01-07,3.4700000286102295,3.490000009536743,3.3499999046325684,3.430000066757202,2.7040505409240723,2426300
2019-01-08,3.430000066757202,3.4600000381469727,3.3499999046325684,3.430000066757202,2.7040505409240723,1713900
2019-01-09,3.450000047683716,4.099999904632568,3.450000047683716,3.9600000381469727,3.121877431869507,6122300
2019-01-10,3.940000057220459,4.019999980926514,3.7699999809265137,3.9700000286102295,3.129760980606079,1678300
2019-01-11,4.170000076293945,4.21999979019165,3.890000104904175,3.9600000381469727,3.121877431869507,3479900
2019-01-14,3.930000066757202,3.930000066757202,3.759999990463257,3.799999952316284,2.9957408905029297,2027800
2019-01-15,3.809999942779541,3.869999885559082,3.759999990463257,3.7799999713897705,2.979973554611206,1646300
2019-01-16,3.809999942779541,3.930000066757202,3.740000009536743,3.7799999713897705,2.979973554611206,1290000
2019-01-17,3.7799999713897705,3.799999952316284,3.5199999809265137,3.640000104904175,2.8696045875549316,2593900
2019-01-18,3.690000057220459,3.75,3.5999999046325684,3.6700000762939453,2.8932552337646484,2399300
2019-01-22,3.6600000858306885,3.6600000858306885,3.5399999618530273,3.5799999237060547,2.822303056716919,1360500
2019-01-23,3.609999895095825,3.859999895095825,3.5299999713897705,3.619999885559082,2.853837251663208,1942900
2019-01-24,3.6600000858306885,3.890000104904175,3.630000114440918,3.869999885559082,3.0509254932403564,3044200
2019-01-25,3.799999952316284,4.0,3.690000057220459,3.9600000381469727,3.121877431869507,2398000
2019-01-28,3.859999895095825,4.010000228881836,3.859999895095825,3.940000057220459,3.1061103343963623,922200
2019-01-29,3.9200000762939453,4.0,3.7799999713897705,3.819999933242798,3.011507749557495,1136100
2019-01-30,3.890000104904175,4.050000190734863,3.8499999046325684,3.930000066757202,3.098227024078369,4106600
2019-01-31,3.930000066757202,4.039999961853027,3.8499999046325684,3.880000114440918,3.058809280395508,1409400
2019-02-01,3.880000114440918,3.930000066757202,3.740000009536743,3.75,2.9563233852386475,2043100
2019-02-04,3.7799999713897705,3.819999933242798,3.6500000953674316,3.700000047683716,2.916905641555786,2904700
2019-02-05,3.7300000190734863,3.9600000381469727,3.680000066757202,3.9000000953674316,3.0745761394500732,5100800
2019-02-06,3.930000066757202,4.050000190734863,3.9200000762939453,3.9700000286102295,3.129760980606079,2665600
2019-02-07,3.9200000762939453,3.9700000286102295,3.7799999713897705,3.799999952316284,2.9957408905029297,2056900
2019-02-08,3.7799999713897705,3.819999933242798,3.700000047683716,3.75,2.9563233852386475,1216000
2019-02-11,3.7799999713897705,3.8399999141693115,3.75,3.759999990463257,2.9642066955566406,1374400
2019-02-12,3.799999952316284,3.9100000858306885,3.7899999618530273,3.869999885559082,3.0509254932403564,1635000
2019-02-13,3.880000114440918,4.0,3.869999885559082,3.869999885559082,3.0509254932403564,1221000
2019-02-14,3.859999895095825,3.9800000190734863,3.8499999046325684,3.9100000858306885,3.0824596881866455,1337800
2019-02-15,3.940000057220459,4.03000020980835,3.9100000858306885,3.9100000858306885,3.0824596881866455,1494300
2019-02-19,3.6600000858306885,4.130000114440918,3.630000114440918,4.119999885559082,3.248013734817505,4898500
2019-02-20,4.070000171661377,4.099999904632568,3.7799999713897705,3.819999933242798,3.011507749557495,4443100
2019-02-21,3.799999952316284,3.890000104904175,3.7899999618530273,3.8499999046325684,3.035158395767212,1896500
2019-02-22,3.7899999618530273,3.9200000762939453,3.7899999618530273,3.8399999141693115,3.0272748470306396,1388900
2019-02-25,3.869999885559082,3.930000066757202,3.740000009536743,3.809999942779541,3.003624439239502,2749400
2019-02-26,3.7799999713897705,3.9000000953674316,3.7799999713897705,3.819999933242798,3.011507749557495,976800
2019-02-27,3.8299999237060547,3.859999895095825,3.759999990463257,3.799999952316284,2.9957408905029297,1210500
2019-02-28,3.7799999713897705,3.799999952316284,3.7200000286102295,3.740000009536743,2.948439836502075,918800
2019-03-01,3.7799999713897705,3.799999952316284,3.740000009536743,3.759999990463257,2.9642066955566406,628800
2019-03-04,3.7699999809265137,3.8299999237060547,3.7200000286102295,3.809999942779541,3.003624439239502,1530000
2019-03-05,3.809999942779541,3.880000114440918,3.75,3.7699999809265137,2.972090244293213,1202900
2019-03-06,3.75,3.7899999618530273,3.6500000953674316,3.680000066757202,2.9011387825012207,1262200
2019-03-07,3.6700000762939453,3.700000047683716,3.5199999809265137,3.5799999237060547,2.822303056716919,1194900
2019-03-08,3.5399999618530273,3.5899999141693115,3.5,3.569999933242798,2.8144195079803467,888300
2019-03-11,3.5899999141693115,3.740000009536743,3.5799999237060547,3.690000057220459,2.909022092819214,969000
2019-03-12,3.700000047683716,3.7200000286102295,3.630000114440918,3.690000057220459,2.909022092819214,770200
2019-03-13,3.700000047683716,3.759999990463257,3.6700000762939453,3.7100000381469727,2.9247891902923584,1279700
2019-03-14,3.700000047683716,3.740000009536743,3.640000104904175,3.6500000953674316,2.877487897872925,977400
2019-03-15,3.6500000953674316,3.680000066757202,3.5299999713897705,3.5799999237060547,2.822303056716919,1995900
2019-03-18,3.609999895095825,3.640000104904175,3.5199999809265137,3.5799999237060547,2.822303056716919,1283100
2019-03-19,3.5999999046325684,3.6600000858306885,3.5799999237060547,3.5999999046325684,2.8380703926086426,739700
2019-03-20,3.5799999237060547,3.5999999046325684,3.509999990463257,3.5399999618530273,2.790769100189209,1207000
2019-03-21,3.5399999618530273,3.5999999046325684,3.5,3.5399999618530273,2.790769100189209,1460100
2019-03-22,3.509999990463257,3.5199999809265137,3.430000066757202,3.430000066757202,2.7040505409240723,1333700
2019-03-25,3.4100000858306885,3.450000047683716,3.3499999046325684,3.430000066757202,2.7040505409240723,913000
2019-03-26,3.450000047683716,3.4700000286102295,3.4000000953674316,3.440000057220459,2.7119338512420654,649800
2019-03-27,3.440000057220459,3.4700000286102295,3.3299999237060547,3.3399999141693115,2.6330983638763428,1213000
2019-03-28,3.3399999141693115,3.359999895095825,3.200000047683716,3.240000009536743,2.5542633533477783,1705500
2019-03-29,3.259999990463257,3.2699999809265137,3.180000066757202,3.190000057220459,2.514845848083496,1957900
2019-04-01,3.200000047683716,3.259999990463257,3.1600000858306885,3.240000009536743,2.5542633533477783,1447300
2019-04-02,3.2300000190734863,3.2300000190734863,3.1500000953674316,3.2200000286102295,2.538496255874634,1551200
2019-04-03,3.2300000190734863,3.319999933242798,3.180000066757202,3.190000057220459,2.514845848083496,1924100
2019-04-04,3.200000047683716,3.3399999141693115,3.180000066757202,3.309999942779541,2.609447956085205,1093600
2019-04-05,3.319999933242798,3.5,3.319999933242798,3.440000057220459,2.7119338512420654,1519000
2019-04-08,3.4200000762939453,3.4800000190734863,3.3299999237060547,3.369999885559082,2.6567490100860596,895100
2019-04-09,3.359999895095825,3.4200000762939453,3.259999990463257,3.2799999713897705,2.5857973098754883,932400
2019-04-10,3.2699999809265137,3.359999895095825,3.2699999809265137,3.299999952316284,2.6015641689300537,689700
2019-04-11,3.299999952316284,3.3299999237060547,3.25,3.25,2.5621466636657715,556800
2019-04-12,3.2799999713897705,3.2899999618530273,3.25,3.259999990463257,2.5700302124023438,709800
2019-04-15,3.259999990463257,3.299999952316284,3.25,3.259999990463257,2.5700302124023438,604700
2019-04-16,3.3499999046325684,3.390000104904175,3.2699999809265137,3.3299999237060547,2.6252150535583496,1614100
2019-04-17,3.369999885559082,3.380000114440918,3.2100000381469727,3.2200000286102295,2.538496255874634,1389600
2019-04-18,3.2200000286102295,3.25,3.200000047683716,3.200000047683716,2.5227293968200684,766300
2019-04-22,3.2200000286102295,3.359999895095825,3.2100000381469727,3.2799999713897705,2.5857973098754883,671700
2019-04-23,3.240000009536743,3.3499999046325684,3.240000009536743,3.319999933242798,2.6173315048217773,872600
2019-04-24,3.3499999046325684,3.430000066757202,3.309999942779541,3.4200000762939453,2.696166753768921,980300
2019-04-25,3.430000066757202,3.430000066757202,3.2899999618530273,3.309999942779541,2.609447956085205,959100
2019-04-26,3.259999990463257,3.309999942779541,3.2100000381469727,3.2300000190734863,2.546379804611206,1185000
2019-04-29,3.240000009536743,3.309999942779541,3.2200000286102295,3.259999990463257,2.5700302124023438,1146000
2019-04-30,3.25,3.309999942779541,3.2100000381469727,3.240000009536743,2.5542633533477783,1101000
2019-05-01,3.25,3.2799999713897705,3.2100000381469727,3.2200000286102295,2.538496255874634,643000
2019-05-02,3.2300000190734863,3.369999885559082,3.2300000190734863,3.309999942779541,2.609447956085205,1147500
2019-05-03,3.319999933242798,3.4000000953674316,3.2699999809265137,3.359999895095825,2.6488654613494873,1198300
2019-05-06,3.259999990463257,3.3499999046325684,3.2300000190734863,3.3299999237060547,2.6252150535583496,1009200
2019-05-07,3.299999952316284,3.380000114440918,3.25,3.259999990463257,2.5700302124023438,1872400
2019-05-08,3.2699999809265137,3.4000000953674316,3.259999990463257,3.3499999046325684,2.640982151031494,1486700
2019-05-09,3.380000114440918,3.609999895095825,3.3399999141693115,3.509999990463257,2.767118453979492,2882600
2019-05-10,3.509999990463257,3.640000104904175,3.4100000858306885,3.5,2.75923490524292,1867000
2019-05-13,3.4000000953674316,3.4100000858306885,3.2200000286102295,3.25,2.5621466636657715,1695600
2019-05-14,3.2300000190734863,3.440000057220459,3.2300000190734863,3.390000104904175,2.672516345977783,1044700
2019-05-15,3.359999895095825,3.5,3.3399999141693115,3.4100000858306885,2.6882834434509277,649000
2019-05-16,3.390000104904175,3.450000047683716,3.3299999237060547,3.390000104904175,2.672516345977783,1412400
2019-05-17,3.3399999141693115,3.440000057220459,3.309999942779541,3.3299999237060547,2.6252150535583496,1226300
2019-05-20,3.2899999618530273,3.3499999046325684,3.0999999046325684,3.130000114440918,2.4675445556640625,2435400
2019-05-21,3.1500000953674316,3.2200000286102295,3.109999895095825,3.140000104904175,2.4754281044006348,1267900
2019-05-22,3.1500000953674316,3.200000047683716,3.009999990463257,3.109999895095825,2.451777219772339,1260400
2019-05-23,3.0899999141693115,3.0899999141693115,2.9800000190734863,3.0199999809265137,2.3808255195617676,1965600
2019-05-24,3.0399999618530273,3.0899999141693115,2.8299999237060547,2.890000104904175,2.2783398628234863,1880700
2019-05-28,2.9000000953674316,3.049999952316284,2.890000104904175,2.9600000381469727,2.333524465560913,1318900
2019-05-29,3.0,3.059999942779541,2.990000009536743,3.0299999713897705,2.38870906829834,1052200
2019-05-30,3.049999952316284,3.390000104904175,3.0299999713897705,3.359999895095825,2.6488654613494873,2806700
2019-05-31,3.3499999046325684,3.490000009536743,3.309999942779541,3.369999885559082,2.6567490100860596,3165200
2019-06-03,3.359999895095825,3.440000057220459,3.319999933242798,3.359999895095825,2.6488654613494873,1181800
2019-06-04,3.369999885559082,3.4800000190734863,3.3499999046325684,3.4600000381469727,2.72770094871521,1218500
2019-06-05,3.4600000381469727,3.5,3.3399999141693115,3.369999885559082,2.6567490100860596,1252100
2019-06-06,3.369999885559082,3.4200000762939453,3.319999933242798,3.3499999046325684,2.640982151031494,607300
2019-06-07,3.3499999046325684,3.380000114440918,3.3299999237060547,3.359999895095825,2.6488654613494873,410400
2019-06-10,3.390000104904175,3.450000047683716,3.359999895095825,3.430000066757202,2.7040505409240723,792600
2019-06-11,3.4800000190734863,3.5199999809265137,3.3499999046325684,3.390000104904175,2.672516345977783,817700
2019-06-12,3.369999885559082,3.4000000953674316,3.309999942779541,3.309999942779541,2.609447956085205,726900
2019-06-13,3.309999942779541,3.4200000762939453,3.309999942779541,3.380000114440918,2.664632558822632,953000
2019-06-14,3.3499999046325684,3.369999885559082,3.309999942779541,3.3499999046325684,2.640982151031494,647200
2019-06-17,3.3399999141693115,3.359999895095825,3.25,3.259999990463257,2.5700302124023438,582200
2019-06-18,3.2699999809265137,3.440000057220459,3.240000009536743,3.369999885559082,2.6567490100860596,1229400
2019-06-19,3.4100000858306885,3.430000066757202,3.299999952316284,3.369999885559082,2.6567490100860596,628800
2019-06-20,3.4100000858306885,3.440000057220459,3.319999933242798,3.369999885559082,2.6567490100860596,886600
2019-06-21,3.3299999237060547,3.369999885559082,3.2699999809265137,3.3299999237060547,2.6252150535583496,491900
2019-06-24,3.319999933242798,3.390000104904175,3.309999942779541,3.309999942779541,2.609447956085205,593100
2019-06-25,3.299999952316284,3.359999895095825,3.25,3.3299999237060547,2.6252150535583496,766800
2019-06-26,3.359999895095825,3.569999933242798,3.3299999237060547,3.4700000286102295,2.7355847358703613,2400500
2019-06-27,3.4700000286102295,3.5299999713897705,3.440000057220459,3.440000057220459,2.7119338512420654,596400
2019-06-28,3.440000057220459,3.5,3.440000057220459,3.4800000190734863,2.7434680461883545,503200
2019-07-01,3.5399999618530273,3.5999999046325684,3.4700000286102295,3.4700000286102295,2.7355847358703613,778800
2019-07-02,3.4700000286102295,3.509999990463257,3.4600000381469727,3.5,2.75923490524292,641600
2019-07-03,3.490000009536743,3.690000057220459,3.490000009536743,3.559999942779541,2.8065361976623535,2475200
2019-07-05,3.5,3.559999942779541,3.490000009536743,3.5199999809265137,2.7750020027160645,520900
2019-07-08,3.5,3.5299999713897705,3.369999885559082,3.4000000953674316,2.6803998947143555,751000
2019-07-09,3.4000000953674316,3.5399999618530273,3.390000104904175,3.4800000190734863,2.7434680461883545,1310000
2019-07-10,3.4800000190734863,3.5399999618530273,3.369999885559082,3.4000000953674316,2.6803998947143555,1031000
2019-07-11,3.430000066757202,3.4600000381469727,3.319999933242798,3.3499999046325684,2.640982151031494,1183300
2019-07-12,3.299999952316284,3.3299999237060547,3.059999942779541,3.119999885559082,2.4596610069274902,2830100
2019-07-15,3.119999885559082,3.180000066757202,3.0899999141693115,3.0999999046325684,2.4438936710357666,1239000
2019-07-16,3.0999999046325684,3.130000114440918,2.9800000190734863,3.0199999809265137,2.3808255195617676,1126400
2019-07-17,3.0199999809265137,3.049999952316284,2.990000009536743,2.990000009536743,2.357175350189209,748800
2019-07-18,3.0,3.0399999618530273,2.9100000858306885,2.9800000190734863,2.3492915630340576,1194700
2019-07-19,2.990000009536743,3.0299999713897705,2.9700000286102295,2.990000009536743,2.357175350189209,638600
2019-07-22,3.0,3.299999952316284,3.0,3.140000104904175,2.4754281044006348,2224500
2019-07-23,3.140000104904175,3.25,3.140000104904175,3.240000009536743,2.5542633533477783,1349300
2019-07-24,3.119999885559082,3.380000114440918,3.119999885559082,3.3499999046325684,2.640982151031494,1625000
2019-07-25,3.3299999237060547,3.3399999141693115,3.190000057220459,3.190000057220459,2.514845848083496,1009100
2019-07-26,3.2100000381469727,3.25,3.130000114440918,3.2100000381469727,2.5306127071380615,804600
2019-07-29,3.2200000286102295,3.240000009536743,3.1600000858306885,3.1700000762939453,2.4990785121917725,524000
2019-07-30,3.140000104904175,3.2100000381469727,3.0899999141693115,3.190000057220459,2.514845848083496,600300
2019-07-31,3.1500000953674316,3.2300000190734863,3.119999885559082,3.130000114440918,2.4675445556640625,344300
2019-08-01,3.119999885559082,3.2100000381469727,3.0199999809265137,3.049999952316284,2.4044761657714844,972500
2019-08-02,3.049999952316284,3.069999933242798,2.950000047683716,2.9800000190734863,2.3492915630340576,1294300
2019-08-05,2.9200000762939453,2.9800000190734863,2.9200000762939453,2.930000066757202,2.3098740577697754,1478500
2019-08-06,2.950000047683716,2.990000009536743,2.9000000953674316,2.9600000381469727,2.333524465560913,1139500
2019-08-07,2.9200000762939453,3.0299999713897705,2.9200000762939453,2.9800000190734863,2.3492915630340576,782600
2019-08-08,2.9000000953674316,3.0199999809265137,2.619999885559082,2.7100000381469727,2.1364362239837646,4327900
2019-08-09,2.609999895095825,2.619999885559082,2.319999933242798,2.3399999141693115,1.8447455167770386,2468400
2019-08-12,2.319999933242798,2.4000000953674316,2.240000009536743,2.25,1.7737939357757568,2026400
2019-08-13,2.2300000190734863,2.319999933242798,2.2200000286102295,2.240000009536743,1.7659105062484741,1350700
2019-08-14,2.2200000286102295,2.25,2.069999933242798,2.0899999141693115,1.6476573944091797,2035900
2019-08-15,2.119999885559082,2.180000066757202,2.0999999046325684,2.1600000858306885,1.7028422355651855,1221300
2019-08-16,2.1600000858306885,2.190000057220459,2.109999895095825,2.140000104904175,1.6870752573013306,893600
2019-08-19,2.200000047683716,2.240000009536743,2.109999895095825,2.109999895095825,1.6634244918823242,1000700
2019-08-20,2.109999895095825,2.1500000953674316,2.0799999237060547,2.0999999046325684,1.6555410623550415,766400
2019-08-21,2.0799999237060547,2.1600000858306885,2.0299999713897705,2.0799999237060547,1.639773964881897,1009800
2019-08-22,2.0899999141693115,2.119999885559082,2.009999990463257,2.049999952316284,1.6161233186721802,845700
2019-08-23,2.0299999713897705,2.059999942779541,1.9800000190734863,1.9800000190734863,1.5609387159347534,1315000
2019-08-26,1.9800000190734863,2.009999990463257,1.9299999475479126,1.9299999475479126,1.521520972251892,1559100
2019-08-27,1.9199999570846558,1.9800000190734863,1.7799999713897705,1.7999999523162842,1.4190351963043213,1779900
2019-08-28,1.7999999523162842,1.8700000047683716,1.7000000476837158,1.840000033378601,1.4505693912506104,1955900
2019-08-29,1.8600000143051147,1.899999976158142,1.8200000524520874,1.840000033378601,1.4505693912506104,1153700
2019-08-30,1.850000023841858,1.8700000047683716,1.8300000429153442,1.840000033378601,1.4505693912506104,674700
2019-09-03,1.850000023841858,1.899999976158142,1.840000033378601,1.8899999856948853,1.489986777305603,1231900
2019-09-04,1.8899999856948853,2.200000047683716,1.8799999952316284,2.180000066757202,1.71860933303833,2120500
2019-09-05,2.200000047683716,2.3399999141693115,2.049999952316284,2.069999933242798,1.6318904161453247,2785100
2019-09-06,2.049999952316284,2.180000066757202,2.049999952316284,2.1700000762939453,1.7107257843017578,957000
2019-09-09,2.1700000762939453,2.319999933242798,2.1700000762939453,2.2100000381469727,1.7422598600387573,1212500
2019-09-10,2.2100000381469727,2.75,2.2100000381469727,2.6600000858306885,2.0970189571380615,3391400
2019-09-11,2.700000047683716,2.7699999809265137,2.369999885559082,2.4800000190734863,1.9551150798797607,3118700
2019-09-12,2.4600000381469727,2.5399999618530273,2.390000104904175,2.509999990463257,1.978765606880188,782200
2019-09-13,2.5199999809265137,2.5299999713897705,2.390000104904175,2.390000104904175,1.884163498878479,657400
2019-09-16,2.380000114440918,2.450000047683716,2.299999952316284,2.4100000858306885,1.899930477142334,950900
2019-09-17,2.369999885559082,2.4000000953674316,2.3399999141693115,2.359999895095825,1.8605124950408936,614600
2019-09-18,2.3499999046325684,2.4100000858306885,2.2200000286102295,2.2899999618530273,1.8053280115127563,1030300
2019-09-19,2.2899999618530273,2.380000114440918,2.25,2.259999990463257,1.7816773653030396,519600
2019-09-20,2.2699999809265137,2.299999952316284,2.180000066757202,2.200000047683716,1.7343764305114746,764900
2019-09-23,2.1500000953674316,2.369999885559082,2.140000104904175,2.299999952316284,1.8132115602493286,981600
2019-09-24,2.299999952316284,2.3399999141693115,2.1500000953674316,2.1700000762939453,1.7107257843017578,725100
2019-09-25,2.140000104904175,2.240000009536743,2.140000104904175,2.2100000381469727,1.7422598600387573,348900
2019-09-26,2.2200000286102295,2.25,2.190000057220459,2.190000057220459,1.7264927625656128,310400
2019-09-27,2.200000047683716,2.299999952316284,2.200000047683716,2.25,1.7737939357757568,627400
2019-09-30,2.259999990463257,2.309999942779541,2.200000047683716,2.2699999809265137,1.7895610332489014,540600
2019-10-01,2.2699999809265137,2.319999933242798,2.1700000762939453,2.180000066757202,1.71860933303833,724100
2019-10-02,2.1700000762939453,2.190000057220459,2.0899999141693115,2.1500000953674316,1.6949586868286133,802100
2019-10-03,2.1500000953674316,2.2300000190734863,2.140000104904175,2.180000066757202,1.71860933303833,588100
2019-10-04,2.200000047683716,2.25,2.180000066757202,2.2100000381469727,1.7422598600387573,381100
2019-10-07,2.2100000381469727,2.2799999713897705,2.200000047683716,2.259999990463257,1.7816773653030396,639000
2019-10-08,2.259999990463257,2.2699999809265137,2.180000066757202,2.180000066757202,1.71860933303833,507900
2019-10-09,2.190000057220459,2.240000009536743,2.1600000858306885,2.190000057220459,1.7264927625656128,886700
2019-10-10,2.180000066757202,2.299999952316284,2.180000066757202,2.2899999618530273,1.8053280115127563,639800
2019-10-11,2.299999952316284,2.4000000953674316,2.2899999618530273,2.369999885559082,1.8683961629867554,1067200
2019-10-14,2.4000000953674316,2.4000000953674316,2.2699999809265137,2.3299999237060547,1.8368620872497559,587300
2019-10-15,2.319999933242798,2.390000104904175,2.319999933242798,2.369999885559082,1.8683961629867554,352400
2019-10-16,2.369999885559082,2.4100000858306885,2.299999952316284,2.390000104904175,1.884163498878479,689600
2019-10-17,2.4000000953674316,2.440000057220459,2.390000104904175,2.4000000953674316,1.8920469284057617,432700
2019-10-18,2.4000000953674316,2.4200000762939453,2.319999933242798,2.359999895095825,1.8605124950408936,413000
2019-10-21,2.369999885559082,2.4100000858306885,2.3399999141693115,2.369999885559082,1.8683961629867554,484100
2019-10-22,2.3499999046325684,2.430000066757202,2.3499999046325684,2.390000104904175,1.884163498878479,542900
2019-10-23,2.380000114440918,2.4100000858306885,2.319999933242798,2.3399999141693115,1.8447455167770386,355100
2019-10-24,2.3299999237060547,2.369999885559082,2.2699999809265137,2.3399999141693115,1.8447455167770386,529600
2019-10-25,2.3399999141693115,2.4000000953674316,2.309999942779541,2.390000104904175,1.884163498878479,407600
2019-10-28,2.4000000953674316,2.4200000762939453,2.380000114440918,2.4100000858306885,1.899930477142334,363300
2019-10-29,2.4000000953674316,2.4000000953674316,2.3299999237060547,2.3499999046325684,1.8526291847229004,370300
2019-10-30,2.3499999046325684,2.450000047683716,2.299999952316284,2.390000104904175,1.884163498878479,986200
2019-10-31,2.380000114440918,2.4200000762939453,2.3299999237060547,2.359999895095825,1.8605124950408936,342100
2019-11-01,2.380000114440918,2.569999933242798,2.3499999046325684,2.5199999809265137,1.9866491556167603,1910200
2019-11-04,2.549999952316284,2.75,2.5199999809265137,2.75,2.1679704189300537,1477200
2019-11-05,2.7200000286102295,2.880000114440918,2.6700000762939453,2.7899999618530273,2.1995046138763428,1528600
2019-11-06,2.7699999809265137,2.799999952316284,2.5899999141693115,2.640000104904175,2.081251621246338,1151900
2019-11-07,2.5399999618530273,2.7200000286102295,2.490000009536743,2.5399999618530273,2.0024163722991943,1850200
2019-11-08,2.5399999618530273,2.5999999046325684,2.5,2.5,1.9708821773529053,1414300
2019-11-11,2.5199999809265137,2.609999895095825,2.5,2.5899999141693115,2.0418338775634766,646700
2019-11-12,2.559999942779541,2.740000009536743,2.5399999618530273,2.7300000190734863,2.152203321456909,1187000
2019-11-13,2.7799999713897705,2.9100000858306885,2.740000009536743,2.819999933242798,2.2231550216674805,1973500
2019-11-14,2.819999933242798,2.9000000953674316,2.759999990463257,2.7799999713897705,2.1916208267211914,881700
2019-11-15,2.809999942779541,2.819999933242798,2.5299999713897705,2.549999952316284,2.0102996826171875,1546200
2019-11-18,2.559999942779541,2.5899999141693115,2.3299999237060547,2.3299999237060547,1.8368620872497559,1296800
2019-11-19,2.319999933242798,2.319999933242798,2.1700000762939453,2.180000066757202,1.71860933303833,2437000
2019-11-20,2.1700000762939453,2.3299999237060547,2.140000104904175,2.190000057220459,1.7264927625656128,1160500
2019-11-21,2.200000047683716,2.299999952316284,2.190000057220459,2.2799999713897705,1.797444462776184,1253700
2019-11-22,2.2899999618530273,2.299999952316284,2.1600000858306885,2.1700000762939453,1.7107257843017578,1587000
2019-11-25,2.1500000953674316,2.25,2.1500000953674316,2.200000047683716,1.7343764305114746,940100
2019-11-26,2.180000066757202,2.25,2.180000066757202,2.2200000286102295,1.7501434087753296,769200
2019-11-27,2.2100000381469727,2.3299999237060547,2.2100000381469727,2.2799999713897705,1.797444462776184,864400
2019-11-29,2.25,2.380000114440918,2.25,2.299999952316284,1.8132115602493286,464000
2019-12-02,2.309999942779541,2.3499999046325684,2.2200000286102295,2.2300000190734863,1.7580268383026123,791500
2019-12-03,2.200000047683716,2.25,2.200000047683716,2.2200000286102295,1.7501434087753296,467200
2019-12-04,2.2200000286102295,2.240000009536743,2.180000066757202,2.2200000286102295,1.7501434087753296,590900
2019-12-05,2.2100000381469727,2.2699999809265137,2.2100000381469727,2.259999990463257,1.7816773653030396,388100
2019-12-06,2.259999990463257,2.3499999046325684,2.2300000190734863,2.240000009536743,1.7659105062484741,705400
2019-12-09,2.2200000286102295,2.3399999141693115,2.2200000286102295,2.2899999618530273,1.8053280115127563,841800
2019-12-10,2.2799999713897705,2.299999952316284,2.2300000190734863,2.259999990463257,1.7816773653030396,1137200
2019-12-11,2.25,2.380000114440918,2.25,2.380000114440918,1.8762799501419067,905500
2019-12-12,2.380000114440918,2.5399999618530273,2.3299999237060547,2.490000009536743,1.962998628616333,1032500
2019-12-13,2.450000047683716,2.5399999618530273,2.4200000762939453,2.430000066757202,1.9156975746154785,630600
2019-12-16,2.4100000858306885,2.450000047683716,2.319999933242798,2.3399999141693115,1.8447455167770386,671000
2019-12-17,2.3399999141693115,2.4100000858306885,2.319999933242798,2.390000104904175,1.884163498878479,728000
2019-12-18,2.4000000953674316,2.569999933242798,2.4000000953674316,2.5399999618530273,2.0024163722991943,1152100
2019-12-19,2.5399999618530273,2.5999999046325684,2.490000009536743,2.549999952316284,2.0102996826171875,731700
2019-12-20,2.549999952316284,2.5799999237060547,2.5,2.5799999237060547,2.0339503288269043,1065500
2019-12-23,2.5799999237060547,2.6700000762939453,2.569999933242798,2.6700000762939453,2.1049022674560547,1013100
2019-12-24,2.6700000762939453,2.690000057220459,2.569999933242798,2.6500000953674316,2.08913516998291,502700
2019-12-26,2.6700000762939453,2.700000047683716,2.5199999809265137,2.5299999713897705,1.994532585144043,782200
2019-12-27,2.5299999713897705,2.5399999618530273,2.490000009536743,2.5,1.9708821773529053,564500
2019-12-30,2.4800000190734863,2.5299999713897705,2.450000047683716,2.5,1.9708821773529053,756200
2019-12-31,2.4800000190734863,2.690000057220459,2.4700000286102295,2.6600000858306885,2.0970189571380615,1441500
2020-01-02,2.690000057220459,2.799999952316284,2.680000066757202,2.799999952316284,2.207387924194336,1182000
2020-01-03,2.7300000190734863,3.0799999237060547,2.630000114440918,3.059999942779541,2.4123597145080566,2156300
2020-01-06,3.059999942779541,3.2799999713897705,3.0,3.25,2.5621466636657715,2214000
2020-01-07,3.309999942779541,3.8499999046325684,3.299999952316284,3.619999885559082,2.853837251663208,7467700
2020-01-08,3.5999999046325684,3.740000009536743,3.5,3.690000057220459,2.909022092819214,2018200
2020-01-09,3.680000066757202,4.119999885559082,3.680000066757202,4.090000152587891,3.224363327026367,4466800
2020-01-10,4.110000133514404,4.150000095367432,3.680000066757202,3.8399999141693115,3.0272748470306396,3114300
2020-01-13,3.8399999141693115,4.070000171661377,3.8399999141693115,3.950000047683716,3.1139938831329346,1701000
2020-01-14,3.950000047683716,4.03000020980835,3.859999895095825,3.9100000858306885,3.0824596881866455,1388600
2020-01-15,3.950000047683716,3.9700000286102295,3.75,3.7899999618530273,2.9878573417663574,1722200
2020-01-16,3.75,3.9200000762939453,3.7100000381469727,3.869999885559082,3.0509254932403564,1443400
2020-01-17,3.8499999046325684,3.9000000953674316,3.7300000190734863,3.75,2.9563233852386475,1212500
2020-01-21,3.7100000381469727,3.75,3.5799999237060547,3.7300000190734863,2.940556287765503,1370400
2020-01-22,3.75,3.9600000381469727,3.7200000286102295,3.799999952316284,2.9957408905029297,1559000
2020-01-23,3.799999952316284,4.0,3.7699999809265137,3.950000047683716,3.1139938831329346,1171100
2020-01-24,3.9800000190734863,4.050000190734863,3.8299999237060547,3.8499999046325684,3.035158395767212,1198200
2020-01-27,3.7200000286102295,3.75,3.5799999237060547,3.690000057220459,2.909022092819214,1674500
2020-01-28,3.7200000286102295,3.7799999713897705,3.6500000953674316,3.740000009536743,2.948439836502075,913900
2020-01-29,3.75,3.7899999618530273,3.690000057220459,3.740000009536743,2.948439836502075,670400
2020-01-30,3.640000104904175,4.039999961853027,3.630000114440918,3.930000066757202,3.098227024078369,2526700
2020-01-31,4.050000190734863,4.099999904632568,3.859999895095825,4.0,3.153411626815796,2218700
2020-02-03,4.070000171661377,4.25,4.03000020980835,4.190000057220459,3.3031983375549316,3206200
2020-02-04,4.260000228881836,4.349999904632568,4.170000076293945,4.320000171661377,3.405684471130371,1859000
2020-02-05,4.420000076293945,4.820000171661377,4.400000095367432,4.630000114440918,3.650073766708374,3589800
2020-02-06,4.699999809265137,4.809999942779541,4.460000038146973,4.659999847412109,3.6737241744995117,2560700
2020-02-07,4.599999904632568,4.599999904632568,4.190000057220459,4.269999980926514,3.3662667274475098,2424500
2020-02-10,4.170000076293945,4.449999809265137,4.159999847412109,4.409999847412109,3.4766361713409424,1272700
2020-02-11,4.440000057220459,4.800000190734863,4.409999847412109,4.679999828338623,3.689491033554077,2447900
2020-02-12,4.699999809265137,4.789999961853027,4.539999961853027,4.690000057220459,3.6973750591278076,1609400
2020-02-13,4.909999847412109,5.050000190734863,4.75,4.880000114440918,3.8471620082855225,3940200
2020-02-14,4.989999771118164,5.0,4.800000190734863,4.840000152587891,3.8156280517578125,2746800
2020-02-18,4.800000190734863,5.0,4.769999980926514,4.829999923706055,3.807744026184082,1796200
2020-02-19,4.900000095367432,5.099999904632568,4.860000133514404,5.059999942779541,3.989065170288086,2541000
2020-02-20,5.03000020980835,5.090000152587891,4.909999847412109,4.989999771118164,3.93388032913208,2183800
2020-02-21,4.960000038146973,5.059999942779541,4.800000190734863,4.989999771118164,3.93388032913208,1958000
2020-02-24,4.679999828338623,4.940000057220459,4.610000133514404,4.800000190734863,3.7840938568115234,2030900
2020-02-25,4.829999923706055,4.889999866485596,4.5,4.550000190734863,3.587005615234375,2222300
2020-02-26,4.5,4.650000095367432,4.400000095367432,4.489999771118164,3.5397043228149414,1664000
2020-02-27,4.369999885559082,4.400000095367432,4.0,4.190000057220459,3.3031983375549316,2666000
2020-02-28,4.0,4.269999980926514,3.869999885559082,4.260000228881836,3.3583831787109375,1702200
2020-03-02,4.210000038146973,4.360000133514404,4.059999942779541,4.289999961853027,3.3820338249206543,1882300
2020-03-03,4.300000190734863,4.329999923706055,4.03000020980835,4.119999885559082,3.248013734817505,1353500
2020-03-04,4.190000057220459,4.25,4.010000228881836,4.199999809265137,3.311082124710083,1006100
2020-03-05,4.099999904632568,4.210000038146973,4.050000190734863,4.099999904632568,3.2322466373443604,808000
2020-03-06,3.9100000858306885,4.019999980926514,3.7799999713897705,3.9000000953674316,3.0745761394500732,1704500
2020-03-09,3.5999999046325684,3.700000047683716,3.5,3.640000104904175,2.8696045875549316,1502400
2020-03-10,3.799999952316284,3.8499999046325684,3.640000104904175,3.7300000190734863,2.940556287765503,813400
2020-03-11,3.569999933242798,3.6700000762939453,3.3399999141693115,3.4200000762939453,2.696166753768921,1575000
2020-03-12,3.109999895095825,3.180000066757202,2.9600000381469727,2.990000009536743,2.357175350189209,2116600
2020-03-13,3.0899999141693115,3.2899999618530273,2.9000000953674316,3.049999952316284,2.4044761657714844,1743500
2020-03-16,2.690000057220459,2.7899999618530273,2.4200000762939453,2.630000114440918,2.0733680725097656,1955300
2020-03-17,2.680000066757202,2.690000057220459,2.4100000858306885,2.450000047683716,1.9314645528793335,2051000
2020-03-18,2.2100000381469727,2.380000114440918,1.8899999856948853,1.9600000381469727,1.5451716184616089,2812900
2020-03-19,1.7300000190734863,2.1600000858306885,1.7300000190734863,1.9600000381469727,1.5451716184616089,2956900
2020-03-20,2.0999999046325684,2.5199999809265137,2.069999933242798,2.5199999809265137,1.9866491556167603,3268500
2020-03-23,2.5,2.5,2.259999990463257,2.359999895095825,1.8605124950408936,1436600
2020-03-24,2.559999942779541,2.7799999713897705,2.5299999713897705,2.5299999713897705,1.994532585144043,1962300
2020-03-25,2.6600000858306885,2.819999933242798,2.569999933242798,2.75,2.1679704189300537,1958300
2020-03-26,2.7899999618530273,2.9200000762939453,2.7300000190734863,2.8499999046325684,2.2468056678771973,1501200
2020-03-27,2.7100000381469727,2.759999990463257,2.5799999237060547,2.5899999141693115,2.0418338775634766,1740900
2020-03-30,2.6500000953674316,2.7200000286102295,2.549999952316284,2.6600000858306885,2.0970189571380615,1062300
2020-03-31,2.690000057220459,2.8499999046325684,2.690000057220459,2.740000009536743,2.1600871086120605,1210400
2020-04-01,2.690000057220459,2.8299999237060547,2.630000114440918,2.75,2.1679704189300537,901400
2020-04-02,2.75,2.8399999141693115,2.680000066757202,2.8299999237060547,2.2310385704040527,1058200
2020-04-03,2.880000114440918,2.9800000190734863,2.7100000381469727,2.7899999618530273,2.1995046138763428,1444500
2020-04-06,2.940000057220459,3.0399999618530273,2.890000104904175,2.9700000286102295,2.3414080142974854,1169800
2020-04-07,3.0399999618530273,3.130000114440918,2.9000000953674316,2.9600000381469727,2.333524465560913,1317800
2020-04-08,2.9800000190734863,3.049999952316284,2.940000057220459,3.0399999618530273,2.396592617034912,775300
2020-04-09,3.059999942779541,3.2100000381469727,3.059999942779541,3.109999895095825,2.451777219772339,1246200
2020-04-13,3.0999999046325684,3.25,3.069999933242798,3.190000057220459,2.514845848083496,923500
2020-04-14,3.2200000286102295,3.309999942779541,3.1600000858306885,3.2799999713897705,2.5857973098754883,1034800
2020-04-15,3.200000047683716,3.2899999618530273,3.1600000858306885,3.2200000286102295,2.538496255874634,684500
2020-04-16,3.25,3.3399999141693115,3.180000066757202,3.309999942779541,2.609447956085205,826300
2020-04-17,3.3499999046325684,3.4000000953674316,3.259999990463257,3.369999885559082,2.6567490100860596,816900
2020-04-20,3.2300000190734863,3.4700000286102295,3.200000047683716,3.359999895095825,2.6488654613494873,1049200
2020-04-21,3.309999942779541,3.3399999141693115,3.1700000762939453,3.180000066757202,2.5069620609283447,1122700
2020-04-22,3.2300000190734863,3.2899999618530273,3.200000047683716,3.2200000286102295,2.538496255874634,587000
2020-04-23,3.2300000190734863,3.359999895095825,3.2100000381469727,3.2699999809265137,2.577913999557495,707800
2020-04-24,3.319999933242798,3.359999895095825,3.2200000286102295,3.299999952316284,2.6015641689300537,614900
2020-04-27,3.3399999141693115,3.4700000286102295,3.309999942779541,3.3399999141693115,2.6330983638763428,1036300
2020-04-28,3.4000000953674316,3.5299999713897705,3.359999895095825,3.450000047683716,2.7198173999786377,1102300
2020-04-29,3.5,4.039999961853027,3.4600000381469727,3.9200000762939453,3.0903432369232178,2823700
2020-04-30,3.9800000190734863,3.9800000190734863,3.569999933242798,3.5899999141693115,2.8301868438720703,1913700
2020-05-01,3.5299999713897705,3.5899999141693115,3.380000114440918,3.4000000953674316,2.6803998947143555,1084300
2020-05-04,3.3499999046325684,3.4700000286102295,3.069999933242798,3.1500000953674316,2.483311653137207,2414200
2020-05-05,3.2100000381469727,3.450000047683716,3.130000114440918,3.1600000858306885,2.4911952018737793,1698900
2020-05-06,3.200000047683716,3.3499999046325684,3.049999952316284,3.0799999237060547,2.428126811981201,2667300
2020-05-07,3.0799999237060547,3.25,2.809999942779541,3.0299999713897705,2.38870906829834,2713500
2020-05-08,3.240000009536743,3.2699999809265137,3.049999952316284,3.25,2.5621466636657715,1597500
2020-05-11,3.2200000286102295,3.3499999046325684,3.200000047683716,3.309999942779541,2.609447956085205,1206000
2020-05-12,3.3299999237060547,3.380000114440918,3.200000047683716,3.2300000190734863,2.546379804611206,826300
2020-05-13,3.2300000190734863,3.2300000190734863,3.0199999809265137,3.0999999046325684,2.4438936710357666,1453600
2020-05-14,3.0399999618530273,3.119999885559082,2.9000000953674316,3.049999952316284,2.4044761657714844,1203700
2020-05-15,3.0,3.0899999141693115,2.990000009536743,3.0899999141693115,2.4360101222991943,844200
2020-05-18,3.109999895095825,3.2899999618530273,3.109999895095825,3.259999990463257,2.5700302124023438,944400
2020-05-19,3.259999990463257,3.319999933242798,3.190000057220459,3.200000047683716,2.5227293968200684,677400
2020-05-20,3.2200000286102295,3.319999933242798,3.140000104904175,3.1600000858306885,2.4911952018737793,1056400
2020-05-21,3.109999895095825,3.309999942779541,3.0899999141693115,3.119999885559082,2.4596610069274902,979500
2020-05-22,3.119999885559082,3.140000104904175,3.0199999809265137,3.049999952316284,2.4044761657714844,898300
2020-05-26,3.2100000381469727,3.2200000286102295,3.0199999809265137,3.0299999713897705,2.38870906829834,649800
2020-05-27,3.069999933242798,3.119999885559082,2.9100000858306885,3.119999885559082,2.4596610069274902,1074700
2020-05-28,3.119999885559082,3.119999885559082,2.9700000286102295,2.9800000190734863,2.3492915630340576,1178600
2020-05-29,3.0,3.0299999713897705,2.9100000858306885,2.9700000286102295,2.3414080142974854,834400
2020-06-01,2.9600000381469727,3.059999942779541,2.930000066757202,3.0399999618530273,2.396592617034912,729000
2020-06-02,2.930000066757202,3.069999933242798,2.930000066757202,3.0199999809265137,2.3808255195617676,726600
2020-06-03,3.0399999618530273,3.430000066757202,3.009999990463257,3.4100000858306885,2.6882834434509277,2157800
2020-06-04,3.4000000953674316,3.4000000953674316,3.259999990463257,3.2899999618530273,2.5936808586120605,1387300
2020-06-05,3.309999942779541,3.450000047683716,3.2899999618530273,3.319999933242798,2.6173315048217773,1499800
2020-06-08,3.390000104904175,3.609999895095825,3.25,3.609999895095825,2.8459537029266357,1993800
2020-06-09,3.559999942779541,3.559999942779541,3.299999952316284,3.299999952316284,2.6015641689300537,1614600
2020-06-10,3.299999952316284,3.380000114440918,3.240000009536743,3.319999933242798,2.6173315048217773,1137200
2020-06-11,3.200000047683716,3.2699999809265137,3.0399999618530273,3.059999942779541,2.4123597145080566,1135400
2020-06-12,3.1500000953674316,3.2899999618530273,3.140000104904175,3.2200000286102295,2.538496255874634,957600
2020-06-15,3.1500000953674316,3.25,3.0799999237060547,3.2100000381469727,2.5306127071380615,675300
2020-06-16,3.309999942779541,3.359999895095825,3.259999990463257,3.299999952316284,2.6015641689300537,773300
2020-06-17,3.299999952316284,3.319999933242798,3.25,3.2699999809265137,2.577913999557495,476500
2020-06-18,3.2799999713897705,3.4100000858306885,3.2200000286102295,3.4100000858306885,2.6882834434509277,778800
2020-06-19,3.4600000381469727,3.569999933242798,3.380000114440918,3.450000047683716,2.7198173999786377,1442000
2020-06-22,3.4100000858306885,3.4600000381469727,3.369999885559082,3.390000104904175,2.672516345977783,590300
2020-06-23,3.430000066757202,3.450000047683716,3.3499999046325684,3.4100000858306885,2.6882834434509277,392800
2020-06-24,3.380000114440918,3.4100000858306885,3.2100000381469727,3.3499999046325684,2.640982151031494,588400
2020-06-25,3.3399999141693115,3.3399999141693115,3.2300000190734863,3.299999952316284,2.6015641689300537,409100
2020-06-26,3.2699999809265137,3.369999885559082,3.259999990463257,3.3399999141693115,2.6330983638763428,373800
2020-06-29,3.319999933242798,3.3499999046325684,3.240000009536743,3.259999990463257,2.5700302124023438,766600
2020-06-30,3.509999990463257,4.25,3.359999895095825,4.139999866485596,3.2637808322906494,9352500
2020-07-01,4.400000095367432,4.440000057220459,3.799999952316284,4.019999980926514,3.1691784858703613,4427300
2020-07-02,4.170000076293945,4.25,3.9700000286102295,4.159999847412109,3.279547929763794,1630700
2020-07-06,4.360000133514404,4.400000095367432,3.9700000286102295,4.050000190734863,3.192829132080078,2826100
2020-07-07,4.0,4.070000171661377,3.819999933242798,3.819999933242798,3.011507749557495,1497500
2020-07-08,3.880000114440918,3.9200000762939453,3.740000009536743,3.799999952316284,2.9957408905029297,1799200
2020-07-09,3.8499999046325684,3.9800000190734863,3.700000047683716,3.950000047683716,3.1139938831329346,1560300
2020-07-10,3.950000047683716,3.9800000190734863,3.809999942779541,3.880000114440918,3.058809280395508,1405600
2020-07-13,4.010000228881836,4.159999847412109,3.7300000190734863,3.759999990463257,2.9642066955566406,1885100
2020-07-14,3.75,3.8299999237060547,3.5799999237060547,3.7699999809265137,2.972090244293213,1047700
2020-07-15,3.7799999713897705,3.9800000190734863,3.759999990463257,3.9200000762939453,3.0903432369232178,1636000
2020-07-16,3.8499999046325684,3.880000114440918,3.759999990463257,3.809999942779541,3.003624439239502,807200
2020-07-17,3.890000104904175,3.9200000762939453,3.799999952316284,3.859999895095825,3.043041944503784,893100
2020-07-20,3.859999895095825,3.9000000953674316,3.809999942779541,3.859999895095825,3.043041944503784,521000
2020-07-21,3.880000114440918,4.119999885559082,3.880000114440918,4.090000152587891,3.224363327026367,1899700
2020-07-22,4.099999904632568,4.170000076293945,3.940000057220459,3.9800000190734863,3.1376442909240723,1065600
2020-07-23,3.9600000381469727,3.9800000190734863,3.7699999809265137,3.7899999618530273,2.9878573417663574,1175900
2020-07-24,3.75,3.799999952316284,3.640000104904175,3.759999990463257,2.9642066955566406,686500
2020-07-27,3.8399999141693115,3.9000000953674316,3.7300000190734863,3.8399999141693115,3.0272748470306396,607200
2020-07-28,3.819999933242798,3.8399999141693115,3.7200000286102295,3.7300000190734863,2.940556287765503,438800
2020-07-29,3.7699999809265137,3.9600000381469727,3.75,3.940000057220459,3.1061103343963623,809900
2020-07-30,3.9000000953674316,4.019999980926514,3.819999933242798,3.9600000381469727,3.121877431869507,1148700
2020-07-31,3.880000114440918,3.9000000953674316,3.7899999618530273,3.880000114440918,3.058809280395508,896500
2020-08-03,3.809999942779541,4.130000114440918,3.7899999618530273,4.070000171661377,3.2085962295532227,2039600
2020-08-04,4.099999904632568,4.369999885559082,4.099999904632568,4.369999885559082,3.4451019763946533,2637700
2020-08-05,4.320000171661377,4.349999904632568,4.079999923706055,4.25,3.3504996299743652,1778500
2020-08-06,4.380000114440918,4.400000095367432,3.9200000762939453,4.039999961853027,3.184945583343506,2306300
2020-08-07,3.9800000190734863,4.110000133514404,3.9700000286102295,4.03000020980835,3.1770620346069336,695700
2020-08-10,4.070000171661377,4.110000133514404,3.859999895095825,3.890000104904175,3.06669282913208,1356900
2020-08-11,3.940000057220459,4.03000020980835,3.859999895095825,3.9000000953674316,3.0745761394500732,1203300
2020-08-12,3.9000000953674316,3.9600000381469727,3.880000114440918,3.9200000762939453,3.0903432369232178,781600
2020-08-13,3.940000057220459,4.059999942779541,3.9100000858306885,4.010000228881836,3.161295175552368,1049100
2020-08-14,4.0,4.019999980926514,3.9100000858306885,3.9600000381469727,3.121877431869507,557400
2020-08-17,3.930000066757202,4.03000020980835,3.930000066757202,3.9700000286102295,3.129760980606079,579500
2020-08-18,3.9600000381469727,4.079999923706055,3.940000057220459,4.050000190734863,3.192829132080078,970400
2020-08-19,4.050000190734863,4.050000190734863,3.9100000858306885,3.9100000858306885,3.0824596881866455,960800
2020-08-20,3.890000104904175,3.940000057220459,3.809999942779541,3.9000000953674316,3.0745761394500732,725700
2020-08-21,3.930000066757202,3.930000066757202,3.809999942779541,3.809999942779541,3.003624439239502,591600
2020-08-24,3.8499999046325684,3.9100000858306885,3.8299999237060547,3.859999895095825,3.043041944503784,511800
2020-08-25,3.9000000953674316,3.9100000858306885,3.809999942779541,3.9100000858306885,3.0824596881866455,497900
2020-08-26,3.950000047683716,3.950000047683716,3.8299999237060547,3.8499999046325684,3.035158395767212,373100
2020-08-27,3.8499999046325684,3.859999895095825,3.690000057220459,3.700000047683716,2.916905641555786,1037000
2020-08-28,3.7300000190734863,3.8299999237060547,3.690000057220459,3.799999952316284,2.9957408905029297,652300
2020-08-31,3.819999933242798,3.819999933242798,3.740000009536743,3.759999990463257,2.9642066955566406,571400
2020-09-01,3.759999990463257,3.819999933242798,3.7200000286102295,3.809999942779541,3.003624439239502,507500
2020-09-02,3.809999942779541,3.8399999141693115,3.7300000190734863,3.75,2.9563233852386475,436900
2020-09-03,3.75,3.7899999618530273,3.4100000858306885,3.450000047683716,2.7198173999786377,1432700
2020-09-04,3.4600000381469727,3.549999952316284,3.369999885559082,3.5,2.75923490524292,895500
2020-09-08,3.430000066757202,3.559999942779541,3.390000104904175,3.390000104904175,2.672516345977783,605500
2020-09-09,3.450000047683716,3.4700000286102295,3.380000114440918,3.4100000858306885,2.6882834434509277,466900
2020-09-10,3.450000047683716,3.509999990463257,3.4000000953674316,3.450000047683716,2.7198173999786377,686500
2020-09-11,3.440000057220459,3.4800000190734863,3.369999885559082,3.4000000953674316,2.6803998947143555,321100
2020-09-14,3.4600000381469727,3.619999885559082,3.4100000858306885,3.619999885559082,2.853837251663208,761800
2020-09-15,3.6500000953674316,3.8499999046325684,3.609999895095825,3.8499999046325684,3.035158395767212,1422100
2020-09-16,3.880000114440918,3.9000000953674316,3.75,3.7899999618530273,2.9878573417663574,866000
2020-09-17,3.740000009536743,3.740000009536743,3.630000114440918,3.700000047683716,2.916905641555786,528400
2020-09-18,3.7100000381469727,3.7200000286102295,3.4800000190734863,3.549999952316284,2.7986526489257812,984600
2020-09-21,3.5199999809265137,3.5399999618530273,3.430000066757202,3.509999990463257,2.767118453979492,393100
2020-09-22,3.549999952316284,3.549999952316284,3.4000000953674316,3.4000000953674316,2.6803998947143555,712400
2020-09-23,3.430000066757202,3.4700000286102295,3.359999895095825,3.359999895095825,2.6488654613494873,362100
2020-09-24,3.3499999046325684,3.430000066757202,3.2899999618530273,3.380000114440918,2.664632558822632,440700
2020-09-25,3.380000114440918,3.380000114440918,3.2799999713897705,3.3499999046325684,2.640982151031494,498800
2020-09-28,3.380000114440918,3.450000047683716,3.3499999046325684,3.440000057220459,2.7119338512420654,464100
2020-09-29,3.440000057220459,3.4700000286102295,3.369999885559082,3.430000066757202,2.7040505409240723,441300
2020-09-30,3.4600000381469727,3.619999885559082,3.450000047683716,3.559999942779541,2.8065361976623535,979800
2020-10-01,3.609999895095825,3.6500000953674316,3.5399999618530273,3.6500000953674316,2.877487897872925,424700
2020-10-02,3.549999952316284,3.609999895095825,3.450000047683716,3.4700000286102295,2.7355847358703613,701600
2020-10-05,3.559999942779541,3.559999942779541,3.4000000953674316,3.4600000381469727,2.72770094871521,743800
2020-10-06,3.75,3.869999885559082,3.6500000953674316,3.7300000190734863,2.940556287765503,2193600
2020-10-07,3.759999990463257,3.8399999141693115,3.7100000381469727,3.75,2.9563233852386475,738600
2020-10-08,3.799999952316284,3.8299999237060547,3.700000047683716,3.819999933242798,3.011507749557495,860700
2020-10-09,3.8299999237060547,3.890000104904175,3.7899999618530273,3.869999885559082,3.0509254932403564,650800
2020-10-12,3.880000114440918,3.880000114440918,3.7200000286102295,3.740000009536743,2.948439836502075,961800
2020-10-13,3.759999990463257,3.7899999618530273,3.7100000381469727,3.7300000190734863,2.940556287765503,597400
2020-10-14,3.7300000190734863,3.819999933242798,3.7300000190734863,3.7899999618530273,2.9878573417663574,491300
2020-10-15,3.7699999809265137,3.7699999809265137,3.690000057220459,3.740000009536743,2.948439836502075,398600
2020-10-16,3.75,3.7799999713897705,3.6700000762939453,3.690000057220459,2.909022092819214,456700
2020-10-19,3.7100000381469727,3.890000104904175,3.7100000381469727,3.799999952316284,2.9957408905029297,1000100
2020-10-20,3.809999942779541,3.8399999141693115,3.740000009536743,3.7799999713897705,2.979973554611206,384800
2020-10-21,3.7799999713897705,3.799999952316284,3.7300000190734863,3.740000009536743,2.948439836502075,596500
2020-10-22,3.7200000286102295,3.819999933242798,3.700000047683716,3.7899999618530273,2.9878573417663574,548700
2020-10-23,3.809999942779541,3.869999885559082,3.7699999809265137,3.799999952316284,2.9957408905029297,630100
2020-10-26,3.7799999713897705,3.7899999618530273,3.630000114440918,3.690000057220459,2.909022092819214,722200
2020-10-27,3.6600000858306885,3.75,3.6500000953674316,3.700000047683716,2.916905641555786,384400
2020-10-28,3.630000114440918,3.6500000953674316,3.549999952316284,3.5899999141693115,2.8301868438720703,566800
2020-10-29,3.5799999237060547,3.690000057220459,3.549999952316284,3.6500000953674316,2.877487897872925,302200
2020-10-30,3.619999885559082,3.6500000953674316,3.5199999809265137,3.5299999713897705,2.7828855514526367,341600
2020-11-02,3.5399999618530273,3.569999933242798,3.450000047683716,3.4600000381469727,2.72770094871521,469000
2020-11-03,3.4800000190734863,3.609999895095825,3.4800000190734863,3.5799999237060547,2.822303056716919,325500
2020-11-04,3.5999999046325684,3.630000114440918,3.559999942779541,3.5799999237060547,2.822303056716919,562500
2020-11-05,3.619999885559082,3.7899999618530273,3.5999999046325684,3.7799999713897705,2.979973554611206,619700
2020-11-06,3.759999990463257,3.8499999046325684,3.7100000381469727,3.8299999237060547,3.0193912982940674,445300
2020-11-09,3.869999885559082,4.0,3.7899999618530273,3.9200000762939453,3.0903432369232178,1016800
2020-11-10,3.890000104904175,3.930000066757202,3.799999952316284,3.859999895095825,3.043041944503784,702500
2020-11-11,3.880000114440918,4.099999904632568,3.859999895095825,4.099999904632568,3.2322466373443604,1574200
2020-11-12,4.260000228881836,4.300000190734863,4.039999961853027,4.059999942779541,3.2007126808166504,2064800
2020-11-13,4.099999904632568,4.210000038146973,4.079999923706055,4.190000057220459,3.3031983375549316,1620500
2020-11-16,4.21999979019165,4.539999961853027,4.21999979019165,4.53000020980835,3.5712385177612305,2466800
2020-11-17,4.579999923706055,4.860000133514404,4.340000152587891,4.769999980926514,3.7604429721832275,2621100
2020-11-18,4.889999866485596,4.96999979019165,4.670000076293945,4.800000190734863,3.7840938568115234,1660100
2020-11-19,4.78000020980835,4.900000095367432,4.679999828338623,4.840000152587891,3.8156280517578125,1346900
2020-11-20,4.869999885559082,5.239999771118164,4.820000171661377,5.159999847412109,4.067900657653809,3540200
2020-11-23,5.199999809265137,5.909999847412109,5.159999847412109,5.869999885559082,4.627631187438965,4630400
2020-11-24,6.190000057220459,6.190000057220459,5.480000019073486,5.840000152587891,4.603981018066406,3087800
2020-11-25,5.900000095367432,5.949999809265137,5.699999809265137,5.78000020980835,4.556679725646973,1597200
2020-11-27,5.849999904632568,7.0,5.800000190734863,6.909999847412109,5.447518348693848,4595800
2020-11-30,6.800000190734863,6.829999923706055,6.239999771118164,6.590000152587891,5.195245742797852,5235900
2020-12-01,6.78000020980835,6.940000057220459,6.53000020980835,6.710000038146973,5.2898478507995605,2495600
2020-12-02,6.760000228881836,7.150000095367432,6.570000171661377,6.900000095367432,5.439634799957275,3285800
2020-12-03,6.980000019073486,6.980000019073486,6.480000019073486,6.510000228881836,5.132177352905273,2469000
2020-12-04,6.53000020980835,6.829999923706055,6.519999980926514,6.809999942779541,5.368682861328125,1667700
2020-12-07,6.840000152587891,6.929999828338623,6.710000038146973,6.929999828338623,5.463285446166992,1508300
2020-12-08,6.920000076293945,6.989999771118164,6.630000114440918,6.699999809265137,5.281964302062988,1729100
2020-12-09,6.849999904632568,6.909999847412109,6.559999942779541,6.639999866485596,5.234663009643555,1693200
2020-12-10,6.559999942779541,7.059999942779541,6.5,7.019999980926514,5.534236907958984,2527500
2020-12-11,6.909999847412109,7.210000038146973,6.630000114440918,6.769999980926514,5.337148666381836,2663100
2020-12-14,6.940000057220459,6.940000057220459,6.769999980926514,6.889999866485596,5.431750774383545,1188800
2020-12-15,6.909999847412109,7.46999979019165,6.829999923706055,7.199999809265137,5.676140785217285,3603200
2020-12-16,7.21999979019165,7.289999961853027,6.96999979019165,7.079999923706055,5.581538200378418,1458300
2020-12-17,7.110000133514404,7.119999885559082,6.679999828338623,6.690000057220459,5.274080753326416,2412600
2020-12-18,6.78000020980835,6.840000152587891,6.579999923706055,6.699999809265137,5.281964302062988,2885200
2020-12-21,6.510000228881836,6.860000133514404,6.46999979019165,6.840000152587891,5.392333507537842,1638100
2020-12-22,6.78000020980835,6.940000057220459,6.739999771118164,6.829999923706055,5.3844499588012695,1053900
2020-12-23,6.849999904632568,7.099999904632568,6.820000171661377,6.840000152587891,5.392333507537842,1487900
2020-12-24,6.869999885559082,6.929999828338623,6.619999885559082,6.760000228881836,5.329265117645264,927300
2020-12-28,6.849999904632568,7.190000057220459,6.760000228881836,6.909999847412109,5.447518348693848,2695800
2020-12-29,7.0,7.110000133514404,6.710000038146973,6.760000228881836,5.329265117645264,1590200
2020-12-30,6.809999942779541,8.300000190734863,6.789999961853027,8.15999984741211,6.43295955657959,11584000
2020-12-31,8.039999961853027,8.079999923706055,7.260000228881836,7.389999866485596,5.825927734375,5376600
2021-01-04,7.639999866485596,7.690000057220459,7.010000228881836,7.139999866485596,5.628839015960693,3065400
2021-01-05,7.139999866485596,7.440000057220459,7.110000133514404,7.369999885559082,5.810160160064697,1617500
2021-01-06,7.400000095367432,7.690000057220459,7.139999866485596,7.320000171661377,5.770743370056152,2704100
2021-01-07,7.869999885559082,7.900000095367432,7.519999980926514,7.760000228881836,6.117618560791016,2947600
2021-01-08,7.860000133514404,7.889999866485596,7.340000152587891,7.480000019073486,5.89687967300415,2418600
2021-01-11,7.380000114440918,8.329999923706055,7.340000152587891,8.09000015258789,6.377774715423584,4123400
2021-01-12,8.119999885559082,8.210000038146973,7.809999942779541,8.119999885559082,6.401425361633301,1686300
2021-01-13,8.15999984741211,8.579999923706055,8.020000457763672,8.5,6.7009992599487305,2868000
2021-01-14,8.600000381469727,9.069999694824219,8.550000190734863,8.630000114440918,6.80348539352417,3491100
2021-01-15,8.600000381469727,8.609999656677246,8.010000228881836,8.069999694824219,6.362007141113281,2682300
2021-01-19,8.210000038146973,8.420000076293945,8.15999984741211,8.359999656677246,6.590629577636719,1947300
2021-01-20,8.449999809265137,8.649999618530273,8.239999771118164,8.460000038146973,6.669465065002441,1567100
2021-01-21,8.579999923706055,8.829999923706055,8.34000015258789,8.789999961853027,6.929621696472168,2043900
2021-01-22,8.760000228881836,8.829999923706055,8.550000190734863,8.6899995803833,6.850786209106445,1189400
2021-01-25,8.920000076293945,9.029999732971191,8.40999984741211,8.8100004196167,6.945389270782471,3048900
2021-01-26,8.800000190734863,9.880000114440918,8.779999732971191,9.760000228881836,7.694324016571045,7756100
2021-01-27,9.680000305175781,10.279999732971191,9.199999809265137,9.899999618530273,7.804693222045898,6028200
2021-01-28,10.170000076293945,10.199999809265137,9.399999618530273,9.470000267028809,7.465702056884766,3061300
2021-01-29,9.550000190734863,10.130000114440918,9.359999656677246,9.479999542236328,7.4735846519470215,3534200
2021-02-01,9.949999809265137,11.220000267028809,9.760000228881836,11.020000457763672,8.68764877319336,8756200
2021-02-02,11.350000381469727,11.399999618530273,10.510000228881836,10.90999984741211,8.600929260253906,4134100
2021-02-03,11.069999694824219,11.279999732971191,10.800000190734863,11.180000305175781,8.813785552978516,3203300
2021-02-04,11.5,11.829999923706055,10.270000457763672,10.859999656677246,8.561511993408203,6661700
2021-02-05,10.899999618530273,12.699999809265137,10.529999732971191,12.5600004196167,9.901712417602539,9562100
2021-02-08,13.289999961853027,15.15999984741211,13.020000457763672,15.109999656677246,11.912012100219727,12333900
2021-02-09,15.029999732971191,17.8799991607666,14.619999885559082,15.289999961853027,12.053915023803711,13315500
2021-02-10,15.930000305175781,16.479999542236328,15.170000076293945,15.289999961853027,12.053915023803711,6111000
2021-02-11,15.550000190734863,15.720000267028809,14.34000015258789,15.270000457763672,12.038147926330566,5194000
2021-02-12,15.020000457763672,16.200000762939453,14.800000190734863,15.859999656677246,12.503275871276855,3704900
2021-02-16,16.399999618530273,16.729999542236328,15.470000267028809,15.949999809265137,12.574228286743164,4697800
2021-02-17,15.600000381469727,16.139999389648438,14.680000305175781,15.239999771118164,12.014497756958008,3611500
2021-02-18,14.600000381469727,14.880000114440918,13.4399995803833,14.15999984741211,11.163076400756836,6804800
2021-02-19,14.449999809265137,15.319999694824219,14.329999923706055,15.069999694824219,11.880477905273438,3313400
2021-02-22,14.869999885559082,15.319999694824219,14.34000015258789,14.630000114440918,11.533602714538574,3263700
2021-02-23,13.800000190734863,14.229999542236328,11.579999923706055,13.949999809265137,10.997522354125977,5166200
2021-02-24,13.899999618530273,14.420000076293945,13.520000457763672,14.380000114440918,11.336514472961426,2280600
2021-02-25,14.260000228881836,14.600000381469727,13.020000457763672,13.15999984741211,10.374723434448242,2595600
2021-02-26,13.359999656677246,13.739999771118164,12.800000190734863,13.470000267028809,10.61911392211914,2603600
2021-03-01,13.979999542236328,14.289999961853027,13.550000190734863,14.199999809265137,11.194610595703125,2356800
2021-03-02,14.789999961853027,15.119999885559082,13.550000190734863,13.699999809265137,10.800434112548828,3571200
2021-03-03,13.699999809265137,13.920000076293945,12.619999885559082,12.869999885559082,10.146100997924805,2860400
2021-03-04,12.649999618530273,12.949999809265137,11.210000038146973,11.600000381469727,9.144893646240234,5884000
2021-03-05,11.5,11.649999618530273,9.970000267028809,11.430000305175781,9.010872840881348,5835300
2021-03-08,11.130000114440918,11.640000343322754,10.579999923706055,10.609999656677246,8.364423751831055,2683500
2021-03-09,11.1899995803833,12.210000038146973,11.050000190734863,12.0,9.460234642028809,2974200
2021-03-10,12.279999732971191,12.789999961853027,11.65999984741211,11.899999618530273,9.38139820098877,2865100
2021-03-11,12.289999961853027,12.460000038146973,12.020000457763672,12.270000457763672,9.673089027404785,1789000
2021-03-12,11.960000038146973,12.539999961853027,11.8100004196167,12.460000038146973,9.8228759765625,1457300
2021-03-15,12.779999732971191,14.34000015258789,12.4399995803833,13.729999542236328,10.824085235595703,7090400
2021-03-16,14.170000076293945,14.59000015258789,13.039999961853027,13.3100004196167,10.492977142333984,5949200
2021-03-17,12.850000381469727,13.5600004196167,12.569999694824219,13.390000343322754,10.556044578552246,2428000
2021-03-18,13.1899995803833,13.649999618530273,12.6899995803833,12.800000190734863,10.090917587280273,2676500
2021-03-19,12.880000114440918,13.239999771118164,12.600000381469727,13.15999984741211,10.374723434448242,1881200
2021-03-22,13.600000381469727,15.170000076293945,13.3100004196167,14.350000381469727,11.31286334991455,8352300
2021-03-23,14.3100004196167,14.350000381469727,12.510000228881836,12.710000038146973,10.019965171813965,5219500
2021-03-24,13.149999618530273,13.25,11.34000015258789,11.399999618530273,8.987222671508789,4037700
2021-03-25,10.9399995803833,12.079999923706055,10.75,11.920000076293945,9.39716625213623,3330100
2021-03-26,11.949999809265137,12.399999618530273,11.600000381469727,12.260000228881836,9.665206909179688,1973300
2021-03-29,12.600000381469727,12.600000381469727,11.399999618530273,11.489999771118164,9.058174133300781,2527100
2021-03-30,11.5,13.0,11.460000038146973,12.869999885559082,10.146100997924805,2878000
2021-03-31,12.949999809265137,13.859999656677246,12.6899995803833,13.649999618530273,10.761015892028809,3953500
2021-04-01,14.0,14.3100004196167,13.449999809265137,13.770000457763672,10.855619430541992,3082600
2021-04-05,14.0600004196167,14.729999542236328,13.90999984741211,14.180000305175781,11.178844451904297,2844600
2021-04-06,14.260000228881836,14.65999984741211,14.130000114440918,14.4399995803833,11.383814811706543,2341400
2021-04-07,14.960000038146973,16.200000762939453,14.609999656677246,14.779999732971191,11.65185546875,9830200
2021-04-08,15.050000190734863,15.760000228881836,14.350000381469727,15.5,12.21946907043457,4738400
2021-04-09,15.270000457763672,16.049999237060547,15.220000267028809,15.369999885559082,12.116983413696289,3287300
2021-04-12,15.539999961853027,15.539999961853027,12.619999885559082,12.729999542236328,10.03573226928711,9952200
2021-04-13,13.180000305175781,13.680000305175781,12.779999732971191,13.010000228881836,10.256470680236816,3783500
2021-04-14,13.109999656677246,13.270000457763672,12.699999809265137,12.789999961853027,10.083033561706543,3048700
2021-04-15,12.930000305175781,13.0,11.670000076293945,11.960000038146973,9.428701400756836,5377400
2021-04-16,11.970000267028809,12.569999694824219,11.5600004196167,12.399999618530273,9.775574684143066,3741500
2021-04-19,12.199999809265137,12.75,12.010000228881836,12.40999984741211,9.783459663391113,2626300
2021-04-20,12.329999923706055,12.460000038146973,11.739999771118164,12.029999732971191,9.483884811401367,2405400
2021-04-21,11.949999809265137,12.880000114440918,11.65999984741211,12.850000381469727,10.13033390045166,2491100
2021-04-22,12.9399995803833,13.270000457763672,12.670000076293945,12.970000267028809,10.224936485290527,2390300
2021-04-23,13.020000457763672,13.960000038146973,12.880000114440918,13.819999694824219,10.895036697387695,2699200
2021-04-26,13.960000038146973,14.369999885559082,13.90999984741211,14.220000267028809,11.21037769317627,2541900
2021-04-27,14.399999618530273,14.619999885559082,13.930000305175781,14.020000457763672,11.05270767211914,2111300
2021-04-28,13.989999771118164,14.069999694824219,13.529999732971191,13.890000343322754,10.950221061706543,2246000
2021-04-29,14.029999732971191,14.039999961853027,13.109999656677246,13.600000381469727,10.721599578857422,2363700
2021-04-30,13.220000267028809,13.529999732971191,13.029999732971191,13.119999885559082,10.343189239501953,1973900
2021-05-03,13.300000190734863,13.350000381469727,12.899999618530273,13.239999771118164,10.43779182434082,2427200
2021-05-04,13.130000114440918,13.600000381469727,12.729999542236328,13.199999809265137,10.406256675720215,6323300
2021-05-05,13.069999694824219,13.140000343322754,12.079999923706055,12.279999732971191,9.680973052978516,4473600
2021-05-06,13.199999809265137,13.220000267028809,11.609999656677246,12.430000305175781,9.799225807189941,8146400
2021-05-07,12.850000381469727,13.789999961853027,12.5600004196167,12.859999656677246,10.13821792602539,5763900
2021-05-10,12.949999809265137,13.079999923706055,12.069999694824219,12.300000190734863,9.69674015045166,4491700
2021-05-11,11.649999618530273,12.399999618530273,11.449999809265137,12.390000343322754,9.767692565917969,4689000
2021-05-12,12.010000228881836,12.170000076293945,11.020000457763672,11.140000343322754,8.782251358032227,5453000
2021-05-13,11.40999984741211,11.520000457763672,10.510000228881836,10.789999961853027,8.506327629089355,5095800
2021-05-14,11.09000015258789,11.34000015258789,10.9399995803833,11.069999694824219,8.727066040039062,4508800
2021-05-17,10.930000305175781,11.050000190734863,10.470000267028809,10.710000038146973,8.443259239196777,5446800
2021-05-18,11.079999923706055,11.239999771118164,10.779999732971191,10.960000038146973,8.640348434448242,5807100
2021-05-19,10.720000267028809,11.25,10.5600004196167,11.170000076293945,8.805901527404785,5518100
2021-05-20,11.020000457763672,11.199999809265137,10.25,10.510000228881836,8.285589218139648,8597200
2021-05-21,10.600000381469727,10.640000343322754,10.109999656677246,10.359999656677246,8.167335510253906,4392400
2021-05-24,10.569999694824219,11.550000190734863,10.460000038146973,11.489999771118164,9.058174133300781,6106800
2021-05-25,11.649999618530273,11.739999771118164,10.75,11.0600004196167,8.719182968139648,5163200
2021-05-26,11.0,11.5,10.949999809265137,11.489999771118164,9.058174133300781,2183300
2021-05-27,11.510000228881836,12.399999618530273,11.369999885559082,12.369999885559082,9.751925468444824,5239100
2021-05-28,12.649999618530273,13.180000305175781,12.520000457763672,13.109999656677246,10.335306167602539,7026900
2021-06-01,13.25,13.350000381469727,12.449999809265137,12.569999694824219,9.909595489501953,5724200
2021-06-02,12.5600004196167,13.1899995803833,11.979999542236328,13.15999984741211,10.374723434448242,4518500
2021-06-03,12.720000267028809,12.989999771118164,12.390000343322754,12.850000381469727,10.13033390045166,2379400
2021-06-04,12.930000305175781,13.739999771118164,12.8100004196167,13.399999618530273,10.563928604125977,5289900
2021-06-07,13.399999618530273,14.59000015258789,13.199999809265137,14.430000305175781,11.375931739807129,6148700
2021-06-08,14.399999618530273,14.479999542236328,13.550000190734863,14.079999923706055,11.100008010864258,4327000
2021-06-09,14.029999732971191,14.460000038146973,13.850000381469727,14.029999732971191,11.060590744018555,2813900
2021-06-10,14.0,14.350000381469727,13.920000076293945,13.9399995803833,10.989638328552246,1736100
2021-06-11,14.029999732971191,14.3100004196167,13.890000343322754,14.239999771118164,11.226144790649414,1972000
2021-06-14,14.40999984741211,15.979999542236328,14.40999984741211,15.770000457763672,12.432324409484863,10313500
2021-06-15,15.350000381469727,15.520000457763672,14.010000228881836,14.270000457763672,11.249795913696289,6232100
2021-06-16,14.420000076293945,14.59000015258789,13.5600004196167,13.829999923706055,10.90291976928711,3899100
2021-06-17,13.739999771118164,14.630000114440918,13.739999771118164,14.319999694824219,11.289212226867676,3648300
2021-06-18,14.020000457763672,14.289999961853027,13.710000038146973,14.0,11.03693962097168,3496600
2021-06-21,14.029999732971191,14.149999618530273,13.609999656677246,14.020000457763672,11.05270767211914,2209500
2021-06-22,14.0,14.029999732971191,13.069999694824219,13.239999771118164,10.43779182434082,5697500
2021-06-23,13.359999656677246,14.390000343322754,13.300000190734863,14.119999885559082,11.131542205810547,3737000
2021-06-24,14.300000190734863,14.9399995803833,14.079999923706055,14.529999732971191,11.454767227172852,3775000
2021-06-25,14.5600004196167,14.65999984741211,14.109999656677246,14.140000343322754,11.147310256958008,1803200
2021-06-28,14.300000190734863,15.199999809265137,14.079999923706055,15.079999923706055,11.888360977172852,3924800
2021-06-29,14.710000038146973,16.200000762939453,14.300000190734863,15.949999809265137,12.805197715759277,9354600
2021-06-30,15.890000343322754,17.299999237060547,15.579999923706055,16.65999984741211,13.375208854675293,8366800
2021-07-01,17.079999923706055,17.149999618530273,15.649999618530273,15.90999984741211,12.773083686828613,5242200
2021-07-02,16.15999984741211,16.15999984741211,14.479999542236328,14.739999771118164,11.833767890930176,6344100
2021-07-06,15.199999809265137,15.600000381469727,15.069999694824219,15.430000305175781,12.387723922729492,3361600
2021-07-07,15.649999618530273,15.75,14.569999694824219,14.899999618530273,11.962221145629883,3036800
2021-07-08,14.390000343322754,14.899999618530273,13.859999656677246,14.850000381469727,11.922080993652344,3065900
2021-07-09,14.9399995803833,15.34000015258789,14.390000343322754,15.149999618530273,12.16292953491211,3509700
2021-07-12,15.130000114440918,15.670000076293945,14.609999656677246,15.390000343322754,12.355610847473145,2602100
2021-07-13,15.539999961853027,15.539999961853027,14.90999984741211,14.949999809265137,12.002364158630371,2386200
2021-07-14,15.119999885559082,15.930000305175781,14.720000267028809,14.789999961853027,11.873910903930664,3656000
2021-07-15,14.649999618530273,14.859999656677246,14.0600004196167,14.289999961853027,11.472493171691895,3212900
2021-07-16,14.350000381469727,14.470000267028809,13.859999656677246,14.010000228881836,11.247700691223145,2356000
2021-07-19,13.579999923706055,14.069999694824219,13.399999618530273,13.899999618530273,11.159387588500977,2263100
2021-07-20,13.890000343322754,13.890000343322754,13.170000076293945,13.380000114440918,10.741914749145508,3812800
2021-07-21,13.550000190734863,14.039999961853027,13.420000076293945,13.979999542236328,11.223614692687988,2274600
2021-07-22,13.979999542236328,13.979999542236328,13.270000457763672,13.489999771118164,10.83022689819336,2682700
2021-07-23,13.460000038146973,13.510000228881836,12.850000381469727,13.199999809265137,10.597404479980469,4102200
2021-07-26,12.890000343322754,13.529999732971191,12.680000305175781,13.149999618530273,10.557262420654297,2729200
2021-07-27,13.0,13.079999923706055,12.050000190734863,12.720000267028809,10.212044715881348,5172300
2021-07-28,12.90999984741211,13.479999542236328,12.90999984741211,13.300000190734863,10.677688598632812,3470000
2021-07-29,13.479999542236328,13.930000305175781,13.119999885559082,13.649999618530273,10.958680152893066,3178500
2021-07-30,13.399999618530273,13.90999984741211,13.199999809265137,13.670000076293945,10.974736213684082,3667000
2021-08-02,13.899999618530273,14.1899995803833,13.449999809265137,13.989999771118164,11.231642723083496,4207000
2021-08-03,14.1899995803833,14.199999809265137,13.479999542236328,13.739999771118164,11.03093433380127,4106100
2021-08-04,13.829999923706055,14.0600004196167,13.609999656677246,13.880000114440918,11.143332481384277,3856600
2021-08-05,14.649999618530273,14.890000343322754,13.25,13.369999885559082,10.733885765075684,9982300
2021-08-06,13.470000267028809,14.430000305175781,13.3100004196167,13.920000076293945,11.175444602966309,6200300
2021-08-09,14.039999961853027,14.819999694824219,13.5,14.649999618530273,11.761513710021973,5305300
2021-08-10,14.729999542236328,14.899999618530273,14.210000038146973,14.5,11.641088485717773,3673000
2021-08-11,14.539999961853027,14.59000015258789,14.170000076293945,14.579999923706055,11.705314636230469,2754700
2021-08-12,14.5600004196167,14.579999923706055,14.130000114440918,14.260000228881836,11.448409080505371,2163700
2021-08-13,14.239999771118164,14.239999771118164,13.4399995803833,13.520000457763672,10.8543119430542,4006100
2021-08-16,13.5,13.510000228881836,12.739999771118164,12.75,10.236129760742188,4576100
2021-08-17,12.680000305175781,12.800000190734863,12.350000381469727,12.59000015258789,10.107675552368164,3058900
2021-08-18,12.65999984741211,12.920000076293945,12.600000381469727,12.6899995803833,10.187958717346191,2195700
2021-08-19,12.520000457763672,12.539999961853027,11.779999732971191,12.039999961853027,9.666116714477539,5446500
2021-08-20,12.039999961853027,12.260000228881836,11.970000267028809,12.039999961853027,9.666116714477539,2833500
2021-08-23,12.3100004196167,12.680000305175781,12.100000381469727,12.640000343322754,10.147818565368652,3872900
2021-08-24,12.65999984741211,12.84000015258789,12.300000190734863,12.449999809265137,9.995279312133789,3166600
2021-08-25,12.479999542236328,12.800000190734863,12.449999809265137,12.579999923706055,10.099647521972656,2161700
2021-08-26,12.600000381469727,12.649999618530273,11.989999771118164,12.149999618530273,9.75442886352539,3130900
2021-08-27,12.130000114440918,12.579999923706055,11.960000038146973,12.449999809265137,9.995279312133789,2903600
2021-08-30,12.470000267028809,12.510000228881836,11.5600004196167,11.8100004196167,9.481466293334961,6532300
2021-08-31,11.779999732971191,11.949999809265137,11.5600004196167,11.770000457763672,9.449353218078613,6180600
2021-09-01,11.90999984741211,12.460000038146973,11.65999984741211,12.260000228881836,9.842741966247559,4512400
2021-09-02,12.399999618530273,12.489999771118164,12.170000076293945,12.300000190734863,9.87485408782959,2165700
2021-09-03,12.300000190734863,12.779999732971191,12.260000228881836,12.510000228881836,10.043449401855469,2330900
2021-09-07,12.5,12.609999656677246,11.6899995803833,11.699999809265137,9.39315414428711,5024100
2021-09-08,11.779999732971191,11.789999961853027,10.869999885559082,11.149999618530273,8.951595306396484,6058200
2021-09-09,11.100000381469727,11.529999732971191,11.050000190734863,11.279999732971191,9.055963516235352,3198500
2021-09-10,11.34000015258789,12.100000381469727,11.34000015258789,11.899999618530273,9.553720474243164,6749100
2021-09-13,12.069999694824219,12.109999656677246,11.479999542236328,11.579999923706055,9.29681396484375,1969400
2021-09-14,11.569999694824219,11.880000114440918,11.3100004196167,11.399999618530273,9.152303695678711,2144300
2021-09-15,11.399999618530273,11.520000457763672,11.100000381469727,11.479999542236328,9.216530799865723,2967800
2021-09-16,11.470000267028809,11.470000267028809,11.119999885559082,11.15999984741211,8.959624290466309,2830300
2021-09-17,11.0,11.0,10.470000267028809,10.789999961853027,8.662575721740723,6279500
2021-09-20,10.239999771118164,10.510000228881836,10.069999694824219,10.279999732971191,8.253129959106445,3888200
2021-09-21,10.359999656677246,10.520000457763672,10.109999656677246,10.260000228881836,8.23707389831543,2889200
2021-09-22,10.4399995803833,10.720000267028809,10.34000015258789,10.539999961853027,8.461867332458496,3445900
2021-09-23,10.609999656677246,10.979999542236328,10.460000038146973,10.800000190734863,8.670604705810547,3248000
2021-09-24,10.6899995803833,10.720000267028809,10.479999542236328,10.649999618530273,8.550178527832031,1318600
2021-09-27,10.739999771118164,11.100000381469727,10.550000190734863,10.899999618530273,8.750886917114258,1806300
2021-09-28,10.6899995803833,10.75,10.260000228881836,10.390000343322754,8.341442108154297,2775800
2021-09-29,10.40999984741211,10.619999885559082,10.140000343322754,10.1899995803833,8.180875778198242,2075500
2021-09-30,10.25,10.880000114440918,10.239999771118164,10.670000076293945,8.566235542297363,2939800
2021-10-01,10.630000114440918,10.720000267028809,10.40999984741211,10.5600004196167,8.477924346923828,1451000
2021-10-04,10.350000381469727,10.4399995803833,10.09000015258789,10.220000267028809,8.204960823059082,2611200
2021-10-05,10.229999542236328,10.670000076293945,10.210000038146973,10.600000381469727,8.510037422180176,1849900
2021-10-06,10.270000457763672,10.470000267028809,10.229999542236328,10.3100004196167,8.277215957641602,1863900
2021-10-07,10.430000305175781,10.670000076293945,10.369999885559082,10.390000343322754,8.341442108154297,2299800
2021-10-08,10.460000038146973,10.479999542236328,10.220000267028809,10.350000381469727,8.30932903289795,1155600
2021-10-11,10.359999656677246,10.720000267028809,10.289999961853027,10.34000015258789,8.301301002502441,1673900
2021-10-12,10.369999885559082,10.5,10.109999656677246,10.319999694824219,8.28524398803711,1848400
2021-10-13,10.300000190734863,10.470000267028809,10.069999694824219,10.09000015258789,8.100592613220215,2313500
2021-10-14,10.170000076293945,10.279999732971191,9.890000343322754,10.079999923706055,8.09256362915039,3164200
2021-10-15,10.229999542236328,10.239999771118164,9.600000381469727,9.789999961853027,7.859742164611816,4678900
2021-10-18,9.75,10.520000457763672,9.649999618530273,10.359999656677246,8.31735610961914,4475700
2021-10-19,10.34000015258789,10.75,10.210000038146973,10.680000305175781,8.574263572692871,2462000
2021-10-20,10.569999694824219,10.850000381469727,10.5,10.710000038146973,8.598348617553711,1977300
2021-10-21,10.649999618530273,10.800000190734863,10.569999694824219,10.609999656677246,8.518065452575684,2371800
2021-10-22,10.609999656677246,10.609999656677246,10.079999923706055,10.260000228881836,8.23707389831543,2020400
2021-10-25,10.140000343322754,10.649999618530273,10.119999885559082,10.479999542236328,8.413697242736816,2496800
2021-10-26,10.489999771118164,10.550000190734863,10.140000343322754,10.25,8.229045867919922,2416500
2021-10-27,10.229999542236328,10.510000228881836,10.109999656677246,10.25,8.229045867919922,1676400
2021-10-28,10.34000015258789,10.859999656677246,10.34000015258789,10.670000076293945,8.566235542297363,2677900
2021-10-29,10.609999656677246,10.670000076293945,10.4399995803833,10.5600004196167,8.477924346923828,1565000
2021-11-01,10.739999771118164,11.100000381469727,10.569999694824219,11.0600004196167,8.879341125488281,2596200
2021-11-02,11.109999656677246,11.390000343322754,10.529999732971191,10.770000457763672,8.646519660949707,4213800
2021-11-03,10.729999542236328,11.020000457763672,10.3100004196167,10.880000114440918,8.734830856323242,3394100
2021-11-04,11.359999656677246,11.390000343322754,10.479999542236328,10.720000267028809,8.606377601623535,5272500
2021-11-05,10.8100004196167,12.149999618530273,10.8100004196167,11.449999809265137,9.192445755004883,7393900
2021-11-08,11.789999961853027,11.899999618530273,10.869999885559082,10.949999809265137,8.79102897644043,6612400
2021-11-09,11.0,11.079999923706055,10.130000114440918,10.130000114440918,8.132704734802246,6428000
2021-11-10,10.039999961853027,10.25,9.729999542236328,9.8100004196167,7.875798225402832,4852500
2021-11-11,9.960000038146973,10.430000305175781,9.930000305175781,10.239999771118164,8.221016883850098,2528200
2021-11-12,10.260000228881836,10.729999542236328,10.260000228881836,10.390000343322754,8.341442108154297,2534900
2021-11-15,10.479999542236328,10.59000015258789,10.039999961853027,10.210000038146973,8.196931838989258,3074600
2021-11-16,10.170000076293945,10.239999771118164,9.960000038146973,10.170000076293945,8.16481876373291,1827700
2021-11-17,10.180000305175781,10.460000038146973,10.020000457763672,10.039999961853027,8.060449600219727,2044800
2021-11-18,10.100000381469727,10.380000114440918,9.8100004196167,10.029999732971191,8.052421569824219,2680000
2021-11-19,9.960000038146973,10.229999542236328,9.899999618530273,10.0,8.028336524963379,1654600
2021-11-22,9.970000267028809,10.350000381469727,9.800000190734863,9.960000038146973,7.9962239265441895,2721900
2021-11-23,9.979999542236328,10.020000457763672,9.5600004196167,10.0,8.028336524963379,3640500
2021-11-24,10.0,10.3100004196167,9.949999809265137,10.100000381469727,8.108620643615723,1616800
2021-11-26,9.819999694824219,9.960000038146973,9.649999618530273,9.920000076293945,7.964110374450684,1994200
2021-11-29,10.0,10.239999771118164,9.880000114440918,10.0,8.028336524963379,1786400
2021-11-30,10.0,10.220000267028809,9.479999542236328,9.949999809265137,7.988195419311523,4293500
2021-12-01,10.109999656677246,10.40999984741211,9.899999618530273,10.010000228881836,8.036365509033203,3379100
2021-12-02,9.970000267028809,10.270000457763672,9.899999618530273,10.270000457763672,8.245101928710938,2603400
2021-12-03,10.479999542236328,10.59000015258789,9.930000305175781,10.430000305175781,8.373555183410645,4383500
2021-12-06,10.449999809265137,10.489999771118164,10.0,10.170000076293945,8.16481876373291,2060600
2021-12-07,10.4399995803833,11.289999961853027,10.420000076293945,11.170000076293945,8.967652320861816,4239900
2021-12-08,11.25,11.84000015258789,11.25,11.529999732971191,9.256671905517578,4241200
2021-12-09,11.319999694824219,11.449999809265137,10.789999961853027,11.0600004196167,8.879341125488281,3137000
2021-12-10,11.199999809265137,11.600000381469727,11.170000076293945,11.600000381469727,9.312870979309082,3563200
2021-12-13,11.630000114440918,12.170000076293945,11.210000038146973,11.5,9.232586860656738,4178500
2021-12-14,11.289999961853027,11.460000038146973,11.09000015258789,11.40999984741211,9.160332679748535,2408900
2021-12-15,11.430000305175781,11.600000381469727,10.800000190734863,11.539999961853027,9.264700889587402,3407700
2021-12-16,11.680000305175781,11.720000267028809,11.109999656677246,11.359999656677246,9.120189666748047,3125700
2021-12-17,11.25,12.199999809265137,11.140000343322754,11.960000038146973,9.60189151763916,5416300
2021-12-20,11.779999732971191,12.180000305175781,11.34000015258789,11.5600004196167,9.280757904052734,3816300
2021-12-21,11.859999656677246,11.989999771118164,11.630000114440918,11.920000076293945,9.569777488708496,2004600
2021-12-22,11.899999618530273,12.579999923706055,11.789999961853027,12.529999732971191,10.059505462646484,3835200
2021-12-23,12.579999923706055,12.880000114440918,12.369999885559082,12.470000267028809,10.011336326599121,2771600
2021-12-27,12.619999885559082,14.079999923706055,12.550000190734863,14.0600004196167,11.287841796875,5638100
2021-12-28,14.199999809265137,14.699999809265137,13.699999809265137,13.850000381469727,11.119247436523438,6131200
2021-12-29,13.850000381469727,14.90999984741211,13.720000267028809,14.5,11.641088485717773,4755000
2021-12-30,14.729999542236328,15.5,14.25,15.180000305175781,12.187015533447266,7684600
2021-12-31,15.239999771118164,16.5,15.170000076293945,15.989999771118164,12.837310791015625,8578200
2022-01-03,16.229999542236328,16.280000686645508,13.010000228881836,13.020000457763672,10.452895164489746,14536500
2022-01-04,13.100000381469727,13.25,12.270000457763672,12.399999618530273,9.955137252807617,9329400
2022-01-05,12.5,12.770000457763672,11.880000114440918,12.029999732971191,9.658089637756348,6518600
2022-01-06,12.0,12.350000381469727,11.65999984741211,12.0,9.634004592895508,4624500
2022-01-07,12.0,12.720000267028809,12.0,12.670000076293945,10.171902656555176,5624300
2022-01-10,12.550000190734863,13.010000228881836,12.399999618530273,13.010000228881836,10.444866180419922,4791400
2022-01-11,13.279999732971191,13.510000228881836,12.65999984741211,12.819999694824219,10.292326927185059,4936200
2022-01-12,13.0,13.050000190734863,12.539999961853027,12.949999809265137,10.396696090698242,2931900
2022-01-13,13.0,13.220000267028809,12.510000228881836,12.680000305175781,10.179931640625,2849400
2022-01-14,12.5,12.989999771118164,12.359999656677246,12.949999809265137,10.396696090698242,3679000
2022-01-18,12.850000381469727,13.220000267028809,12.600000381469727,12.609999656677246,10.123732566833496,3185400
2022-01-19,12.600000381469727,12.869999885559082,11.470000267028809,11.529999732971191,9.256671905517578,7064400
2022-01-20,11.720000267028809,12.020000457763672,11.319999694824219,11.369999885559082,9.128218650817871,4079400
2022-01-21,11.119999885559082,11.34000015258789,10.760000228881836,10.979999542236328,8.815113067626953,5347200
2022-01-24,10.680000305175781,10.949999809265137,10.029999732971191,10.920000076293945,8.76694393157959,4820000
2022-01-25,10.720000267028809,10.779999732971191,10.170000076293945,10.399999618530273,8.349470138549805,3577700
2022-01-26,10.630000114440918,11.100000381469727,10.399999618530273,10.520000457763672,8.445810317993164,3989000
2022-01-27,10.720000267028809,10.720000267028809,10.09000015258789,10.460000038146973,8.397640228271484,4228700
2022-01-28,10.40999984741211,10.5,10.029999732971191,10.430000305175781,8.373555183410645,3737000
2022-01-31,10.449999809265137,11.0,10.449999809265137,10.869999885559082,8.726802825927734,2632800
2022-02-01,10.930000305175781,11.079999923706055,10.75,10.789999961853027,8.662575721740723,2660500
2022-02-02,10.979999542236328,11.050000190734863,10.5,10.739999771118164,8.62243366241455,2379700
2022-02-03,10.5600004196167,10.699999809265137,10.119999885559082,10.130000114440918,8.132704734802246,3172300
2022-02-04,10.1899995803833,10.640000343322754,10.130000114440918,10.520000457763672,8.445810317993164,2605100
2022-02-07,10.600000381469727,11.029999732971191,10.550000190734863,10.739999771118164,8.62243366241455,2238100
2022-02-08,10.699999809265137,11.0600004196167,10.670000076293945,11.029999732971191,8.855256080627441,2197200
2022-02-09,11.199999809265137,11.479999542236328,11.0,11.430000305175781,9.17638874053955,3323300
2022-02-10,11.210000038146973,11.670000076293945,11.210000038146973,11.399999618530273,9.152303695678711,3118400
2022-02-11,11.399999618530273,11.90999984741211,11.130000114440918,11.210000038146973,8.999765396118164,4100100
2022-02-14,11.15999984741211,11.529999732971191,10.970000267028809,11.0,8.831171035766602,4262000
2022-02-15,11.279999732971191,12.15999984741211,11.25,12.100000381469727,9.714288711547852,3998700
2022-02-16,12.0,12.369999885559082,11.90999984741211,12.260000228881836,9.842741966247559,5315700
2022-02-17,11.3100004196167,11.5600004196167,10.09000015258789,10.989999771118164,8.823142051696777,10018400
2022-02-18,11.25,11.5600004196167,10.899999618530273,11.300000190734863,9.072020530700684,4920000
2022-02-22,10.9399995803833,11.390000343322754,10.90999984741211,11.020000457763672,8.847228050231934,3209000
2022-02-23,11.239999771118164,11.510000228881836,11.0,11.029999732971191,8.855256080627441,3986700
2022-02-24,10.399999618530273,11.619999885559082,10.34000015258789,11.59000015258789,9.304841995239258,4385100
2022-02-25,11.5600004196167,11.829999923706055,11.40999984741211,11.619999885559082,9.328927040100098,2930700
2022-02-28,11.470000267028809,11.529999732971191,11.029999732971191,11.109999656677246,8.919482231140137,3741900
2022-03-01,11.100000381469727,11.199999809265137,10.899999618530273,11.039999961853027,8.863283157348633,2775700
2022-03-02,11.020000457763672,11.640000343322754,11.010000228881836,11.5600004196167,9.280757904052734,2973300
2022-03-03,11.539999961853027,11.630000114440918,11.220000267028809,11.270000457763672,9.047935485839844,1973600
2022-03-04,11.050000190734863,11.25,10.920000076293945,11.09000015258789,8.903426170349121,3201700
2022-03-07,11.039999961853027,11.140000343322754,10.65999984741211,10.670000076293945,8.566235542297363,5779300
2022-03-08,10.640000343322754,10.869999885559082,10.319999694824219,10.59000015258789,8.502008438110352,3497200
2022-03-09,10.800000190734863,11.380000114440918,10.760000228881836,11.079999923706055,8.895397186279297,2595700
2022-03-10,10.850000381469727,11.050000190734863,10.75,10.979999542236328,8.815113067626953,2017700
2022-03-11,11.170000076293945,11.170000076293945,10.539999961853027,10.539999961853027,8.461867332458496,2137200
2022-03-14,10.5,10.550000190734863,9.960000038146973,10.140000343322754,8.14073371887207,4528500
2022-03-15,10.050000190734863,10.539999961853027,9.890000343322754,10.520000457763672,8.445810317993164,2623700
2022-03-16,10.760000228881836,11.430000305175781,10.720000267028809,11.390000343322754,9.144275665283203,4320100
2022-03-17,11.220000267028809,11.550000190734863,11.15999984741211,11.479999542236328,9.216530799865723,2119600
2022-03-18,11.319999694824219,11.789999961853027,11.239999771118164,11.600000381469727,9.312870979309082,2744700
2022-03-21,11.479999542236328,11.640000343322754,11.15999984741211,11.350000381469727,9.112162590026855,1981700
2022-03-22,11.350000381469727,11.989999771118164,11.350000381469727,11.720000267028809,9.409211158752441,3353800
2022-03-23,11.529999732971191,12.210000038146973,11.460000038146973,11.850000381469727,9.513579368591309,4569100
2022-03-24,11.859999656677246,12.359999656677246,11.770000457763672,11.949999809265137,9.593862533569336,2973000
2022-03-25,12.0600004196167,12.069999694824219,11.619999885559082,11.699999809265137,9.39315414428711,1935800
2022-03-28,11.75,11.979999542236328,11.680000305175781,11.9399995803833,9.585834503173828,1674300
2022-03-29,12.0,12.079999923706055,11.630000114440918,11.649999618530273,9.353012084960938,3252800
2022-03-30,11.649999618530273,11.710000038146973,10.930000305175781,10.970000267028809,8.807085037231445,2850300
2022-03-31,10.970000267028809,11.050000190734863,10.710000038146973,10.859999656677246,8.71877384185791,3016400
2022-04-01,10.949999809265137,11.0,10.520000457763672,10.720000267028809,8.606377601623535,2625600
2022-04-04,10.829999923706055,11.109999656677246,10.75,11.020000457763672,8.847228050231934,1906200
2022-04-05,10.970000267028809,10.979999542236328,10.5,10.529999732971191,8.453838348388672,2947400
2022-04-06,10.479999542236328,10.699999809265137,10.199999809265137,10.420000076293945,8.365527153015137,2999600
2022-04-07,10.210000038146973,10.329999923706055,9.649999618530273,9.770000457763672,7.843685626983643,7468900
2022-04-08,9.779999732971191,9.8100004196167,9.510000228881836,9.510000228881836,7.634948253631592,3382300
2022-04-11,9.449999809265137,9.649999618530273,9.300000190734863,9.399999618530273,7.546636581420898,2231700
2022-04-12,9.550000190734863,9.680000305175781,9.239999771118164,9.279999732971191,7.450296401977539,1983400
2022-04-13,9.34000015258789,9.489999771118164,9.289999961853027,9.390000343322754,7.538608551025391,1494200
2022-04-14,9.449999809265137,9.510000228881836,9.140000343322754,9.15999984741211,7.353956699371338,1886500
2022-04-18,9.100000381469727,9.300000190734863,9.050000190734863,9.109999656677246,7.313814640045166,2009600
2022-04-19,9.09000015258789,9.3100004196167,8.850000381469727,9.180000305175781,7.370013236999512,2257500
2022-04-20,9.3100004196167,9.449999809265137,9.140000343322754,9.229999542236328,7.410154342651367,1371200
2022-04-21,9.390000343322754,9.460000038146973,8.90999984741211,8.949999809265137,7.185361385345459,1825400
2022-04-22,8.899999618530273,9.020000457763672,8.609999656677246,8.75,7.024794578552246,2471300
2022-04-25,8.6899995803833,8.850000381469727,8.550000190734863,8.789999961853027,7.056907653808594,1768100
2022-04-26,8.75,8.829999923706055,8.539999961853027,8.680000305175781,6.968596458435059,2432600
2022-04-27,8.649999618530273,8.880000114440918,8.529999732971191,8.569999694824219,6.880284309387207,1690000
2022-04-28,8.710000038146973,9.199999809265137,8.569999694824219,9.069999694824219,7.28170108795166,2501300
2022-04-29,9.020000457763672,9.369999885559082,8.979999542236328,8.989999771118164,7.217474460601807,4412300
2022-05-02,9.029999732971191,9.289999961853027,8.949999809265137,9.279999732971191,7.450296401977539,2328300
2022-05-03,9.210000038146973,9.399999618530273,9.15999984741211,9.329999923706055,7.490438461303711,2109300
2022-05-04,9.399999618530273,9.539999961853027,9.0600004196167,9.510000228881836,7.634948253631592,1638300
2022-05-05,9.40999984741211,9.460000038146973,9.0600004196167,9.210000038146973,7.394098281860352,1937900
2022-05-06,9.100000381469727,9.140000343322754,8.680000305175781,8.779999732971191,7.048879623413086,3409400
2022-05-09,8.600000381469727,8.699999809265137,8.0600004196167,8.1899995803833,6.575207710266113,4106500
2022-05-10,8.329999923706055,8.470000267028809,8.109999656677246,8.380000114440918,6.727746486663818,2482500
2022-05-11,8.319999694824219,8.449999809265137,7.949999809265137,7.96999979019165,6.398584365844727,2591700
2022-05-12,7.409999847412109,8.489999771118164,7.300000190734863,8.3100004196167,6.671548366546631,5522200
2022-05-13,8.649999618530273,9.460000038146973,8.59000015258789,9.40999984741211,7.5546650886535645,3914200
2022-05-16,9.210000038146973,9.550000190734863,9.199999809265137,9.489999771118164,7.618891716003418,3857800
2022-05-17,9.600000381469727,10.229999542236328,9.600000381469727,9.960000038146973,7.9962239265441895,4467700
2022-05-18,9.6899995803833,9.90999984741211,9.34000015258789,9.420000076293945,7.5626935958862305,2227600
2022-05-19,9.380000114440918,9.579999923706055,9.300000190734863,9.3100004196167,7.474381923675537,2165500
2022-05-20,9.369999885559082,9.4399995803833,9.09000015258789,9.380000114440918,7.530580043792725,1878800
2022-05-23,9.399999618530273,9.550000190734863,9.239999771118164,9.390000343322754,7.538608551025391,1930400
2022-05-24,9.1899995803833,9.1899995803833,8.8100004196167,8.949999809265137,7.185361385345459,2443000
2022-05-25,8.899999618530273,9.380000114440918,8.899999618530273,9.25,7.426211833953857,1969600
2022-05-26,9.25,9.579999923706055,9.25,9.390000343322754,7.538608551025391,2417600
2022-05-27,9.539999961853027,9.65999984741211,9.430000305175781,9.5,7.626919746398926,2448100
2022-05-31,9.520000457763672,9.699999809265137,9.470000267028809,9.520000457763672,7.642976760864258,2177100
2022-06-01,9.65999984741211,9.850000381469727,9.319999694824219,9.470000267028809,7.602835178375244,1250700
2022-06-02,9.460000038146973,9.8100004196167,9.40999984741211,9.59000015258789,7.699174880981445,2443700
2022-06-03,9.5,9.5,9.319999694824219,9.430000305175781,7.570721626281738,1182700
2022-06-06,9.529999732971191,9.6899995803833,9.399999618530273,9.539999961853027,7.659033298492432,1690200
2022-06-07,9.420000076293945,9.579999923706055,9.359999656677246,9.5600004196167,7.675090789794922,1112700
2022-06-08,9.520000457763672,9.670000076293945,9.369999885559082,9.619999885559082,7.723259925842285,2187200
2022-06-09,9.489999771118164,9.989999771118164,9.489999771118164,9.829999923706055,7.891854763031006,3501400
2022-06-10,9.699999809265137,9.960000038146973,9.65999984741211,9.779999732971191,7.851713180541992,2291700
2022-06-13,9.600000381469727,9.680000305175781,9.050000190734863,9.069999694824219,7.28170108795166,3789200
2022-06-14,9.210000038146973,9.40999984741211,9.109999656677246,9.300000190734863,7.466353416442871,1796500
2022-06-15,9.300000190734863,9.380000114440918,9.050000190734863,9.25,7.426211833953857,2474700
2022-06-16,9.0600004196167,9.09000015258789,8.369999885559082,8.430000305175781,6.76788854598999,4409300
2022-06-17,8.529999732971191,8.619999885559082,8.279999732971191,8.579999923706055,6.888312816619873,3024600
2022-06-21,8.5,9.109999656677246,8.220000267028809,8.920000076293945,7.161276340484619,3736900
2022-06-22,8.640000343322754,8.920000076293945,8.319999694824219,8.90999984741211,7.153247833251953,2975800
2022-06-23,8.829999923706055,9.029999732971191,8.789999961853027,8.979999542236328,7.209446430206299,2283200
2022-06-24,8.949999809265137,9.210000038146973,8.920000076293945,8.989999771118164,7.217474460601807,2708500
2022-06-27,9.0,9.65999984741211,9.0,9.199999809265137,7.3860697746276855,4354000
2022-06-28,9.260000228881836,9.399999618530273,8.899999618530273,8.9399995803833,7.177332878112793,4192200
2022-06-29,7.869999885559082,8.0,7.349999904632568,7.5,7.0,4097900
2022-06-30,7.349999904632568,7.75,7.210000038146973,7.480000019073486,6.981333255767822,3067100
2022-07-01,7.309999942779541,7.480000019073486,7.130000114440918,7.230000019073486,6.748000144958496,2331400
2022-07-05,7.070000171661377,7.119999885559082,6.550000190734863,6.590000152587891,6.1506667137146,5152200
2022-07-06,6.599999904632568,6.739999771118164,6.389999866485596,6.510000228881836,6.076000213623047,3697100
2022-07-07,6.599999904632568,6.829999923706055,6.599999904632568,6.650000095367432,6.206666946411133,2203600
2022-07-08,6.599999904632568,6.739999771118164,6.449999809265137,6.639999866485596,6.197333335876465,1766600
2022-07-11,6.599999904632568,6.599999904632568,6.300000190734863,6.349999904632568,5.926666736602783,2296000
2022-07-12,6.5,6.980000019073486,6.329999923706055,6.460000038146973,6.029333591461182,3071400
2022-07-13,6.46999979019165,7.199999809265137,6.460000038146973,6.849999904632568,6.393333435058594,6781500
2022-07-14,6.610000133514404,6.71999979019165,6.179999828338623,6.570000171661377,6.131999969482422,5704500
2022-07-15,6.639999866485596,6.730000019073486,6.420000076293945,6.489999771118164,6.057332992553711,2251800
2022-07-18,6.559999942779541,6.739999771118164,6.480000019073486,6.539999961853027,6.104000091552734,2258400
2022-07-19,6.599999904632568,6.820000171661377,6.599999904632568,6.690000057220459,6.24399995803833,1892900
2022-07-20,6.659999847412109,7.0,6.610000133514404,6.949999809265137,6.486666679382324,1589600
2022-07-21,7.0,7.429999828338623,6.960000038146973,7.400000095367432,6.9066667556762695,2007200
2022-07-22,7.349999904632568,7.489999771118164,6.989999771118164,7.059999942779541,6.589333534240723,2061500
2022-07-25,7.099999904632568,7.139999866485596,6.949999809265137,7.059999942779541,6.589333534240723,1043700
2022-07-26,7.039999961853027,7.079999923706055,6.900000095367432,6.960000038146973,6.496000289916992,2124500
2022-07-27,7.090000152587891,7.239999771118164,6.96999979019165,7.230000019073486,6.748000144958496,1333100
2022-07-28,7.199999809265137,7.300000190734863,7.03000020980835,7.179999828338623,6.701333045959473,1332600
2022-07-29,7.179999828338623,7.309999942779541,7.039999961853027,7.159999847412109,6.682666778564453,1904900
2022-08-01,7.159999847412109,7.21999979019165,6.809999942779541,6.829999923706055,6.374666690826416,2030200
2022-08-02,6.75,7.150000095367432,6.71999979019165,6.96999979019165,6.505332946777344,1454200
2022-08-03,7.0,7.210000038146973,6.920000076293945,7.159999847412109,6.682666778564453,1562800
2022-08-04,7.090000152587891,7.199999809265137,7.019999980926514,7.019999980926514,6.552000045776367,1652100
2022-08-05,7.0,7.03000020980835,6.880000114440918,6.929999828338623,6.4679999351501465,1535700
2022-08-08,6.929999828338623,7.050000190734863,6.889999866485596,7.03000020980835,6.561333656311035,1274900
2022-08-09,6.960000038146973,6.960000038146973,6.599999904632568,6.679999828338623,6.234666347503662,2043400
2022-08-10,6.800000190734863,7.090000152587891,6.71999979019165,7.079999923706055,6.607999801635742,1698700
2022-08-11,6.659999847412109,7.75,6.659999847412109,7.21999979019165,6.738666534423828,5432100
2022-08-12,7.269999980926514,7.630000114440918,7.119999885559082,7.53000020980835,7.028000354766846,4575200
2022-08-15,7.550000190734863,7.550000190734863,7.150000095367432,7.159999847412109,6.682666778564453,3406400
2022-08-16,7.119999885559082,7.170000076293945,6.96999979019165,7.039999961853027,6.570666790008545,2184100
2022-08-17,7.019999980926514,7.059999942779541,6.880000114440918,7.0,6.5333333015441895,1244200
2022-08-18,6.96999979019165,7.130000114440918,6.849999904632568,7.090000152587891,6.61733341217041,1939500
2022-08-19,6.960000038146973,7.059999942779541,6.710000038146973,6.739999771118164,6.290666580200195,2214300
2022-08-22,6.690000057220459,6.710000038146973,6.550000190734863,6.570000171661377,6.131999969482422,1314900
2022-08-23,6.619999885559082,6.769999980926514,6.579999923706055,6.610000133514404,6.169333457946777,1156400
2022-08-24,6.639999866485596,6.670000076293945,6.539999961853027,6.570000171661377,6.131999969482422,1298100
2022-08-25,6.630000114440918,6.809999942779541,6.619999885559082,6.71999979019165,6.271999835968018,1810200
2022-08-26,6.730000019073486,6.789999961853027,6.380000114440918,6.400000095367432,5.973333358764648,1726800
2022-08-29,6.340000152587891,6.420000076293945,6.230000019073486,6.239999771118164,5.823999881744385,1288800
2022-08-30,6.329999923706055,6.369999885559082,6.239999771118164,6.309999942779541,5.889333248138428,1167000
2022-08-31,6.380000114440918,6.380000114440918,6.179999828338623,6.230000019073486,5.814666748046875,1004900
2022-09-01,6.179999828338623,6.179999828338623,5.829999923706055,6.019999980926514,5.618666648864746,2042000
2022-09-02,6.059999942779541,6.099999904632568,5.869999885559082,5.900000095367432,5.506666660308838,1109400
2022-09-06,5.940000057220459,5.940000057220459,5.659999847412109,5.739999771118164,5.357333183288574,1750000
2022-09-07,5.690000057220459,5.71999979019165,5.570000171661377,5.659999847412109,5.2826666831970215,1253100
2022-09-08,5.599999904632568,5.670000076293945,5.440000057220459,5.599999904632568,5.226666450500488,2110500
2022-09-09,5.659999847412109,5.829999923706055,5.659999847412109,5.78000020980835,5.39466667175293,1595400
2022-09-12,5.849999904632568,5.929999828338623,5.829999923706055,5.860000133514404,5.469333648681641,1113700
2022-09-13,5.769999980926514,5.78000020980835,5.550000190734863,5.570000171661377,5.198667049407959,2002100
2022-09-14,5.639999866485596,5.650000095367432,5.46999979019165,5.559999942779541,5.189333438873291,1834000
2022-09-15,5.539999961853027,5.679999828338623,5.480000019073486,5.5,5.133333206176758,1311700
2022-09-16,5.449999809265137,5.599999904632568,5.420000076293945,5.570000171661377,5.198667049407959,1505800
2022-09-19,5.46999979019165,5.579999923706055,5.369999885559082,5.5,5.133333206176758,1147600
2022-09-20,5.489999771118164,5.489999771118164,5.380000114440918,5.389999866485596,5.030666351318359,1112300
2022-09-21,5.380000114440918,5.449999809265137,5.269999980926514,5.300000190734863,4.946666717529297,1196600
2022-09-22,5.25,5.300000190734863,5.170000076293945,5.210000038146973,4.862666606903076,1273700
2022-09-23,5.130000114440918,5.150000095367432,5.03000020980835,5.130000114440918,4.788000106811523,1533300
2022-09-26,5.059999942779541,5.210000038146973,4.949999809265137,4.96999979019165,4.63866662979126,1429100
2022-09-27,5.039999961853027,5.110000133514404,4.980000019073486,5.070000171661377,4.732000350952148,1282900
2022-09-28,4.96999979019165,5.139999866485596,4.949999809265137,5.090000152587891,4.750666618347168,1640600
2022-09-29,4.980000019073486,5.010000228881836,4.809999942779541,4.900000095367432,4.573333263397217,2640400
2022-09-30,4.880000114440918,5.03000020980835,4.840000152587891,4.840000152587891,4.517333507537842,1761800
2022-10-03,4.829999923706055,5.150000095367432,4.829999923706055,5.03000020980835,4.694666862487793,1979000
2022-10-04,5.150000095367432,5.489999771118164,5.139999866485596,5.46999979019165,5.10533332824707,2023600
2022-10-05,5.360000133514404,5.579999923706055,5.329999923706055,5.559999942779541,5.189333438873291,1935500
2022-10-06,5.53000020980835,5.659999847412109,5.519999980926514,5.559999942779541,5.189333438873291,1746100
2022-10-07,5.449999809265137,5.539999961853027,5.289999961853027,5.360000133514404,5.00266695022583,1906900
2022-10-10,5.380000114440918,5.380000114440918,5.260000228881836,5.289999961853027,4.937333106994629,1326000
2022-10-11,5.25,5.289999961853027,4.889999866485596,4.980000019073486,4.648000240325928,1866400
2022-10-12,4.989999771118164,5.179999828338623,4.989999771118164,5.119999885559082,4.7786664962768555,1651900
2022-10-13,4.980000019073486,5.489999771118164,4.909999847412109,5.340000152587891,4.984000205993652,1146600
2022-10-14,5.449999809265137,5.519999980926514,5.260000228881836,5.269999980926514,4.918666839599609,1390300
2022-10-17,5.309999942779541,5.53000020980835,5.289999961853027,5.489999771118164,5.12399959564209,1913600
2022-10-18,5.610000133514404,5.679999828338623,5.409999847412109,5.539999961853027,5.170666694641113,1543800
2022-10-19,5.460000038146973,5.610000133514404,5.400000095367432,5.550000190734863,5.180000305175781,1752300
2022-10-20,5.590000152587891,5.739999771118164,5.590000152587891,5.639999866485596,5.263999938964844,1463400
2022-10-21,5.590000152587891,5.949999809265137,5.590000152587891,5.909999847412109,5.515999794006348,1478200
2022-10-24,5.940000057220459,6.0,5.71999979019165,5.849999904632568,5.460000038146973,1303300
2022-10-25,5.840000152587891,6.110000133514404,5.829999923706055,6.039999961853027,5.637333393096924,1389100
2022-10-26,6.010000228881836,6.150000095367432,5.949999809265137,6.019999980926514,5.618666648864746,1022800
2022-10-27,6.090000152587891,6.21999979019165,5.949999809265137,6.010000228881836,5.609333515167236,1233600
2022-10-28,6.0,6.070000171661377,5.690000057220459,5.829999923706055,5.441333293914795,2049400
2022-10-31,5.849999904632568,5.849999904632568,5.619999885559082,5.659999847412109,5.2826666831970215,1000500
2022-11-01,5.800000190734863,5.960000038146973,5.769999980926514,5.860000133514404,5.469333648681641,1363200
2022-11-02,5.929999828338623,5.929999828338623,5.53000020980835,5.539999961853027,5.170666694641113,1294800
2022-11-03,5.460000038146973,5.710000038146973,5.360000133514404,5.630000114440918,5.254666805267334,1252200
2022-11-04,5.789999961853027,6.039999961853027,5.730000019073486,5.96999979019165,5.572000026702881,1691800
2022-11-07,6.039999961853027,6.130000114440918,5.949999809265137,6.130000114440918,5.7213335037231445,858700
2022-11-08,6.179999828338623,6.230000019073486,6.03000020980835,6.139999866485596,5.730666637420654,872200
2022-11-09,6.059999942779541,6.110000133514404,5.869999885559082,5.929999828338623,5.534666538238525,1281200
2022-11-10,6.199999809265137,6.71999979019165,6.179999828338623,6.610000133514404,6.169333457946777,2108400
2022-11-11,6.659999847412109,7.119999885559082,6.650000095367432,7.070000171661377,6.598666667938232,1857700
2022-11-14,7.070000171661377,7.210000038146973,6.909999847412109,7.019999980926514,6.552000045776367,1596000
2022-11-15,7.210000038146973,7.460000038146973,7.190000057220459,7.360000133514404,6.869333267211914,1485700
2022-11-16,7.289999961853027,7.289999961853027,6.840000152587891,6.860000133514404,6.402667045593262,1769900
2022-11-17,6.699999809265137,7.099999904632568,6.639999866485596,7.090000152587891,6.61733341217041,1984500
2022-11-18,7.179999828338623,7.199999809265137,6.849999904632568,6.869999885559082,6.411999702453613,875700
2022-11-21,6.78000020980835,6.889999866485596,6.710000038146973,6.849999904632568,6.393333435058594,578200
2022-11-22,6.889999866485596,7.099999904632568,6.820000171661377,7.079999923706055,6.607999801635742,815300
2022-11-23,7.099999904632568,7.190000057220459,7.03000020980835,7.159999847412109,6.682666778564453,510400
2022-11-25,7.139999866485596,7.150000095367432,7.010000228881836,7.059999942779541,6.589333534240723,267300
2022-11-28,6.980000019073486,7.159999847412109,6.96999979019165,7.139999866485596,6.664000034332275,666200
2022-11-29,7.179999828338623,7.429999828338623,7.150000095367432,7.190000057220459,6.710666656494141,963300
2022-11-30,7.25,7.369999885559082,7.03000020980835,7.369999885559082,6.878666400909424,1129200
2022-12-01,7.289999961853027,7.340000152587891,7.070000171661377,7.269999980926514,6.785333156585693,1581000
2022-12-02,7.150000095367432,7.429999828338623,7.150000095367432,7.409999847412109,6.915999889373779,696600
2022-12-05,7.400000095367432,7.519999980926514,7.039999961853027,7.099999904632568,6.62666654586792,933100
2022-12-06,7.079999923706055,7.25,6.929999828338623,6.960000038146973,6.496000289916992,833200
2022-12-07,6.900000095367432,7.019999980926514,6.849999904632568,6.980000019073486,6.514666557312012,531900
2022-12-08,7.010000228881836,7.010000228881836,6.920000076293945,6.940000057220459,6.4773335456848145,783100
2022-12-09,6.940000057220459,7.400000095367432,6.820000171661377,7.130000114440918,6.654666900634766,971500
2022-12-12,7.110000133514404,7.340000152587891,7.059999942779541,7.230000019073486,6.748000144958496,631500
2022-12-13,7.400000095367432,7.5,7.230000019073486,7.260000228881836,6.776000022888184,828000
2022-12-14,7.300000190734863,7.380000114440918,7.170000076293945,7.190000057220459,6.710666656494141,813100
2022-12-15,7.099999904632568,7.119999885559082,6.960000038146973,6.96999979019165,6.505332946777344,600600
2022-12-16,6.960000038146973,7.0,6.739999771118164,6.880000114440918,6.421333312988281,1663600
2022-12-19,6.869999885559082,6.949999809265137,6.800000190734863,6.889999866485596,6.430666446685791,1129300
2022-12-20,6.800000190734863,6.840000152587891,6.519999980926514,6.639999866485596,6.197333335876465,1009900
2022-12-21,6.639999866485596,6.849999904632568,6.639999866485596,6.840000152587891,6.384000301361084,601000
2022-12-22,6.760000228881836,6.820000171661377,6.639999866485596,6.789999961853027,6.3373332023620605,643300
2022-12-23,6.75,6.809999942779541,6.659999847412109,6.71999979019165,6.271999835968018,570000
2022-12-27,6.570000171661377,6.630000114440918,6.329999923706055,6.400000095367432,5.973333358764648,1123700
2022-12-28,6.340000152587891,6.409999847412109,6.230000019073486,6.260000228881836,5.842667102813721,811600
2022-12-29,6.320000171661377,6.489999771118164,6.269999980926514,6.460000038146973,6.029333591461182,1085600
2022-12-30,6.360000133514404,6.389999866485596,6.090000152587891,6.210000038146973,5.796000003814697,1041000
2023-01-03,6.409999847412109,6.53000020980835,6.230000019073486,6.340000152587891,5.917333602905273,799400
2023-01-04,6.429999828338623,6.940000057220459,6.309999942779541,6.840000152587891,6.384000301361084,2081200
2023-01-05,6.800000190734863,6.849999904632568,6.639999866485596,6.659999847412109,6.216000080108643,853500
2023-01-06,6.739999771118164,6.860000133514404,6.650000095367432,6.840000152587891,6.384000301361084,899500
2023-01-09,6.960000038146973,7.25,6.889999866485596,7.119999885559082,6.645333290100098,1103700
2023-01-10,7.079999923706055,7.25,7.050000190734863,7.230000019073486,6.748000144958496,814200
2023-01-11,7.25,7.28000020980835,7.079999923706055,7.159999847412109,6.682666778564453,717400
2023-01-12,7.510000228881836,7.510000228881836,6.889999866485596,6.960000038146973,6.496000289916992,2395200
2023-01-13,6.949999809265137,7.210000038146973,6.849999904632568,7.199999809265137,6.71999979019165,1142700
2023-01-17,7.260000228881836,7.550000190734863,7.150000095367432,7.539999961853027,7.0373334884643555,1407200
2023-01-18,7.650000095367432,7.690000057220459,7.400000095367432,7.510000228881836,7.009333610534668,751600
2023-01-19,7.460000038146973,7.460000038146973,7.329999923706055,7.440000057220459,6.944000244140625,701500
2023-01-20,7.590000152587891,7.630000114440918,7.480000019073486,7.550000190734863,7.046667098999023,853000
2023-01-23,7.599999904632568,7.760000228881836,7.599999904632568,7.699999809265137,7.186666488647461,1749000
2023-01-24,7.639999866485596,7.739999771118164,7.559999942779541,7.670000076293945,7.158666610717773,1023400
2023-01-25,7.599999904632568,7.849999904632568,7.570000171661377,7.829999923706055,7.308000087738037,1306600
2023-01-26,7.929999828338623,8.229999542236328,7.909999847412109,8.0600004196167,7.522666931152344,1701300
2023-01-27,8.039999961853027,8.170000076293945,7.96999979019165,8.0600004196167,7.522666931152344,1069300
2023-01-30,7.980000019073486,8.079999923706055,7.869999885559082,8.039999961853027,7.504000186920166,890800
2023-01-31,8.050000190734863,8.199999809265137,8.050000190734863,8.149999618530273,7.606666564941406,937900
2023-02-01,8.199999809265137,8.369999885559082,8.0600004196167,8.319999694824219,7.76533317565918,1090300
2023-02-02,8.479999542236328,8.699999809265137,8.390000343322754,8.619999885559082,8.045332908630371,1724000
2023-02-03,8.529999732971191,8.649999618530273,8.390000343322754,8.430000305175781,7.868000507354736,1196900
2023-02-06,8.369999885559082,8.369999885559082,8.079999923706055,8.130000114440918,7.588000297546387,1185900
2023-02-07,8.140000343322754,8.430000305175781,8.140000343322754,8.40999984741211,7.8493332862854,1523100
2023-02-08,8.4399995803833,8.600000381469727,8.239999771118164,8.260000228881836,7.709333419799805,1569600
2023-02-09,8.380000114440918,8.380000114440918,7.599999904632568,7.889999866485596,7.363999843597412,1692800
2023-02-10,7.71999979019165,7.769999980926514,7.420000076293945,7.679999828338623,7.167999744415283,1241800
2023-02-13,7.710000038146973,7.880000114440918,7.599999904632568,7.849999904632568,7.326666831970215,1132400
2023-02-14,7.860000133514404,7.980000019073486,7.760000228881836,7.929999828338623,7.401333332061768,1092000
2023-02-15,7.849999904632568,8.369999885559082,7.849999904632568,8.350000381469727,7.793333530426025,1053300
2023-02-16,8.279999732971191,8.3100004196167,8.140000343322754,8.140000343322754,7.597333908081055,807600
2023-02-17,8.140000343322754,8.140000343322754,7.920000076293945,7.980000019073486,7.447999954223633,780100
2023-02-21,7.889999866485596,7.960000038146973,7.820000171661377,7.829999923706055,7.308000087738037,662900
2023-02-22,7.849999904632568,7.920000076293945,7.760000228881836,7.820000171661377,7.298666954040527,668300
2023-02-23,7.989999771118164,8.029999732971191,7.840000152587891,7.889999866485596,7.363999843597412,643600
2023-02-24,7.699999809265137,7.820000171661377,7.659999847412109,7.679999828338623,7.167999744415283,558900
2023-02-27,7.800000190734863,7.800000190734863,7.510000228881836,7.510000228881836,7.009333610534668,556200
2023-02-28,7.510000228881836,7.539999961853027,7.429999828338623,7.429999828338623,6.934666633605957,497400
2023-03-01,7.460000038146973,7.739999771118164,7.460000038146973,7.579999923706055,7.074666500091553,528000
2023-03-02,7.53000020980835,7.789999961853027,7.480000019073486,7.789999961853027,7.270666599273682,955800
2023-03-03,7.820000171661377,7.880000114440918,7.739999771118164,7.760000228881836,7.242666721343994,752900
2023-03-06,7.880000114440918,8.09000015258789,7.679999828338623,7.730000019073486,7.214666843414307,688300
2023-03-07,7.739999771118164,7.739999771118164,7.5,7.53000020980835,7.028000354766846,622600
2023-03-08,7.570000171661377,7.900000095367432,7.519999980926514,7.880000114440918,7.354666709899902,961400
2023-03-09,7.900000095367432,7.929999828338623,7.760000228881836,7.78000020980835,7.261333465576172,757500
2023-03-10,7.730000019073486,7.739999771118164,7.409999847412109,7.460000038146973,6.9626665115356445,1008600
2023-03-13,7.309999942779541,7.599999904632568,7.190000057220459,7.519999980926514,7.018666744232178,1120300
2023-03-14,7.599999904632568,7.929999828338623,7.599999904632568,7.659999847412109,7.1493330001831055,1924900
2023-03-15,7.570000171661377,7.579999923706055,7.389999866485596,7.53000020980835,7.028000354766846,788800
2023-03-16,7.480000019073486,7.909999847412109,7.440000057220459,7.840000152587891,7.317333698272705,842000
2023-03-17,7.860000133514404,7.860000133514404,7.670000076293945,7.760000228881836,7.242666721343994,763700
2023-03-20,7.760000228881836,7.800000190734863,7.710000038146973,7.789999961853027,7.270666599273682,646900
2023-03-21,7.900000095367432,7.960000038146973,7.639999866485596,7.75,7.233333587646484,656000
2023-03-22,7.820000171661377,7.989999771118164,7.699999809265137,7.710000038146973,7.196000099182129,1038600
2023-03-23,7.840000152587891,8.029999732971191,7.78000020980835,7.900000095367432,7.37333345413208,671500
2023-03-24,7.869999885559082,8.0,7.820000171661377,7.940000057220459,7.4106669425964355,672300
2023-03-27,8.039999961853027,8.0600004196167,7.840000152587891,7.869999885559082,7.345333099365234,716700
2023-03-28,7.869999885559082,7.869999885559082,7.570000171661377,7.670000076293945,7.158666610717773,1276300
2023-03-29,7.690000057220459,7.940000057220459,7.690000057220459,7.889999866485596,7.363999843597412,641500
2023-03-30,7.920000076293945,8.199999809265137,7.860000133514404,8.149999618530273,7.606666564941406,1039900
2023-03-31,8.170000076293945,8.199999809265137,8.0600004196167,8.130000114440918,7.588000297546387,558700
2023-04-03,8.130000114440918,8.15999984741211,7.949999809265137,8.0600004196167,7.522666931152344,731000
2023-04-04,8.079999923706055,8.119999885559082,7.840000152587891,7.889999866485596,7.363999843597412,553400
2023-04-05,7.880000114440918,7.880000114440918,7.300000190734863,7.539999961853027,7.0373334884643555,1287400
2023-04-06,7.5,7.599999904632568,7.400000095367432,7.510000228881836,7.009333610534668,1434400
2023-04-10,7.53000020980835,7.579999923706055,7.429999828338623,7.550000190734863,7.046667098999023,600200
2023-04-11,7.550000190734863,7.71999979019165,7.489999771118164,7.559999942779541,7.055999755859375,610600
2023-04-12,7.610000133514404,7.639999866485596,7.360000133514404,7.360000133514404,6.869333267211914,658300
2023-04-13,7.320000171661377,7.409999847412109,7.320000171661377,7.349999904632568,6.860000133514404,496100
2023-04-14,7.349999904632568,7.440000057220459,7.28000020980835,7.300000190734863,6.813333511352539,574300
2023-04-17,7.300000190734863,7.340000152587891,7.210000038146973,7.239999771118164,6.757333278656006,614300
2023-04-18,7.320000171661377,7.320000171661377,7.159999847412109,7.230000019073486,6.748000144958496,696700
2023-04-19,7.139999866485596,7.150000095367432,7.010000228881836,7.059999942779541,6.589333534240723,860500
2023-04-20,7.0,7.070000171661377,6.940000057220459,7.0,6.5333333015441895,656100
2023-04-21,6.96999979019165,7.0,6.880000114440918,7.0,6.5333333015441895,468800
2023-04-24,6.96999979019165,6.96999979019165,6.670000076293945,6.75,6.300000190734863,714300
2023-04-25,6.75,6.760000228881836,6.429999828338623,6.460000038146973,6.029333591461182,1093200
2023-04-26,6.650000095367432,6.829999923706055,6.5,6.550000190734863,6.113333702087402,765600
2023-04-27,6.599999904632568,6.610000133514404,6.489999771118164,6.570000171661377,6.131999969482422,441700
2023-04-28,6.590000152587891,6.670000076293945,6.539999961853027,6.639999866485596,6.197333335876465,545100
2023-05-01,6.670000076293945,6.710000038146973,6.53000020980835,6.590000152587891,6.1506667137146,424500
2023-05-02,6.590000152587891,6.730000019073486,6.550000190734863,6.679999828338623,6.234666347503662,557400
2023-05-03,6.630000114440918,6.699999809265137,6.53000020980835,6.590000152587891,6.1506667137146,692400
2023-05-04,6.599999904632568,6.670000076293945,6.460000038146973,6.579999923706055,6.141333103179932,604200
2023-05-05,6.590000152587891,6.840000152587891,6.550000190734863,6.78000020980835,6.328000068664551,758700
2023-05-08,6.800000190734863,6.880000114440918,6.71999979019165,6.820000171661377,6.365333557128906,611800
2023-05-09,6.800000190734863,6.840000152587891,6.690000057220459,6.800000190734863,6.3466668128967285,731500
2023-05-10,6.820000171661377,6.929999828338623,6.690000057220459,6.860000133514404,6.402667045593262,870800
2023-05-11,6.670000076293945,6.670000076293945,6.159999847412109,6.570000171661377,6.131999969482422,1528900
2023-05-12,6.510000228881836,6.559999942779541,6.199999809265137,6.309999942779541,5.889333248138428,839500
2023-05-15,6.309999942779541,6.489999771118164,6.230000019073486,6.420000076293945,5.992000102996826,706700
2023-05-16,6.329999923706055,6.800000190734863,6.329999923706055,6.599999904632568,6.159999847412109,850800
2023-05-17,6.639999866485596,6.769999980926514,6.619999885559082,6.679999828338623,6.234666347503662,666400
2023-05-18,6.710000038146973,6.829999923706055,6.690000057220459,6.71999979019165,6.271999835968018,637200
2023-05-19,6.71999979019165,6.78000020980835,6.579999923706055,6.760000228881836,6.309333801269531,672600
2023-05-22,6.75,6.920000076293945,6.75,6.889999866485596,6.430666446685791,627300
2023-05-23,6.869999885559082,6.920000076293945,6.579999923706055,6.619999885559082,6.178666591644287,927200
2023-05-24,6.559999942779541,6.559999942779541,6.420000076293945,6.460000038146973,6.029333591461182,571000
2023-05-25,6.53000020980835,6.679999828338623,6.53000020980835,6.599999904632568,6.159999847412109,705600
2023-05-26,6.650000095367432,6.820000171661377,6.650000095367432,6.75,6.300000190734863,1128600
2023-05-30,6.889999866485596,7.039999961853027,6.739999771118164,6.920000076293945,6.458666801452637,1138700
2023-05-31,6.889999866485596,6.96999979019165,6.75,6.880000114440918,6.421333312988281,1112300
2023-06-01,6.900000095367432,7.150000095367432,6.869999885559082,7.119999885559082,6.645333290100098,911900
2023-06-02,7.210000038146973,7.25,6.949999809265137,7.159999847412109,6.682666778564453,735800
2023-06-05,7.179999828338623,7.239999771118164,7.059999942779541,7.070000171661377,6.598666667938232,755500
2023-06-06,7.070000171661377,7.210000038146973,7.0,7.079999923706055,6.607999801635742,1178500
2023-06-07,7.130000114440918,7.320000171661377,7.099999904632568,7.28000020980835,6.794666767120361,1323900
2023-06-08,7.300000190734863,7.409999847412109,7.25,7.349999904632568,6.860000133514404,491400
2023-06-09,7.429999828338623,7.489999771118164,7.309999942779541,7.349999904632568,6.860000133514404,472400
2023-06-12,7.389999866485596,7.599999904632568,7.369999885559082,7.559999942779541,7.055999755859375,852200
2023-06-13,7.639999866485596,7.699999809265137,7.340000152587891,7.349999904632568,6.860000133514404,1475300
2023-06-14,7.349999904632568,7.599999904632568,7.349999904632568,7.489999771118164,6.990666389465332,900100
2023-06-15,7.420000076293945,7.570000171661377,7.420000076293945,7.559999942779541,7.055999755859375,1162200
2023-06-16,7.5,7.639999866485596,7.329999923706055,7.519999980926514,7.018666744232178,2065800
2023-06-20,7.480000019073486,7.519999980926514,7.21999979019165,7.260000228881836,6.776000022888184,910200
2023-06-21,7.199999809265137,7.309999942779541,7.099999904632568,7.130000114440918,6.654666900634766,889000
2023-06-22,7.110000133514404,7.110000133514404,7.03000020980835,7.099999904632568,6.62666654586792,472700
2023-06-23,7.03000020980835,7.070000171661377,6.96999979019165,7.03000020980835,6.561333656311035,726000
2023-06-26,7.119999885559082,7.309999942779541,7.019999980926514,7.019999980926514,6.552000045776367,754400
2023-06-27,7.019999980926514,7.25,7.019999980926514,7.21999979019165,6.738666534423828,683400
2023-06-28,7.21999979019165,7.260000228881836,7.119999885559082,7.199999809265137,6.71999979019165,917600
2023-06-29,6.829999923706055,6.860000133514404,6.699999809265137,6.820000171661377,6.820000171661377,1076000
2023-06-30,6.960000038146973,6.960000038146973,6.71999979019165,6.75,6.75,799600
2023-07-03,6.739999771118164,6.760000228881836,6.53000020980835,6.639999866485596,6.639999866485596,1340600
2023-07-05,6.599999904632568,6.960000038146973,6.590000152587891,6.920000076293945,6.920000076293945,1564100
2023-07-06,6.840000152587891,6.909999847412109,6.679999828338623,6.869999885559082,6.869999885559082,979400
2023-07-07,6.889999866485596,6.889999866485596,6.820000171661377,6.869999885559082,6.869999885559082,781600
2023-07-10,6.889999866485596,7.179999828338623,6.880000114440918,7.119999885559082,7.119999885559082,1183500
2023-07-11,7.190000057220459,7.230000019073486,7.090000152587891,7.170000076293945,7.170000076293945,901300
2023-07-12,7.300000190734863,7.449999809265137,7.28000020980835,7.409999847412109,7.409999847412109,1039700
2023-07-13,7.5,7.659999847412109,7.460000038146973,7.550000190734863,7.550000190734863,1756700
2023-07-14,7.570000171661377,7.570000171661377,7.309999942779541,7.340000152587891,7.340000152587891,861600
2023-07-17,7.360000133514404,7.46999979019165,7.269999980926514,7.429999828338623,7.429999828338623,617700
2023-07-18,7.449999809265137,7.480000019073486,7.329999923706055,7.440000057220459,7.440000057220459,632700
2023-07-19,7.389999866485596,7.460000038146973,7.320000171661377,7.340000152587891,7.340000152587891,564200
2023-07-20,7.320000171661377,7.320000171661377,7.079999923706055,7.099999904632568,7.099999904632568,761500
2023-07-21,7.150000095367432,7.21999979019165,7.059999942779541,7.150000095367432,7.150000095367432,547100
2023-07-24,7.150000095367432,7.150000095367432,7.039999961853027,7.099999904632568,7.099999904632568,621800
2023-07-25,7.099999904632568,7.179999828338623,7.099999904632568,7.139999866485596,7.139999866485596,457200
2023-07-26,7.110000133514404,7.139999866485596,7.039999961853027,7.099999904632568,7.099999904632568,469300
2023-07-27,7.170000076293945,7.199999809265137,6.849999904632568,6.889999866485596,6.889999866485596,1605300
2023-07-28,6.989999771118164,7.150000095367432,6.96999979019165,7.0,7.0,1863800
2023-07-31,7.03000020980835,7.070000171661377,6.880000114440918,6.900000095367432,6.900000095367432,1223300
2023-08-01,6.940000057220459,6.940000057220459,6.78000020980835,6.800000190734863,6.800000190734863,1925800
2023-08-02,6.809999942779541,6.809999942779541,6.489999771118164,6.71999979019165,6.71999979019165,1969400
2023-08-03,6.670000076293945,6.670000076293945,6.539999961853027,6.550000190734863,6.550000190734863,1464400
2023-08-04,6.550000190734863,6.820000171661377,6.5,6.659999847412109,6.659999847412109,1469400
2023-08-07,6.840000152587891,6.849999904632568,6.650000095367432,6.710000038146973,6.710000038146973,747500
2023-08-08,6.619999885559082,6.619999885559082,6.480000019073486,6.539999961853027,6.539999961853027,826000
2023-08-09,6.550000190734863,6.619999885559082,6.519999980926514,6.550000190734863,6.550000190734863,1043300
2023-08-10,6.489999771118164,6.78000020980835,6.409999847412109,6.550000190734863,6.550000190734863,1012600
2023-08-11,6.590000152587891,6.849999904632568,6.570000171661377,6.760000228881836,6.760000228881836,1178500
2023-08-14,6.710000038146973,6.849999904632568,6.670000076293945,6.829999923706055,6.829999923706055,592500
2023-08-15,6.75,6.760000228881836,6.480000019073486,6.480000019073486,6.480000019073486,975200
2023-08-16,6.46999979019165,6.53000020980835,6.260000228881836,6.300000190734863,6.300000190734863,932100
2023-08-17,6.389999866485596,6.389999866485596,6.210000038146973,6.21999979019165,6.21999979019165,787000
2023-08-18,6.190000057220459,6.199999809265137,6.099999904632568,6.150000095367432,6.150000095367432,941200
2023-08-21,6.150000095367432,6.21999979019165,6.139999866485596,6.179999828338623,6.179999828338623,574300
2023-08-22,6.210000038146973,6.25,6.150000095367432,6.159999847412109,6.159999847412109,634400
2023-08-23,6.170000076293945,6.28000020980835,6.159999847412109,6.260000228881836,6.260000228881836,506000
2023-08-24,6.300000190734863,6.300000190734863,6.03000020980835,6.039999961853027,6.039999961853027,652900
2023-08-25,6.039999961853027,6.130000114440918,5.960000038146973,6.079999923706055,6.079999923706055,900700
2023-08-28,6.050000190734863,6.21999979019165,6.050000190734863,6.110000133514404,6.110000133514404,574000
2023-08-29,6.070000171661377,6.28000020980835,6.059999942779541,6.21999979019165,6.21999979019165,639700
2023-08-30,6.21999979019165,6.25,6.179999828338623,6.190000057220459,6.190000057220459,537700
2023-08-31,6.190000057220459,6.190000057220459,6.110000133514404,6.110000133514404,6.110000133514404,354300
2023-09-01,6.150000095367432,6.199999809265137,6.130000114440918,6.170000076293945,6.170000076293945,346700
2023-09-05,6.179999828338623,6.190000057220459,6.059999942779541,6.070000171661377,6.070000171661377,509800
2023-09-06,6.050000190734863,6.050000190734863,5.880000114440918,5.980000019073486,5.980000019073486,713700
2023-09-07,5.880000114440918,5.889999866485596,5.769999980926514,5.840000152587891,5.840000152587891,673300
2023-09-08,5.800000190734863,5.949999809265137,5.789999961853027,5.860000133514404,5.860000133514404,632500
2023-09-11,5.889999866485596,5.889999866485596,5.679999828338623,5.760000228881836,5.760000228881836,650600
2023-09-12,5.710000038146973,5.840000152587891,5.699999809265137,5.75,5.75,594000
2023-09-13,5.760000228881836,5.769999980926514,5.599999904632568,5.610000133514404,5.610000133514404,728000
2023-09-14,5.670000076293945,5.690000057220459,5.610000133514404,5.650000095367432,5.650000095367432,445700
2023-09-15,5.659999847412109,5.659999847412109,5.449999809265137,5.46999979019165,5.46999979019165,2136700
2023-09-18,5.420000076293945,5.460000038146973,5.389999866485596,5.429999828338623,5.429999828338623,543700
2023-09-19,5.400000095367432,5.429999828338623,5.289999961853027,5.360000133514404,5.360000133514404,836700
2023-09-20,5.349999904632568,5.449999809265137,5.329999923706055,5.340000152587891,5.340000152587891,498200
2023-09-21,5.309999942779541,5.420000076293945,5.28000020980835,5.409999847412109,5.409999847412109,815500
2023-09-22,5.489999771118164,5.650000095367432,5.46999979019165,5.590000152587891,5.590000152587891,839600
2023-09-25,5.590000152587891,5.760000228881836,5.559999942779541,5.690000057220459,5.690000057220459,797000
2023-09-26,5.690000057220459,5.769999980926514,5.659999847412109,5.679999828338623,5.679999828338623,640200
2023-09-27,5.730000019073486,5.820000171661377,5.71999979019165,5.809999942779541,5.809999942779541,645700
2023-09-28,5.75,5.960000038146973,5.75,5.849999904632568,5.849999904632568,470200
2023-09-29,5.929999828338623,5.980000019073486,5.800000190734863,5.840000152587891,5.840000152587891,518100
2023-10-02,5.860000133514404,5.900000095367432,5.789999961853027,5.820000171661377,5.820000171661377,499400
2023-10-03,5.75,5.840000152587891,5.679999828338623,5.75,5.75,402300
2023-10-04,5.769999980926514,5.880000114440918,5.75,5.869999885559082,5.869999885559082,364400
2023-10-05,5.900000095367432,5.929999828338623,5.650000095367432,5.659999847412109,5.659999847412109,516000
2023-10-06,5.639999866485596,5.659999847412109,5.559999942779541,5.619999885559082,5.619999885559082,889000
2023-10-09,5.579999923706055,5.769999980926514,5.559999942779541,5.710000038146973,5.710000038146973,787800
2023-10-10,5.739999771118164,5.920000076293945,5.739999771118164,5.880000114440918,5.880000114440918,478500
2023-10-11,5.869999885559082,5.949999809265137,5.800000190734863,5.889999866485596,5.889999866485596,665600
2023-10-12,5.940000057220459,5.980000019073486,5.679999828338623,5.75,5.75,497000
2023-10-13,5.75,5.75,5.590000152587891,5.630000114440918,5.630000114440918,379500
2023-10-16,5.619999885559082,5.860000133514404,5.619999885559082,5.800000190734863,5.800000190734863,1234900
2023-10-17,5.760000228881836,5.880000114440918,5.650000095367432,5.820000171661377,5.820000171661377,727100
2023-10-18,5.760000228881836,5.78000020980835,5.639999866485596,5.639999866485596,5.639999866485596,297200
2023-10-19,5.699999809265137,5.820000171661377,5.639999866485596,5.710000038146973,5.710000038146973,464800
2023-10-20,5.730000019073486,5.739999771118164,5.519999980926514,5.539999961853027,5.539999961853027,415200
2023-10-23,5.5,5.619999885559082,5.460000038146973,5.480000019073486,5.480000019073486,411100
2023-10-24,5.539999961853027,5.610000133514404,5.519999980926514,5.539999961853027,5.539999961853027,315900
2023-10-25,5.510000228881836,5.53000020980835,5.28000020980835,5.349999904632568,5.349999904632568,459100
2023-10-26,5.309999942779541,5.460000038146973,5.309999942779541,5.369999885559082,5.369999885559082,487200
2023-10-27,5.429999828338623,5.429999828338623,5.28000020980835,5.300000190734863,5.300000190734863,380300
2023-10-30,5.28000020980835,5.400000095367432,5.21999979019165,5.289999961853027,5.289999961853027,654900
2023-10-31,5.28000020980835,5.400000095367432,5.260000228881836,5.369999885559082,5.369999885559082,442300
2023-11-01,5.409999847412109,5.449999809265137,5.289999961853027,5.400000095367432,5.400000095367432,413700
2023-11-02,5.5,5.699999809265137,5.5,5.619999885559082,5.619999885559082,531700
2023-11-03,5.699999809265137,5.769999980926514,5.630000114440918,5.679999828338623,5.679999828338623,373100
2023-11-06,5.730000019073486,5.75,5.389999866485596,5.510000228881836,5.510000228881836,1567900
2023-11-07,5.519999980926514,5.650000095367432,5.5,5.559999942779541,5.559999942779541,428900
2023-11-08,5.599999904632568,5.639999866485596,5.46999979019165,5.519999980926514,5.519999980926514,842500
2023-11-09,5.599999904632568,6.039999961853027,5.570000171661377,5.579999923706055,5.579999923706055,1261100
2023-11-10,5.619999885559082,5.809999942779541,5.599999904632568,5.739999771118164,5.739999771118164,713000
2023-11-13,5.739999771118164,5.849999904632568,5.670000076293945,5.78000020980835,5.78000020980835,789000
2023-11-14,5.860000133514404,6.0,5.849999904632568,5.96999979019165,5.96999979019165,680100
2023-11-15,6.0,6.119999885559082,5.989999771118164,6.050000190734863,6.050000190734863,469400
2023-11-16,6.070000171661377,6.349999904632568,6.03000020980835,6.269999980926514,6.269999980926514,1076800
2023-11-17,6.260000228881836,6.28000020980835,6.099999904632568,6.130000114440918,6.130000114440918,761500
2023-11-20,6.150000095367432,6.25,6.119999885559082,6.230000019073486,6.230000019073486,467900
2023-11-21,6.159999847412109,6.179999828338623,6.079999923706055,6.079999923706055,6.079999923706055,451300
2023-11-22,6.099999904632568,6.170000076293945,5.980000019073486,6.010000228881836,6.010000228881836,333000
2023-11-24,6.039999961853027,6.039999961853027,5.929999828338623,5.960000038146973,5.960000038146973,255600
2023-11-27,5.96999979019165,5.96999979019165,5.840000152587891,5.889999866485596,5.889999866485596,398200
2023-11-28,5.900000095367432,5.920000076293945,5.75,5.909999847412109,5.909999847412109,536300
2023-11-29,6.0,6.070000171661377,5.840000152587891,5.880000114440918,5.880000114440918,585500
2023-11-30,5.880000114440918,5.929999828338623,5.699999809265137,5.710000038146973,5.710000038146973,802100
2023-12-01,5.699999809265137,5.849999904632568,5.690000057220459,5.78000020980835,5.78000020980835,499400
2023-12-04,5.730000019073486,5.730000019073486,5.550000190734863,5.639999866485596,5.639999866485596,833600
2023-12-05,5.599999904632568,5.679999828338623,5.519999980926514,5.539999961853027,5.539999961853027,595600
2023-12-06,5.510000228881836,5.619999885559082,5.5,5.510000228881836,5.510000228881836,543700
2023-12-07,5.519999980926514,5.590000152587891,5.489999771118164,5.539999961853027,5.539999961853027,856600
2023-12-08,5.53000020980835,5.630000114440918,5.5,5.53000020980835,5.53000020980835,485000
2023-12-11,5.510000228881836,5.579999923706055,5.380000114440918,5.449999809265137,5.449999809265137,1264500
2023-12-12,5.460000038146973,5.46999979019165,5.369999885559082,5.440000057220459,5.440000057220459,785200
2023-12-13,5.449999809265137,5.760000228881836,5.380000114440918,5.690000057220459,5.690000057220459,1186200
2023-12-14,5.820000171661377,5.940000057220459,5.690000057220459,5.900000095367432,5.900000095367432,1439600
2023-12-15,5.949999809265137,6.099999904632568,5.829999923706055,6.079999923706055,6.079999923706055,3473500
2023-12-18,6.099999904632568,6.139999866485596,5.960000038146973,6.119999885559082,6.119999885559082,788600
2023-12-19,6.139999866485596,6.21999979019165,6.110000133514404,6.170000076293945,6.170000076293945,484100
2023-12-20,6.110000133514404,6.25,5.960000038146973,5.960000038146973,5.960000038146973,1258700
2023-12-21,6.03000020980835,6.150000095367432,5.989999771118164,6.059999942779541,6.059999942779541,727200
2023-12-22,6.099999904632568,6.349999904632568,6.099999904632568,6.300000190734863,6.300000190734863,981500
2023-12-26,6.159999847412109,6.389999866485596,6.150000095367432,6.369999885559082,6.369999885559082,726300
2023-12-27,6.369999885559082,6.369999885559082,6.079999923706055,6.150000095367432,6.150000095367432,947300
2023-12-28,6.150000095367432,6.289999961853027,6.119999885559082,6.170000076293945,6.170000076293945,537000
2023-12-29,6.179999828338623,6.230000019073486,6.050000190734863,6.070000171661377,6.070000171661377,670500
